fold,pair,open_date,close_date,profit_ratio,profit_abs,exit_reason,regime,stake_amount
0,ETH/USDT,2021-03-31 03:05:00+00:00,2021-03-31 06:30:00+00:00,0.004726476633521441,0.15596676,exit_signal,sideways,32.96556
0,BNB/USDT,2021-03-31 02:40:00+00:00,2021-03-31 13:30:00+00:00,0.002196985356828682,0.07228666,exit_signal,sideways,32.8697892
0,BTC/USDT,2021-03-31 07:55:00+00:00,2021-03-31 13:40:00+00:00,0.007834019800529888,0.25516302,exit_signal,sideways,32.5386096
0,NEAR/USDT,2021-03-31 02:10:00+00:00,2021-03-31 14:35:00+00:00,0.015691510643271917,0.50965096,exit_signal,sideways,32.44696
0,SOL/USDT,2021-03-31 16:55:00+00:00,2021-03-31 18:35:00+00:00,0.02000049944435178,0.6669716,roi,sideways,33.3144328
0,ZEC/USDT,2021-04-01 07:05:00+00:00,2021-04-01 08:15:00+00:00,0.019997071792245424,0.67031739,roi,sideways,33.48729
0,ADA/USDT,2021-04-01 07:05:00+00:00,2021-04-01 08:35:00+00:00,0.018463964027330613,0.61838953,exit_signal,sideways,33.458241
0,TRX/USDT,2021-04-01 00:40:00+00:00,2021-04-01 08:50:00+00:00,0.020043481049494983,0.67305292,roi,sideways,33.546096
0,SOL/USDT,2021-04-01 09:30:00+00:00,2021-04-01 15:35:00+00:00,-0.006561755397699649,-0.22459014,exit_signal,sideways,34.19295
0,AVAX/USDT,2021-04-01 10:40:00+00:00,2021-04-01 15:50:00+00:00,0.019999189075431842,0.68434466,roi,sideways,34.184436
0,BNB/USDT,2021-04-01 18:15:00+00:00,2021-04-01 18:30:00+00:00,0.02000009914140125,0.68274903,roi,sideways,34.1031791
0,XRP/USDT,2021-04-01 10:30:00+00:00,2021-04-01 23:40:00+00:00,0.020004041371791598,0.68425347,roi,sideways,34.17159
0,UNI/USDT,2021-04-01 17:55:00+00:00,2021-04-02 03:00:00+00:00,0.02000009611092492,0.68557364,roi,sideways,34.244273
0,BNB/USDT,2021-04-02 12:10:00+00:00,2021-04-02 14:40:00+00:00,0.020000105296041525,0.70114078,roi,sideways,35.0218326
0,ZEC/USDT,2021-04-02 13:40:00+00:00,2021-04-02 14:50:00+00:00,0.019973351784347747,0.7000053,roi,sideways,35.01195
0,TRX/USDT,2021-04-02 13:35:00+00:00,2021-04-02 15:10:00+00:00,0.01997276576632909,0.70007245,roi,sideways,35.016336
0,SOL/USDT,2021-04-02 19:10:00+00:00,2021-04-02 22:55:00+00:00,0.01887485389353621,0.67478348,exit_signal,sideways,35.7146802
0,LINK/USDT,2021-04-03 03:45:00+00:00,2021-04-03 06:20:00+00:00,0.020000963354387433,0.71513411,roi,sideways,35.719264
0,TRX/USDT,2021-04-03 06:25:00+00:00,2021-04-03 07:30:00+00:00,0.02004417603509652,0.72577126,roi,sideways,36.172413
0,XRP/USDT,2021-04-03 08:45:00+00:00,2021-04-03 10:45:00+00:00,0.02000432164192422,0.72804989,roi,sideways,36.358272
0,BNB/USDT,2021-04-03 08:45:00+00:00,2021-04-03 11:55:00+00:00,0.019999913333557936,0.72515966,roi,sideways,36.2219182
0,SOL/USDT,2021-04-03 14:05:00+00:00,2021-04-03 19:05:00+00:00,0.019999313895060728,0.7382095,roi,sideways,36.8748664
0,BNB/USDT,2021-04-03 15:00:00+00:00,2021-04-04 02:20:00+00:00,-0.029808737989846904,-1.09343407,exit_signal,sideways,36.6450176
0,BNB/USDT,2021-04-04 12:10:00+00:00,2021-04-04 12:45:00+00:00,0.02000004259918174,0.73206163,roi,sideways,36.5664371
0,BTC/USDT,2021-04-03 08:45:00+00:00,2021-04-04 15:30:00+00:00,-0.012049447907193192,-0.43379921,exit_signal,sideways,35.9656183
0,TRX/USDT,2021-04-04 15:35:00+00:00,2021-04-04 18:25:00+00:00,0.019978955460196565,0.73739647,roi,sideways,36.871788
0,BNB/USDT,2021-04-04 19:25:00+00:00,2021-04-04 20:50:00+00:00,0.01999996029467537,0.74202092,roi,sideways,37.0640556
0,SOL/USDT,2021-04-04 21:25:00+00:00,2021-04-04 22:15:00+00:00,0.0199991078739328,0.74790667,roi,sideways,37.359642
0,LINK/USDT,2021-04-04 19:20:00+00:00,2021-04-05 10:55:00+00:00,-0.007135500605891929,-0.26423868,exit_signal,sideways,36.99456
0,BTC/USDT,2021-04-05 01:10:00+00:00,2021-04-05 12:10:00+00:00,0.002091639289688736,0.07855702,exit_signal,sideways,37.5201125
0,ETH/USDT,2021-04-04 19:25:00+00:00,2021-04-05 12:15:00+00:00,0.0015839370674942742,0.05868324,exit_signal,sideways,37.01196
0,NEAR/USDT,2021-04-05 17:05:00+00:00,2021-04-05 18:35:00+00:00,0.020002795997682253,0.74519491,roi,sideways,37.21732
0,DOGE/USDT,2021-04-05 13:25:00+00:00,2021-04-05 20:10:00+00:00,0.01999998950794239,0.7510439,roi,sideways,37.5147
0,TRX/USDT,2021-04-05 22:40:00+00:00,2021-04-05 22:45:00+00:00,0.020010833969119762,0.76224199,roi,sideways,38.053412
0,TRX/USDT,2021-04-05 22:55:00+00:00,2021-04-05 23:30:00+00:00,0.01997244406774588,0.76600588,roi,sideways,38.314822
0,AVAX/USDT,2021-04-05 23:05:00+00:00,2021-04-06 00:25:00+00:00,0.02000048534571275,0.76559493,roi,sideways,38.240577
0,XRP/USDT,2021-04-06 01:20:00+00:00,2021-04-06 01:30:00+00:00,0.020005532015487788,0.77707959,roi,sideways,38.804431
0,SOL/USDT,2021-04-05 21:35:00+00:00,2021-04-06 04:55:00+00:00,-0.005115009146461886,-0.19488832,exit_signal,sideways,38.063202
0,DOGE/USDT,2021-04-06 07:55:00+00:00,2021-04-06 08:05:00+00:00,0.019999257597347695,0.78057497,roi,sideways,38.9912061
0,NEAR/USDT,2021-04-06 11:00:00+00:00,2021-04-06 11:45:00+00:00,0.020000117233981443,0.7738416,roi,sideways,38.6532
0,AVAX/USDT,2021-04-06 11:00:00+00:00,2021-04-06 12:25:00+00:00,0.01999928804254497,0.78198125,roi,sideways,39.061393
0,BNB/USDT,2021-04-06 14:20:00+00:00,2021-04-06 16:05:00+00:00,0.020000039584881543,0.7927325,roi,sideways,39.5969496
0,ETH/USDT,2021-04-06 07:40:00+00:00,2021-04-06 17:40:00+00:00,0.005803810761970651,0.2264376,exit_signal,sideways,38.976355
0,NEAR/USDT,2021-04-06 21:35:00+00:00,2021-04-06 22:20:00+00:00,0.0200000726436115,0.792915,roi,sideways,39.606
0,ADA/USDT,2021-04-06 20:20:00+00:00,2021-04-07 00:15:00+00:00,0.01999790843887273,0.80089077,roi,sideways,40.008718
0,BNB/USDT,2021-04-07 00:40:00+00:00,2021-04-07 01:30:00+00:00,0.020000067173051715,0.80922723,roi,sideways,40.4208048
0,AVAX/USDT,2021-04-06 14:05:00+00:00,2021-04-07 02:50:00+00:00,-0.015343592907556188,-0.61072415,exit_signal,sideways,39.76344
0,SOL/USDT,2021-04-07 02:35:00+00:00,2021-04-07 03:00:00+00:00,0.020000307971776408,0.81890687,roi,sideways,40.9038092
0,XRP/USDT,2021-04-07 04:20:00+00:00,2021-04-07 04:30:00+00:00,0.020000754027568637,0.81846247,roi,sideways,40.8807
0,XRP/USDT,2021-04-07 07:00:00+00:00,2021-04-07 07:25:00+00:00,0.020002436229877428,0.82414544,roi,sideways,41.161092
0,TRX/USDT,2021-04-07 04:05:00+00:00,2021-04-07 11:25:00+00:00,-0.10178978765101351,-4.17549188,stop_loss,sideways,40.979755
0,SOL/USDT,2021-04-07 11:30:00+00:00,2021-04-07 11:50:00+00:00,0.019998613809265195,0.77376438,roi,sideways,38.6522484
0,ETH/USDT,2021-04-07 01:05:00+00:00,2021-04-07 22:45:00+00:00,-0.038061781584464764,-1.54307406,exit_signal,sideways,40.500798
0,DOGE/USDT,2021-04-08 00:00:00+00:00,2021-04-08 00:40:00+00:00,0.020000592466554633,0.79783677,roi,sideways,39.850806
0,BNB/USDT,2021-04-07 09:10:00+00:00,2021-04-08 03:35:00+00:00,0.009029448845355788,0.37303369,exit_signal,sideways,41.271736
0,XRP/USDT,2021-04-08 03:10:00+00:00,2021-04-08 04:25:00+00:00,0.01999867819355253,0.78123431,roi,sideways,39.025272
0,SOL/USDT,2021-04-08 02:20:00+00:00,2021-04-08 06:00:00+00:00,0.01999989800345443,0.803609,roi,sideways,40.1405144
0,AAVE/USDT,2021-04-08 10:05:00+00:00,2021-04-08 13:20:00+00:00,0.020001106568206004,0.8123148,roi,sideways,40.57292
0,LINK/USDT,2021-04-08 10:00:00+00:00,2021-04-08 13:35:00+00:00,0.01739148794718749,0.70503232,exit_signal,sideways,40.498432
0,UNI/USDT,2021-04-08 09:45:00+00:00,2021-04-08 14:30:00+00:00,0.01833491593386825,0.74766418,exit_signal,sideways,40.737425
0,TRX/USDT,2021-04-08 21:10:00+00:00,2021-04-08 21:45:00+00:00,0.02000810154799209,0.8319571,roi,sideways,41.539472
0,LINK/USDT,2021-04-08 19:55:00+00:00,2021-04-08 22:20:00+00:00,0.013620587687141217,0.56271283,exit_signal,sideways,41.272131
0,AVAX/USDT,2021-04-08 19:55:00+00:00,2021-04-08 23:10:00+00:00,0.00985005908920401,0.4090011,exit_signal,sideways,41.481224
0,BNB/USDT,2021-04-09 03:15:00+00:00,2021-04-09 06:30:00+00:00,0.020000065569492787,0.84129705,roi,sideways,42.0226919
0,NEAR/USDT,2021-04-09 06:00:00+00:00,2021-04-09 11:20:00+00:00,0.019996490228377843,0.8352992,roi,sideways,41.73056
0,DOGE/USDT,2021-04-09 12:40:00+00:00,2021-04-09 21:30:00+00:00,0.00944846711578258,0.40380654,exit_signal,sideways,42.6950882
0,LINK/USDT,2021-04-09 07:05:00+00:00,2021-04-10 01:50:00+00:00,-0.012985763831159394,-0.55014721,exit_signal,sideways,42.323087
0,TRX/USDT,2021-04-09 04:05:00+00:00,2021-04-10 03:25:00+00:00,-0.030605279751504576,-1.29075987,exit_signal,sideways,42.132286
0,DOGE/USDT,2021-04-09 23:00:00+00:00,2021-04-10 05:10:00+00:00,0.019999780425579417,0.85633971,roi,sideways,42.7746809
0,TRX/USDT,2021-04-10 07:25:00+00:00,2021-04-10 09:00:00+00:00,0.01997872593727516,0.84991695,roi,sideways,42.4986
0,NEAR/USDT,2021-04-10 07:30:00+00:00,2021-04-10 09:35:00+00:00,0.019999027351176854,0.84599905,roi,sideways,42.25975
0,LINK/USDT,2021-04-10 12:20:00+00:00,2021-04-11 00:15:00+00:00,-0.008794357338635674,-0.37841227,exit_signal,sideways,42.985999
0,ADA/USDT,2021-04-10 12:40:00+00:00,2021-04-11 00:15:00+00:00,0.006551987211408296,0.28238651,exit_signal,sideways,43.056312
0,ADA/USDT,2021-04-11 05:15:00+00:00,2021-04-11 12:05:00+00:00,0.015688946798145347,0.67478768,exit_signal,sideways,42.96742
0,XRP/USDT,2021-04-11 12:15:00+00:00,2021-04-11 12:35:00+00:00,0.019999239540992995,0.86427408,roi,sideways,43.172175
0,UNI/USDT,2021-04-10 12:35:00+00:00,2021-04-11 12:45:00+00:00,0.00511528392422143,0.22004954,exit_signal,sideways,42.975075
0,AAVE/USDT,2021-04-11 06:00:00+00:00,2021-04-11 15:25:00+00:00,0.01004725080714894,0.42917332,exit_signal,sideways,42.672825
0,ZEC/USDT,2021-04-11 13:35:00+00:00,2021-04-11 15:30:00+00:00,0.01999218706172964,0.86961404,roi,sideways,43.45424
0,SOL/USDT,2021-04-11 22:55:00+00:00,2021-04-12 00:20:00+00:00,0.02000076321193981,0.88121743,roi,sideways,44.015175
0,NEAR/USDT,2021-04-11 16:25:00+00:00,2021-04-12 00:30:00+00:00,-0.0005537363607434952,-0.02413026,exit_signal,sideways,43.53363
0,UNI/USDT,2021-04-11 22:55:00+00:00,2021-04-12 03:30:00+00:00,0.017153938361609083,0.75443962,exit_signal,sideways,43.936612
0,LINK/USDT,2021-04-12 02:45:00+00:00,2021-04-12 06:55:00+00:00,0.014371382494848772,0.63714022,exit_signal,sideways,44.289665
0,AAVE/USDT,2021-04-12 03:15:00+00:00,2021-04-12 07:20:00+00:00,0.019195641041179563,0.847455,exit_signal,sideways,44.1042
0,TRX/USDT,2021-04-12 08:00:00+00:00,2021-04-12 14:55:00+00:00,0.012821909160437638,0.57834067,exit_signal,sideways,45.060599
0,XRP/USDT,2021-04-12 15:15:00+00:00,2021-04-12 18:40:00+00:00,0.019998347732516252,0.90397506,roi,sideways,45.15733
0,AVAX/USDT,2021-04-12 09:40:00+00:00,2021-04-12 18:50:00+00:00,0.019999805051965025,0.89709186,roi,sideways,44.81022
0,TRX/USDT,2021-04-12 23:25:00+00:00,2021-04-13 00:45:00+00:00,0.01997932522085759,0.9167794,roi,sideways,45.840564
0,NEAR/USDT,2021-04-13 03:05:00+00:00,2021-04-13 05:50:00+00:00,0.016564202498058126,0.76520172,exit_signal,bull,46.14996
0,ETH/USDT,2021-04-12 09:45:00+00:00,2021-04-13 06:15:00+00:00,0.013273089234975407,0.59741145,exit_signal,sideways,44.96426
0,ADA/USDT,2021-04-13 05:55:00+00:00,2021-04-13 07:45:00+00:00,0.017934720091562738,0.83119115,exit_signal,bull,46.299066
0,AVAX/USDT,2021-04-13 06:40:00+00:00,2021-04-13 12:05:00+00:00,0.019999327199505368,0.9321588,roi,bull,46.562945
0,BNB/USDT,2021-04-13 02:30:00+00:00,2021-04-13 13:15:00+00:00,-0.00862129819501154,-0.39779607,exit_signal,bull,46.094992
0,ZEC/USDT,2021-04-13 13:55:00+00:00,2021-04-13 16:00:00+00:00,0.019982424369146136,0.93820749,roi,bull,46.90473
0,BNB/USDT,2021-04-13 18:55:00+00:00,2021-04-13 19:10:00+00:00,0.019999934077470506,0.93928125,roi,bull,46.9173
0,ZEC/USDT,2021-04-13 21:15:00+00:00,2021-04-13 23:40:00+00:00,0.019979659329839836,0.9528628,roi,bull,47.644
0,NEAR/USDT,2021-04-13 18:55:00+00:00,2021-04-14 02:20:00+00:00,0.009126126093935665,0.43256077,exit_signal,bull,47.35072
0,BTC/USDT,2021-04-13 18:55:00+00:00,2021-04-14 04:50:00+00:00,0.020000010605706334,0.94185196,roi,bull,47.0455275
0,SOL/USDT,2021-04-14 00:10:00+00:00,2021-04-14 05:25:00+00:00,0.020000577953312983,0.96053489,roi,bull,47.9773793
0,ZEC/USDT,2021-04-14 05:55:00+00:00,2021-04-14 08:25:00+00:00,0.019984036590976542,0.97496916,roi,bull,48.73866
0,XRP/USDT,2021-04-14 08:50:00+00:00,2021-04-14 09:00:00+00:00,0.019997392786140444,0.98150965,roi,bull,49.032848
0,ETH/USDT,2021-04-14 08:50:00+00:00,2021-04-14 11:45:00+00:00,0.016042199989252152,0.78778433,exit_signal,bull,49.057943
0,TRX/USDT,2021-04-14 09:00:00+00:00,2021-04-14 21:40:00+00:00,-0.026202497927793455,-1.29572062,exit_signal,bull,49.40087
0,NEAR/USDT,2021-04-14 14:00:00+00:00,2021-04-15 02:55:00+00:00,0.020006298372623386,0.98543137,roi,bull,49.20685
0,SOL/USDT,2021-04-15 02:35:00+00:00,2021-04-15 06:35:00+00:00,0.02000044144722812,0.98534958,roi,bull,49.2171744
0,LINK/USDT,2021-04-15 10:50:00+00:00,2021-04-15 12:10:00+00:00,0.02000084549094529,0.99204641,roi,bull,49.550673
0,BTC/USDT,2021-04-14 08:50:00+00:00,2021-04-15 13:40:00+00:00,-0.015084139214389882,-0.73244006,exit_signal,bull,48.5084592
0,AVAX/USDT,2021-04-15 09:10:00+00:00,2021-04-15 14:20:00+00:00,0.01293278675602812,0.64146931,exit_signal,bull,49.550688
0,SOL/USDT,2021-04-15 17:20:00+00:00,2021-04-15 19:55:00+00:00,0.019999184903373858,1.0042772,roi,bull,50.1657408
0,ADA/USDT,2021-04-15 18:50:00+00:00,2021-04-15 21:35:00+00:00,0.019997536191501932,1.00239922,roi,bull,50.07606
0,NEAR/USDT,2021-04-15 23:45:00+00:00,2021-04-16 14:00:00+00:00,-0.10178446971548837,-5.13149406,stop_loss,bull,50.36493
0,LINK/USDT,2021-04-16 01:20:00+00:00,2021-04-16 16:20:00+00:00,0.01999881008813429,1.01411158,roi,bull,50.657938
0,DOGE/USDT,2021-04-16 16:30:00+00:00,2021-04-16 16:30:00+00:00,0.01999990168314057,0.98873136,roi,bull,49.3874236
0,XRP/USDT,2021-04-16 23:50:00+00:00,2021-04-17 00:10:00+00:00,0.02000165522071989,0.99682666,roi,bull,49.787421
0,DOGE/USDT,2021-04-17 03:25:00+00:00,2021-04-17 03:45:00+00:00,0.01999995722361017,1.00171306,roi,bull,50.0357244
0,AAVE/USDT,2021-04-16 01:35:00+00:00,2021-04-17 21:10:00+00:00,-0.041967206079522895,-2.12581872,exit_signal,bull,50.603679
0,UNI/USDT,2021-04-17 07:25:00+00:00,2021-04-18 03:10:00+00:00,-0.10179600883783245,-5.11976798,stop_loss,bull,50.244144
0,ETH/USDT,2021-04-17 09:25:00+00:00,2021-04-18 03:15:00+00:00,-0.10179452882797384,-5.13324066,stop_loss,bull,50.377094
0,NEAR/USDT,2021-04-17 23:40:00+00:00,2021-04-18 03:15:00+00:00,-0.1017914601357706,-4.94747574,stop_loss,bull,48.55548
0,DOGE/USDT,2021-04-18 03:25:00+00:00,2021-04-18 03:25:00+00:00,0.01999988455895076,0.89097775,roi,bull,44.50464
0,DOGE/USDT,2021-04-18 03:35:00+00:00,2021-04-18 03:40:00+00:00,0.019999867774017698,0.90093044,roi,bull,45.001818
0,SOL/USDT,2021-04-18 11:50:00+00:00,2021-04-18 12:00:00+00:00,0.01999841994028971,0.90765416,roi,bull,45.3409527
0,UNI/USDT,2021-04-19 00:05:00+00:00,2021-04-19 01:05:00+00:00,0.019998589199256747,0.90792243,roi,bull,45.35397
0,ZEC/USDT,2021-04-19 04:45:00+00:00,2021-04-19 04:45:00+00:00,0.019982360657149787,0.9168738,roi,bull,45.83832
0,XRP/USDT,2021-04-19 08:25:00+00:00,2021-04-19 14:35:00+00:00,-0.10179472391990209,-4.70751217,stop_loss,bull,46.19895
0,BNB/USDT,2021-04-19 14:40:00+00:00,2021-04-19 16:20:00+00:00,0.0199999031963224,0.83187346,roi,bull,41.552322
0,TRX/USDT,2021-04-19 08:25:00+00:00,2021-04-20 00:00:00+00:00,-0.10177021511622097,-4.71095668,stop_loss,bull,46.243888
0,ADA/USDT,2021-04-19 08:30:00+00:00,2021-04-20 00:35:00+00:00,-0.10179662900848438,-4.70729641,stop_loss,bull,46.195968
0,DOGE/USDT,2021-04-20 00:40:00+00:00,2021-04-20 00:40:00+00:00,0.020000085960220067,0.82725644,roi,bull,41.3213229
0,DOGE/USDT,2021-04-20 00:45:00+00:00,2021-04-20 00:45:00+00:00,0.020000128380082718,0.83734897,roi,bull,41.8253544
0,SOL/USDT,2021-04-20 00:00:00+00:00,2021-04-20 04:45:00+00:00,-0.001067428589526381,-0.04443711,exit_signal,bull,41.5884657
0,UNI/USDT,2021-04-19 23:40:00+00:00,2021-04-20 06:50:00+00:00,-0.10179532330801076,-4.32410042,stop_loss,bull,42.435944
0,DOGE/USDT,2021-04-20 09:40:00+00:00,2021-04-20 09:40:00+00:00,0.01999994761438695,0.81378237,roi,bull,40.6485765
0,DOGE/USDT,2021-04-20 09:55:00+00:00,2021-04-20 10:00:00+00:00,0.020000120620362598,0.82322252,roi,bull,41.119758
0,ETH/USDT,2021-04-20 15:20:00+00:00,2021-04-20 16:10:00+00:00,0.01999917821616869,0.82676448,roi,bull,41.298624
0,AAVE/USDT,2021-04-20 15:15:00+00:00,2021-04-20 16:55:00+00:00,0.020000917829813666,0.82793178,roi,bull,41.353336
0,BTC/USDT,2021-04-20 14:55:00+00:00,2021-04-20 19:35:00+00:00,0.019999959728579722,0.8209756,roi,bull,41.0078548
0,SOL/USDT,2021-04-21 01:00:00+00:00,2021-04-21 01:10:00+00:00,0.020000780860930142,0.84690079,roi,bull,42.3010852
0,ETH/USDT,2021-04-21 04:00:00+00:00,2021-04-21 12:20:00+00:00,0.019998241782321777,0.85042288,roi,bull,42.4824
0,NEAR/USDT,2021-04-20 21:20:00+00:00,2021-04-21 14:35:00+00:00,-0.004226357192382176,-0.17876775,exit_signal,bull,42.25605
0,BTC/USDT,2021-04-21 00:55:00+00:00,2021-04-21 14:40:00+00:00,0.007832736856438139,0.32760642,exit_signal,bull,41.7834975
0,NEAR/USDT,2021-04-21 21:20:00+00:00,2021-04-21 22:35:00+00:00,0.01999584647872554,0.85684038,roi,bull,42.80811
0,SOL/USDT,2021-04-21 22:45:00+00:00,2021-04-21 22:50:00+00:00,0.01999927005908119,0.86514513,roi,bull,43.2156197
0,AAVE/USDT,2021-04-21 23:15:00+00:00,2021-04-22 04:30:00+00:00,0.0200003851856973,0.86973544,roi,bull,43.442492
0,AAVE/USDT,2021-04-22 08:45:00+00:00,2021-04-22 09:05:00+00:00,0.01999956411824083,0.87493381,roi,bull_high_vol,43.70394
0,ZEC/USDT,2021-04-21 22:40:00+00:00,2021-04-22 09:55:00+00:00,0.02000565367775178,0.86310031,roi,bull,43.09972
0,BTC/USDT,2021-04-21 17:40:00+00:00,2021-04-22 11:25:00+00:00,-0.00828119183311378,-0.35405276,exit_signal,bull,42.71113
0,BNB/USDT,2021-04-22 17:45:00+00:00,2021-04-22 21:00:00+00:00,-0.10179805804606139,-4.47407665,stop_loss,bull_high_vol,43.9066042
0,AAVE/USDT,2021-04-22 17:45:00+00:00,2021-04-22 21:05:00+00:00,-0.10179820173024681,-4.49407226,stop_loss,bull_high_vol,44.10277
0,ADA/USDT,2021-04-22 21:05:00+00:00,2021-04-22 21:10:00+00:00,0.020003736435159906,0.7977893,roi,bull_high_vol,39.842172
0,LINK/USDT,2021-04-22 21:10:00+00:00,2021-04-22 21:15:00+00:00,0.020000742010304474,0.81081936,roi,bull_high_vol,40.498965
0,NEAR/USDT,2021-04-22 21:15:00+00:00,2021-04-22 21:20:00+00:00,0.019995328664330417,0.8256129,roi,bull_high_vol,41.24904
0,ETH/USDT,2021-04-22 21:00:00+00:00,2021-04-22 23:10:00+00:00,0.019999475876866554,0.79773209,roi,bull_high_vol,39.847802
0,BTC/USDT,2021-04-22 17:50:00+00:00,2021-04-23 05:15:00+00:00,-0.1017980350220967,-4.49844535,stop_loss,bull_high_vol,44.1457578
0,DOGE/USDT,2021-04-23 13:00:00+00:00,2021-04-23 13:10:00+00:00,0.0199999526716092,0.81519756,roi,bull_high_vol,40.7192552
0,DOGE/USDT,2021-04-23 13:45:00+00:00,2021-04-23 13:50:00+00:00,0.020000101855548746,0.82300501,roi,bull_high_vol,41.108932
0,AVAX/USDT,2021-04-24 00:45:00+00:00,2021-04-24 01:45:00+00:00,0.019998649098266385,0.82736921,roi,bull_high_vol,41.329925
0,AAVE/USDT,2021-04-24 00:45:00+00:00,2021-04-24 02:40:00+00:00,0.019999543651897746,0.82636258,roi,bull_high_vol,41.277794
0,LINK/USDT,2021-04-24 02:15:00+00:00,2021-04-24 02:40:00+00:00,0.01999954852058365,0.83201472,roi,bull_high_vol,41.560115
0,ETH/USDT,2021-04-24 00:45:00+00:00,2021-04-24 03:00:00+00:00,0.020000238776076908,0.82890198,roi,bull_high_vol,41.403201
0,XRP/USDT,2021-04-24 10:10:00+00:00,2021-04-25 08:50:00+00:00,-0.030085046532414953,-1.2787704,exit_signal,bull_high_vol,42.46272
0,TRX/USDT,2021-04-24 10:15:00+00:00,2021-04-25 08:50:00+00:00,-0.03242770345156141,-1.37961793,exit_signal,bull_high_vol,42.501921
0,ADA/USDT,2021-04-24 10:35:00+00:00,2021-04-25 08:50:00+00:00,-0.009427297386111618,-0.40074113,exit_signal,bull_high_vol,42.466125
0,DOGE/USDT,2021-04-25 08:50:00+00:00,2021-04-25 18:20:00+00:00,-0.10179820179820179,-4.212546,stop_loss,bull_high_vol,41.34
0,XRP/USDT,2021-04-25 18:25:00+00:00,2021-04-25 21:30:00+00:00,-0.10179820169850745,-4.08441286,stop_loss,bull_high_vol,40.08256
0,ETH/USDT,2021-04-25 21:35:00+00:00,2021-04-25 22:00:00+00:00,0.020001018411764018,0.72279554,roi,bull_high_vol,36.101835
0,ZEC/USDT,2021-04-25 18:25:00+00:00,2021-04-25 23:35:00+00:00,-0.014311803777787685,-0.57282615,exit_signal,bull_high_vol,39.98475
0,TRX/USDT,2021-04-25 18:20:00+00:00,2021-04-26 01:35:00+00:00,0.016600654024725565,0.66628217,exit_signal,bull_high_vol,40.095803
0,SOL/USDT,2021-04-26 11:05:00+00:00,2021-04-26 13:30:00+00:00,0.019999417955233523,0.78094538,roi,bull_high_vol,39.009396
0,LINK/USDT,2021-04-26 20:30:00+00:00,2021-04-26 23:35:00+00:00,0.020000809287571836,0.78442535,roi,bull_high_vol,39.1805
0,BNB/USDT,2021-04-26 20:30:00+00:00,2021-04-27 05:40:00+00:00,0.01559697232284629,0.61271778,exit_signal,bull_high_vol,39.24516
0,ETH/USDT,2021-04-27 03:25:00+00:00,2021-04-27 06:00:00+00:00,0.019999022589944113,0.79066327,roi,bull_high_vol,39.4956
0,BTC/USDT,2021-04-26 20:30:00+00:00,2021-04-27 06:05:00+00:00,0.014220189218047031,0.55279786,exit_signal,bull_high_vol,38.8353211
0,UNI/USDT,2021-04-27 13:40:00+00:00,2021-04-27 15:35:00+00:00,0.020001035856846133,0.79939896,roi,bull_high_vol,39.92795
0,DOGE/USDT,2021-04-27 13:40:00+00:00,2021-04-27 21:25:00+00:00,0.015871690867056944,0.63427916,exit_signal,bull_high_vol,39.923
0,SOL/USDT,2021-04-27 11:25:00+00:00,2021-04-27 21:40:00+00:00,-0.007757895316898322,-0.3117389,exit_signal,bull_high_vol,40.143294
0,ETH/USDT,2021-04-28 03:00:00+00:00,2021-04-28 11:10:00+00:00,0.0008976786635228548,0.03624683,exit_signal,bull_high_vol,40.338064
0,BTC/USDT,2021-04-28 03:05:00+00:00,2021-04-28 11:30:00+00:00,-0.005258795281919977,-0.21172498,exit_signal,bull_high_vol,40.2208976
0,AAVE/USDT,2021-04-28 20:20:00+00:00,2021-04-28 20:35:00+00:00,0.01999951469964248,0.80718361,roi,bull_high_vol,40.31984
0,NEAR/USDT,2021-04-28 03:00:00+00:00,2021-04-29 07:20:00+00:00,-0.032801019720083896,-1.3293232,exit_signal,bull_high_vol,40.4864
0,BNB/USDT,2021-04-29 04:45:00+00:00,2021-04-29 07:25:00+00:00,0.019999964691892556,0.80570588,roi,bull_high_vol,40.24512
0,ZEC/USDT,2021-04-29 04:45:00+00:00,2021-04-29 09:15:00+00:00,0.020003081504229234,0.81367088,roi,bull_high_vol,40.63664
0,BTC/USDT,2021-04-29 13:25:00+00:00,2021-04-30 04:15:00+00:00,0.001993303665635352,0.08062169,exit_signal,bull_high_vol,40.40586
0,TRX/USDT,2021-04-29 13:25:00+00:00,2021-04-30 04:15:00+00:00,-0.0068070608826806085,-0.27840257,exit_signal,bull_high_vol,40.858228
0,ZEC/USDT,2021-04-29 13:25:00+00:00,2021-04-30 06:25:00+00:00,0.01765414006882466,0.72182352,exit_signal,bull_high_vol,40.84608
0,ADA/USDT,2021-04-30 11:00:00+00:00,2021-04-30 16:05:00+00:00,0.0200030645070192,0.82022494,roi,bull_high_vol,40.964
0,NEAR/USDT,2021-04-30 10:30:00+00:00,2021-04-30 17:05:00+00:00,0.020001780064655493,0.81315744,roi,bull_high_vol,40.61364
0,BNB/USDT,2021-04-30 11:00:00+00:00,2021-04-30 18:35:00+00:00,0.020000028068255817,0.81430183,roi,bull_high_vol,40.67436
0,ZEC/USDT,2021-04-30 20:10:00+00:00,2021-04-30 22:45:00+00:00,0.011268086509485999,0.46951464,exit_signal,bull_high_vol,41.62602
0,AVAX/USDT,2021-05-01 07:55:00+00:00,2021-05-01 08:25:00+00:00,0.020005332707259234,0.83675875,roi,bull,41.785
0,UNI/USDT,2021-05-01 09:00:00+00:00,2021-05-01 17:40:00+00:00,0.011594297402262295,0.48777172,exit_signal,bull,42.02794
0,NEAR/USDT,2021-05-01 07:00:00+00:00,2021-05-01 20:50:00+00:00,-0.007689787372661485,-0.322088,exit_signal,bull,41.84332
0,BNB/USDT,2021-05-01 07:15:00+00:00,2021-05-02 10:55:00+00:00,-0.015200991820994707,-0.63576099,exit_signal,bull,41.78187
0,AAVE/USDT,2021-05-02 03:35:00+00:00,2021-05-02 13:05:00+00:00,0.0054567661816937296,0.23016868,exit_signal,bull,42.13828
0,ZEC/USDT,2021-05-02 00:45:00+00:00,2021-05-02 20:30:00+00:00,-0.022312362194019,-0.93986544,exit_signal,bull,42.081
0,SOL/USDT,2021-05-02 21:45:00+00:00,2021-05-03 00:55:00+00:00,0.01546745885838416,0.64784292,exit_signal,bull,41.842408
0,AVAX/USDT,2021-05-02 22:15:00+00:00,2021-05-03 01:45:00+00:00,0.020011407671588023,0.83568276,roi,bull,41.7186
0,ADA/USDT,2021-05-02 22:15:00+00:00,2021-05-03 03:00:00+00:00,0.015398982263510027,0.644171,exit_signal,bull,41.79026
0,LINK/USDT,2021-05-03 12:35:00+00:00,2021-05-03 17:00:00+00:00,0.019999121729081082,0.85165424,roi,bull,42.54204
0,AAVE/USDT,2021-05-03 12:25:00+00:00,2021-05-03 17:35:00+00:00,0.01999955495100921,0.85246246,roi,bull,42.58149
0,DOGE/USDT,2021-05-04 00:50:00+00:00,2021-05-04 01:10:00+00:00,0.020000483234523712,0.86308005,roi,bull,43.10985
0,UNI/USDT,2021-05-03 10:25:00+00:00,2021-05-04 05:00:00+00:00,-0.04784633549935462,-2.0265628,exit_signal,bull,42.31334
0,LINK/USDT,2021-05-04 01:10:00+00:00,2021-05-04 06:40:00+00:00,0.02000085858581833,0.86675546,roi,bull,43.29262
0,SOL/USDT,2021-05-04 08:15:00+00:00,2021-05-04 09:45:00+00:00,0.020002569010122144,0.86175306,roi,bull,43.03908
0,TRX/USDT,2021-05-03 19:15:00+00:00,2021-05-04 10:15:00+00:00,-0.0297642932698117,-1.28550853,exit_signal,bull,43.146474
0,ADA/USDT,2021-05-04 14:40:00+00:00,2021-05-04 18:55:00+00:00,0.011259361583736003,0.48303492,exit_signal,bull,42.85788
0,TRX/USDT,2021-05-04 14:10:00+00:00,2021-05-05 01:05:00+00:00,-0.0056107516382992145,-0.24093847,exit_signal,bull,42.899381
0,SOL/USDT,2021-05-04 14:40:00+00:00,2021-05-05 01:05:00+00:00,-0.001953427443054277,-0.08388248,exit_signal,bull,42.898282
0,DOGE/USDT,2021-05-05 08:25:00+00:00,2021-05-05 08:30:00+00:00,0.019995429189207978,0.84797428,roi,bull_high_vol,42.36604
0,DOGE/USDT,2021-05-05 14:20:00+00:00,2021-05-05 14:25:00+00:00,0.019994074527552152,0.85497159,roi,bull_high_vol,42.71853
0,LINK/USDT,2021-05-05 14:05:00+00:00,2021-05-05 16:05:00+00:00,0.020000322110226117,0.86437642,roi,bull_high_vol,43.17495
0,DOGE/USDT,2021-05-05 16:05:00+00:00,2021-05-05 16:05:00+00:00,0.020008736051047808,0.87284028,roi,bull_high_vol,43.57938
0,ETH/USDT,2021-05-05 14:25:00+00:00,2021-05-05 16:20:00+00:00,0.019998900219516114,0.86476139,roi,bull_high_vol,43.19725
0,DOGE/USDT,2021-05-05 16:10:00+00:00,2021-05-05 16:25:00+00:00,0.01999744249339176,0.87319516,roi,bull_high_vol,43.62172
0,SOL/USDT,2021-05-05 11:55:00+00:00,2021-05-05 17:15:00+00:00,0.019994975717586388,0.86516286,roi,bull_high_vol,43.225787
0,AVAX/USDT,2021-05-06 03:40:00+00:00,2021-05-06 04:25:00+00:00,0.019994399670317617,0.89864109,roi,bull,44.89974
0,XRP/USDT,2021-05-06 06:35:00+00:00,2021-05-06 10:10:00+00:00,0.01999602607337414,0.90318897,roi,bull,45.1233
0,ETH/USDT,2021-05-06 06:40:00+00:00,2021-05-06 10:15:00+00:00,0.020001139647416375,0.90206371,roi,bull,45.05556
0,TRX/USDT,2021-05-06 06:15:00+00:00,2021-05-06 11:40:00+00:00,0.019967930203173303,0.90433766,roi,bull,45.24426
0,AVAX/USDT,2021-05-06 13:25:00+00:00,2021-05-06 16:25:00+00:00,0.019993162581820857,0.91845375,roi,bull,45.8925
0,BTC/USDT,2021-05-06 14:10:00+00:00,2021-05-07 12:40:00+00:00,0.004155864087451799,0.18985742,exit_signal,bull,45.638584
0,ETH/USDT,2021-05-06 18:35:00+00:00,2021-05-07 13:05:00+00:00,0.005366490748798615,0.24873035,exit_signal,bull,46.302487
0,TRX/USDT,2021-05-07 14:10:00+00:00,2021-05-07 14:50:00+00:00,0.02002384994836121,0.93384396,roi,sideways,46.589994
0,ZEC/USDT,2021-05-07 14:10:00+00:00,2021-05-07 15:00:00+00:00,0.02000600940472815,0.9298882,roi,sideways,46.43401
0,BNB/USDT,2021-05-06 13:10:00+00:00,2021-05-07 17:20:00+00:00,-0.000190986860983427,-0.00881856,exit_signal,bull,46.12752
0,AVAX/USDT,2021-05-07 18:05:00+00:00,2021-05-07 18:30:00+00:00,0.0200077484772767,0.94424662,roi,sideways,47.1469
0,LINK/USDT,2021-05-07 19:25:00+00:00,2021-05-07 20:10:00+00:00,0.019999998869366233,0.94814074,roi,sideways,47.35968
0,NEAR/USDT,2021-05-07 18:05:00+00:00,2021-05-08 00:20:00+00:00,0.019998931266002586,0.93930422,roi,sideways,46.9208
0,ETH/USDT,2021-05-07 21:15:00+00:00,2021-05-08 01:20:00+00:00,0.018375375855621812,0.87396191,exit_signal,sideways,47.514066
0,BNB/USDT,2021-05-07 19:25:00+00:00,2021-05-08 03:00:00+00:00,0.011596538144574021,0.5445405,exit_signal,sideways,46.91025
0,DOGE/USDT,2021-05-08 07:10:00+00:00,2021-05-08 07:45:00+00:00,0.020001433349259436,0.9670353,roi,sideways,48.3
0,DOGE/USDT,2021-05-08 15:40:00+00:00,2021-05-08 15:40:00+00:00,0.020001260367085428,0.9733016,roi,sideways,48.6134
0,BTC/USDT,2021-05-08 15:55:00+00:00,2021-05-08 18:10:00+00:00,0.019999940308127725,0.98390656,roi,sideways,49.1463285
0,SOL/USDT,2021-05-09 03:35:00+00:00,2021-05-09 05:00:00+00:00,0.020010222748974304,0.99294608,roi,sideways,49.572368
0,NEAR/USDT,2021-05-08 10:45:00+00:00,2021-05-09 09:00:00+00:00,-0.02525636366800859,-1.23356912,exit_signal,sideways,48.79312
0,LINK/USDT,2021-05-09 12:10:00+00:00,2021-05-09 14:10:00+00:00,0.019998963721816282,0.98864468,roi,sideways,49.38541
0,TRX/USDT,2021-05-08 15:35:00+00:00,2021-05-09 14:50:00+00:00,-0.043018327630359565,-2.10678548,exit_signal,sideways,48.925212
0,ETH/USDT,2021-05-09 12:00:00+00:00,2021-05-09 16:05:00+00:00,0.01955035144256986,0.96490074,exit_signal,sideways,49.305344
0,ADA/USDT,2021-05-09 19:45:00+00:00,2021-05-09 20:50:00+00:00,0.019999801313881033,0.98763845,roi,sideways,49.33308
0,AAVE/USDT,2021-05-09 19:20:00+00:00,2021-05-10 00:30:00+00:00,0.01999960421509591,0.9882243,roi,sideways,49.36283
0,ADA/USDT,2021-05-10 00:30:00+00:00,2021-05-10 01:25:00+00:00,0.020001556259501698,1.00061279,roi,sideways_high_vol,49.97677
0,ETH/USDT,2021-05-09 19:25:00+00:00,2021-05-10 01:45:00+00:00,0.0200011087524602,0.98842906,roi,sideways,49.369344
0,DOGE/USDT,2021-05-10 02:45:00+00:00,2021-05-10 02:55:00+00:00,0.019995559292517246,1.0099877,roi,sideways_high_vol,50.46014
0,DOGE/USDT,2021-05-10 03:35:00+00:00,2021-05-10 03:55:00+00:00,0.019995204887819227,1.01558086,roi,sideways_high_vol,50.74048
0,BTC/USDT,2021-05-10 08:00:00+00:00,2021-05-10 16:05:00+00:00,-0.0017548711044269413,-0.09023041,exit_signal,sideways_high_vol,51.3657496
0,UNI/USDT,2021-05-10 08:10:00+00:00,2021-05-10 16:15:00+00:00,-0.005044421387904762,-0.25831936,exit_signal,sideways_high_vol,51.15776
0,ZEC/USDT,2021-05-10 17:55:00+00:00,2021-05-10 20:00:00+00:00,-0.10177226956491606,-5.20658668,stop_loss,sideways_high_vol,51.10808
0,SOL/USDT,2021-05-10 09:20:00+00:00,2021-05-10 20:05:00+00:00,-0.10177808476825782,-5.23570793,stop_loss,sideways_high_vol,51.390999
0,ZEC/USDT,2021-05-10 20:05:00+00:00,2021-05-10 20:30:00+00:00,0.019998806026420003,0.95763236,roi,sideways_high_vol,47.83664
0,ETH/USDT,2021-05-10 19:45:00+00:00,2021-05-11 09:55:00+00:00,-0.01102612649354635,-0.5632704,exit_signal,sideways_high_vol,51.034032
0,DOGE/USDT,2021-05-11 12:20:00+00:00,2021-05-11 12:45:00+00:00,0.01999453757403921,0.95580639,roi,sideways,47.75562
0,XRP/USDT,2021-05-11 12:20:00+00:00,2021-05-11 14:15:00+00:00,0.02000842322736821,0.9604354,roi,sideways,47.9536
0,AAVE/USDT,2021-05-11 12:20:00+00:00,2021-05-11 14:20:00+00:00,0.02000074267928925,0.95776794,roi,sideways,47.83878
0,AAVE/USDT,2021-05-11 17:00:00+00:00,2021-05-11 19:00:00+00:00,0.01999951479090844,0.97768261,roi,sideways,48.83648
0,DOGE/USDT,2021-05-11 23:30:00+00:00,2021-05-12 01:45:00+00:00,0.020008122071273136,0.97834572,roi,sideways,48.84858
0,TRX/USDT,2021-05-12 07:10:00+00:00,2021-05-12 19:10:00+00:00,-0.10173413149962424,-5.04955207,stop_loss,sideways_high_vol,49.585203
0,SOL/USDT,2021-05-12 19:15:00+00:00,2021-05-12 19:15:00+00:00,0.02001058311037625,0.9004102,roi,sideways_high_vol,44.951748
0,XRP/USDT,2021-05-12 06:20:00+00:00,2021-05-12 22:10:00+00:00,-0.10176479028169688,-5.05097164,stop_loss,sideways_high_vol,49.5842
0,NEAR/USDT,2021-05-12 22:40:00+00:00,2021-05-12 22:45:00+00:00,0.0199990285372865,0.92232925,roi,sideways_high_vol,46.07263
0,LINK/USDT,2021-05-12 06:25:00+00:00,2021-05-12 23:25:00+00:00,-0.10179820187941852,-5.01365731,stop_loss,sideways_high_vol,49.20174
0,ZEC/USDT,2021-05-12 23:40:00+00:00,2021-05-12 23:55:00+00:00,-0.1017949866891589,-4.5863181,stop_loss,sideways_high_vol,45.00945
0,AAVE/USDT,2021-05-13 00:00:00+00:00,2021-05-13 00:00:00+00:00,-0.10179820168383118,-4.45036531,stop_loss,bull_high_vol,43.67385
0,AAVE/USDT,2021-05-13 00:05:00+00:00,2021-05-13 00:05:00+00:00,0.019999869795423078,0.83664717,roi,bull_high_vol,41.79084
0,AAVE/USDT,2021-05-13 08:15:00+00:00,2021-05-13 09:50:00+00:00,-0.10179645521018012,-4.3083987,stop_loss,bull_high_vol,42.28138
0,ADA/USDT,2021-05-13 09:55:00+00:00,2021-05-13 10:00:00+00:00,0.019998700961241237,0.82196981,roi,bull_high_vol,41.0601
0,AAVE/USDT,2021-05-13 09:55:00+00:00,2021-05-13 10:00:00+00:00,0.019999351135503548,0.81938641,roi,bull_high_vol,40.92972
0,NEAR/USDT,2021-05-13 17:30:00+00:00,2021-05-13 17:45:00+00:00,0.01999304811945342,0.8322163,roi,bull_high_vol,41.5837
0,LINK/USDT,2021-05-13 17:00:00+00:00,2021-05-13 22:30:00+00:00,0.019999985864346568,0.82627887,roi,bull_high_vol,41.2727
0,NEAR/USDT,2021-05-14 12:20:00+00:00,2021-05-14 15:20:00+00:00,0.02000706861496138,0.84266925,roi,bull_high_vol,42.0765
0,AAVE/USDT,2021-05-14 20:30:00+00:00,2021-05-14 22:00:00+00:00,0.020000174824698593,0.83993443,roi,bull_high_vol,41.9544
0,DOGE/USDT,2021-05-15 03:15:00+00:00,2021-05-15 13:10:00+00:00,-0.0026901366145241617,-0.114932,exit_signal,bull_high_vol,42.6808
0,SOL/USDT,2021-05-14 20:30:00+00:00,2021-05-15 18:35:00+00:00,-0.020121182184740873,-0.85437145,exit_signal,bull_high_vol,42.418876
0,NEAR/USDT,2021-05-15 16:05:00+00:00,2021-05-15 20:15:00+00:00,0.019995674197197482,0.84641304,roi,bull_high_vol,42.28752
0,ADA/USDT,2021-05-15 23:35:00+00:00,2021-05-16 00:10:00+00:00,0.01999885142820872,0.85154784,roi,bull_high_vol,42.5373
0,BTC/USDT,2021-05-14 20:30:00+00:00,2021-05-16 06:15:00+00:00,-0.010482809661475157,-0.44361523,exit_signal,bull_high_vol,42.276076
0,DOGE/USDT,2021-05-16 12:35:00+00:00,2021-05-16 17:40:00+00:00,0.01999711450561257,0.85275818,roi,bull_high_vol,42.60146
0,XRP/USDT,2021-05-16 11:55:00+00:00,2021-05-16 19:05:00+00:00,-0.10175288809264292,-4.34971161,stop_loss,bull_high_vol,42.70509
0,ZEC/USDT,2021-05-16 11:55:00+00:00,2021-05-16 19:05:00+00:00,-0.10177001761299982,-4.35759424,stop_loss,bull_high_vol,42.77528
0,UNI/USDT,2021-05-17 14:20:00+00:00,2021-05-17 19:25:00+00:00,-0.0049932584388716564,-0.20069595,exit_signal,bull_high_vol,40.15323
0,DOGE/USDT,2021-05-17 14:15:00+00:00,2021-05-17 20:20:00+00:00,0.0199906557321006,0.79836676,roi,bull_high_vol,39.8971
0,ETH/USDT,2021-05-17 14:20:00+00:00,2021-05-17 20:35:00+00:00,0.019998660769936845,0.80316325,roi,bull_high_vol,40.120731
0,XRP/USDT,2021-05-17 22:50:00+00:00,2021-05-17 23:00:00+00:00,0.020027342887432267,0.81353331,roi,bull_high_vol,40.58055
0,ADA/USDT,2021-05-18 12:50:00+00:00,2021-05-18 17:20:00+00:00,0.01999909667672664,0.81969609,roi,bull_high_vol,40.94571
0,LINK/USDT,2021-05-18 23:10:00+00:00,2021-05-18 23:25:00+00:00,0.019999649470265512,0.82337934,roi,bull_high_vol,41.12856
0,NEAR/USDT,2021-05-18 12:10:00+00:00,2021-05-19 01:45:00+00:00,-0.1017829363824367,-4.13640855,stop_loss,bull_high_vol,40.59891
0,BTC/USDT,2021-05-18 12:40:00+00:00,2021-05-19 04:20:00+00:00,-0.1017981117904819,-4.15789262,stop_loss,bull_high_vol,40.8036928
0,ZEC/USDT,2021-05-19 01:45:00+00:00,2021-05-19 04:25:00+00:00,-0.10177730998329701,-3.86907738,stop_loss,bull_high_vol,37.97715
0,TRX/USDT,2021-05-19 01:20:00+00:00,2021-05-19 04:40:00+00:00,-0.10178938630488847,-4.22646064,stop_loss,bull_high_vol,41.480144
0,ADA/USDT,2021-05-19 20:45:00+00:00,2021-05-19 21:40:00+00:00,0.02000054873058379,0.72155421,roi,bull_high_vol,36.04068
0,BTC/USDT,2021-05-19 23:55:00+00:00,2021-05-20 00:05:00+00:00,0.020000097778939404,0.72271622,roi,bull_high_vol,36.0995348
0,NEAR/USDT,2021-05-20 16:05:00+00:00,2021-05-20 18:25:00+00:00,0.01999597652650625,0.72863264,roi,bull_high_vol,36.40256
0,AVAX/USDT,2021-05-20 16:05:00+00:00,2021-05-20 19:25:00+00:00,0.01999589010452227,0.72997656,roi,bull_high_vol,36.46986
0,UNI/USDT,2021-05-20 16:05:00+00:00,2021-05-20 22:50:00+00:00,0.02000051660642005,0.72971942,roi,bull_high_vol,36.44858
0,ETH/USDT,2021-05-20 22:40:00+00:00,2021-05-20 22:50:00+00:00,0.019999811299054204,0.73966075,roi,bull_high_vol,36.94644
0,TRX/USDT,2021-05-20 22:40:00+00:00,2021-05-20 22:50:00+00:00,0.0200490003250108,0.74334683,roi,bull_high_vol,37.039464
0,ADA/USDT,2021-05-21 02:25:00+00:00,2021-05-21 14:15:00+00:00,-0.10179820166546837,-3.83468551,stop_loss,bull_high_vol,37.63185
0,AAVE/USDT,2021-05-21 04:15:00+00:00,2021-05-21 14:15:00+00:00,-0.1017982018775959,-3.84656502,stop_loss,bull_high_vol,37.74843
0,LINK/USDT,2021-05-21 04:15:00+00:00,2021-05-21 14:25:00+00:00,-0.1017982019309991,-3.83284113,stop_loss,bull_high_vol,37.61375
0,BTC/USDT,2021-05-21 14:20:00+00:00,2021-05-21 21:05:00+00:00,-0.10179809931772767,-3.57245307,stop_loss,bull_high_vol,35.058456
0,AAVE/USDT,2021-05-22 14:45:00+00:00,2021-05-22 14:50:00+00:00,0.019998959591956748,0.65555483,roi,bull_high_vol,32.7467
0,DOGE/USDT,2021-05-22 14:45:00+00:00,2021-05-22 15:35:00+00:00,0.0199947552007257,0.65393472,roi,bull_high_vol,32.67264
0,ETH/USDT,2021-05-22 15:15:00+00:00,2021-05-22 15:35:00+00:00,0.020002128942446226,0.65967602,roi,bull_high_vol,32.947343
0,BNB/USDT,2021-05-22 17:35:00+00:00,2021-05-22 19:05:00+00:00,0.02000727297863534,0.6654164,roi,bull_high_vol,33.2255
0,ETH/USDT,2021-05-22 17:45:00+00:00,2021-05-22 20:20:00+00:00,0.020000771630612958,0.66727869,roi,bull_high_vol,33.329318
0,NEAR/USDT,2021-05-22 17:35:00+00:00,2021-05-22 21:50:00+00:00,0.020014458618065036,0.6678724,roi,bull_high_vol,33.33616
0,TRX/USDT,2021-05-23 00:05:00+00:00,2021-05-23 00:15:00+00:00,0.02005729077552282,0.68462743,roi,bull_high_vol,34.099495
0,BTC/USDT,2021-05-23 00:05:00+00:00,2021-05-23 00:30:00+00:00,0.020000028771934363,0.67825082,roi,bull_high_vol,33.8786136
0,AVAX/USDT,2021-05-24 04:45:00+00:00,2021-05-24 04:45:00+00:00,0.019971011616681952,0.69044416,roi,bull_high_vol,34.53778
0,BTC/USDT,2021-05-24 04:45:00+00:00,2021-05-24 05:00:00+00:00,0.020000097523476628,0.68919126,roi,bull_high_vol,34.42497
0,DOGE/USDT,2021-05-25 03:00:00+00:00,2021-05-25 04:10:00+00:00,0.019994531551355027,0.69441439,roi,bull_high_vol,34.69552
0,AAVE/USDT,2021-05-25 01:45:00+00:00,2021-05-25 10:05:00+00:00,-0.10179820188429578,-3.54722358,stop_loss,bull_high_vol,34.81083
0,SOL/USDT,2021-05-25 03:00:00+00:00,2021-05-25 10:10:00+00:00,-0.10177467748939614,-3.56395065,stop_loss,bull_high_vol,34.983066
0,ETH/USDT,2021-05-25 10:10:00+00:00,2021-05-25 13:20:00+00:00,0.01999981986081614,0.65640208,roi,bull_high_vol,32.787612
0,ADA/USDT,2021-05-25 10:10:00+00:00,2021-05-25 13:40:00+00:00,0.01999717391949841,0.65738872,roi,bull_high_vol,32.84124
0,XRP/USDT,2021-05-25 10:10:00+00:00,2021-05-25 14:20:00+00:00,0.020051377194234336,0.65875392,roi,bull_high_vol,32.82048
0,BNB/USDT,2021-05-26 13:20:00+00:00,2021-05-26 16:05:00+00:00,0.020006874698107295,0.67101028,roi,bull_high_vol,33.50548
0,XRP/USDT,2021-05-26 13:20:00+00:00,2021-05-26 21:00:00+00:00,0.011086291610711146,0.37146475,exit_signal,bull_high_vol,33.4732
0,ETH/USDT,2021-05-26 13:20:00+00:00,2021-05-26 21:50:00+00:00,0.020001505457080886,0.66830635,roi,bull_high_vol,33.379423
0,SOL/USDT,2021-05-27 01:15:00+00:00,2021-05-27 08:50:00+00:00,0.020010574632880487,0.68269875,roi,bull_high_vol,34.082816
0,BNB/USDT,2021-05-27 00:35:00+00:00,2021-05-27 09:25:00+00:00,0.019996304894939566,0.68214954,roi,bull_high_vol,34.0797
0,TRX/USDT,2021-05-27 01:20:00+00:00,2021-05-27 11:15:00+00:00,0.02004345247740115,0.68415219,roi,bull_high_vol,34.099351
0,LINK/USDT,2021-05-27 16:40:00+00:00,2021-05-27 17:15:00+00:00,0.020001297022138785,0.69594073,roi,bull_high_vol,34.76002
0,SOL/USDT,2021-05-27 16:10:00+00:00,2021-05-27 17:45:00+00:00,0.019997270246589757,0.69603336,roi,bull_high_vol,34.771647
0,NEAR/USDT,2021-05-27 19:05:00+00:00,2021-05-28 00:00:00+00:00,0.019991194901059002,0.70133364,roi,bull_high_vol,35.04708
0,XRP/USDT,2021-05-27 19:05:00+00:00,2021-05-28 06:30:00+00:00,-0.1017266750859461,-3.5804088,stop_loss,bull_high_vol,35.1612
0,BTC/USDT,2021-05-27 16:40:00+00:00,2021-05-28 21:00:00+00:00,-0.10179817613833789,-3.52252915,stop_loss,bull_high_vol,34.5684989
0,XRP/USDT,2021-05-28 20:45:00+00:00,2021-05-28 23:45:00+00:00,0.019967374397754145,0.68530179,roi,bull_high_vol,34.28679
0,UNI/USDT,2021-05-28 20:50:00+00:00,2021-05-29 00:50:00+00:00,0.020012821060141604,0.6813287,roi,bull_high_vol,34.0106
0,DOGE/USDT,2021-05-29 05:00:00+00:00,2021-05-29 05:15:00+00:00,0.020015089060785814,0.67001796,roi,bull,33.4422
0,NEAR/USDT,2021-05-28 21:25:00+00:00,2021-05-29 14:35:00+00:00,-0.10177075399847677,-3.14106408,stop_loss,bull_high_vol,30.83328
0,ADA/USDT,2021-05-29 07:40:00+00:00,2021-05-29 17:45:00+00:00,-0.10179820167962095,-3.43388326,stop_loss,bull,33.69856
0,XRP/USDT,2021-05-29 07:45:00+00:00,2021-05-29 17:45:00+00:00,-0.10176479773712843,-3.4421231,stop_loss,bull,33.79051
0,ZEC/USDT,2021-05-30 14:30:00+00:00,2021-05-30 15:50:00+00:00,0.019971655058426616,0.6069148,roi,bull,30.35845
0,DOGE/USDT,2021-05-30 14:25:00+00:00,2021-05-30 16:15:00+00:00,0.02001254747138447,0.60684594,roi,bull,30.29298
0,AVAX/USDT,2021-05-30 14:25:00+00:00,2021-05-30 16:20:00+00:00,0.019983627132932065,0.608292,roi,bull,30.40911
0,ADA/USDT,2021-05-30 22:35:00+00:00,2021-05-31 00:05:00+00:00,0.019998287599538325,0.62075023,roi,bull,31.00916
0,AVAX/USDT,2021-05-30 22:35:00+00:00,2021-05-31 06:40:00+00:00,0.00017576808477098892,0.00546704,exit_signal,bull,31.07264
0,LINK/USDT,2021-05-30 22:40:00+00:00,2021-05-31 07:05:00+00:00,0.009314548251689427,0.28881672,exit_signal,bull,30.97608
0,UNI/USDT,2021-05-31 01:20:00+00:00,2021-05-31 07:05:00+00:00,0.005878728872212501,0.18319266,exit_signal,bull,31.13082
0,ZEC/USDT,2021-05-31 12:45:00+00:00,2021-05-31 13:20:00+00:00,0.020006026647014827,0.62722816,roi,bull,31.32064
0,XRP/USDT,2021-05-31 14:25:00+00:00,2021-05-31 15:00:00+00:00,0.019977666741288206,0.63263268,roi,bull,31.63536
0,SOL/USDT,2021-06-01 01:20:00+00:00,2021-06-01 04:35:00+00:00,0.019996446083846237,0.63795637,roi,bull,31.871616
0,LINK/USDT,2021-06-01 01:35:00+00:00,2021-06-01 05:45:00+00:00,0.019995106814953204,0.63613418,roi,bull,31.78271
0,ETH/USDT,2021-06-01 08:15:00+00:00,2021-06-01 13:40:00+00:00,0.0200010163025254,0.6438788,roi,bull,32.160144
0,BTC/USDT,2021-06-01 02:15:00+00:00,2021-06-01 13:45:00+00:00,0.011706990310554423,0.37153133,exit_signal,bull,31.7041494
0,TRX/USDT,2021-06-01 08:15:00+00:00,2021-06-01 23:45:00+00:00,0.016254070288013317,0.52542899,exit_signal,bull,32.293701
0,LINK/USDT,2021-06-02 11:10:00+00:00,2021-06-02 13:30:00+00:00,0.019986605417902623,0.65227572,roi,bull,32.60304
0,ADA/USDT,2021-06-02 11:10:00+00:00,2021-06-02 15:05:00+00:00,0.0199819058579999,0.65385111,roi,bull,32.68947
0,XRP/USDT,2021-06-02 10:50:00+00:00,2021-06-02 15:10:00+00:00,0.020043638643222676,0.65636892,roi,bull,32.71428
0,DOGE/USDT,2021-06-02 16:50:00+00:00,2021-06-02 18:35:00+00:00,0.02001124344475847,0.6649379,roi,bull,33.19502
0,NEAR/USDT,2021-06-02 16:50:00+00:00,2021-06-03 02:15:00+00:00,0.02000684181575137,0.667595,roi,bull,33.335
0,BTC/USDT,2021-06-02 20:20:00+00:00,2021-06-03 04:15:00+00:00,0.00141933154030176,0.04756654,exit_signal,bull,33.4798598
0,ETH/USDT,2021-06-02 20:20:00+00:00,2021-06-03 04:15:00+00:00,0.0036898285672887663,0.12387428,exit_signal,bull,33.538287
0,ETH/USDT,2021-06-03 12:05:00+00:00,2021-06-03 12:50:00+00:00,0.01999857396723946,0.67747722,roi,bull,33.842434
0,ZEC/USDT,2021-06-03 12:05:00+00:00,2021-06-03 16:30:00+00:00,0.02001674795792443,0.679179,roi,bull,33.89664
0,DOGE/USDT,2021-06-03 10:45:00+00:00,2021-06-03 21:05:00+00:00,-0.02240556787323531,-0.75515166,exit_signal,bull,33.67008
0,BNB/USDT,2021-06-03 13:40:00+00:00,2021-06-03 21:05:00+00:00,0.016824939254574615,0.57113656,exit_signal,bull,33.91192
0,TRX/USDT,2021-06-03 19:10:00+00:00,2021-06-03 22:15:00+00:00,0.015649136329487976,0.53874114,exit_signal,bull,34.391862
0,LINK/USDT,2021-06-04 00:35:00+00:00,2021-06-04 01:15:00+00:00,-0.10177612001425891,-3.51319099,stop_loss,bull,34.48433
0,XRP/USDT,2021-06-04 00:55:00+00:00,2021-06-04 07:00:00+00:00,-0.10178852279521468,-3.50897394,stop_loss,bull,34.43874
0,ZEC/USDT,2021-06-04 00:50:00+00:00,2021-06-04 07:05:00+00:00,-0.10176271938537877,-3.5068926,stop_loss,bull,34.42704
0,ADA/USDT,2021-06-04 23:10:00+00:00,2021-06-05 00:10:00+00:00,0.019998633081976212,0.61988654,roi,bull,30.96548
0,XRP/USDT,2021-06-04 23:15:00+00:00,2021-06-05 00:15:00+00:00,0.019964703631787487,0.61890999,roi,bull,30.96924
0,BTC/USDT,2021-06-04 01:15:00+00:00,2021-06-05 01:00:00+00:00,-0.016319292695345298,-0.50587278,exit_signal,bull,30.9674826
0,BTC/USDT,2021-06-05 09:45:00+00:00,2021-06-06 01:20:00+00:00,-0.03929321820589409,-1.21937551,exit_signal,bull,31.0017201
0,XRP/USDT,2021-06-05 09:45:00+00:00,2021-06-06 16:05:00+00:00,-0.040899712532365594,-1.27988542,exit_signal,bull,31.262
0,ZEC/USDT,2021-06-06 05:15:00+00:00,2021-06-06 16:10:00+00:00,-0.002193242036737309,-0.06598732,exit_signal,bull,30.0566
0,TRX/USDT,2021-06-06 18:30:00+00:00,2021-06-06 21:35:00+00:00,0.007001231942579873,0.21327458,exit_signal,bull,30.432004
0,SOL/USDT,2021-06-06 22:35:00+00:00,2021-06-06 22:55:00+00:00,0.019998521336870464,0.61015878,roi,bull,30.479715
0,AVAX/USDT,2021-06-06 19:05:00+00:00,2021-06-07 01:05:00+00:00,0.014602202127123803,0.43108464,exit_signal,bull,29.4924
0,ADA/USDT,2021-06-05 09:45:00+00:00,2021-06-07 01:50:00+00:00,-0.018826943059807987,-0.58815104,exit_signal,bull,31.20865
0,NEAR/USDT,2021-06-07 07:00:00+00:00,2021-06-07 10:05:00+00:00,0.020010284166569556,0.61125408,roi,bull,30.51648
0,LINK/USDT,2021-06-07 07:05:00+00:00,2021-06-07 10:10:00+00:00,0.01653082128225428,0.5049077,exit_signal,bull,30.5129
0,ADA/USDT,2021-06-07 07:10:00+00:00,2021-06-07 10:45:00+00:00,0.014848638010618954,0.4548762,exit_signal,bull,30.6036
0,XRP/USDT,2021-06-07 14:05:00+00:00,2021-06-07 21:15:00+00:00,-0.10172471895412886,-3.16556928,stop_loss,bull,31.08789
0,BTC/USDT,2021-06-07 14:05:00+00:00,2021-06-08 02:50:00+00:00,-0.10179806334876379,-3.16159819,stop_loss,bull,31.026521
0,TRX/USDT,2021-06-07 14:05:00+00:00,2021-06-08 02:50:00+00:00,-0.1017467186858092,-3.17393693,stop_loss,bull,31.163326
0,TRX/USDT,2021-06-08 14:00:00+00:00,2021-06-08 18:10:00+00:00,0.007007171967916069,0.19662659,exit_signal,bull,28.03273
0,AVAX/USDT,2021-06-09 00:10:00+00:00,2021-06-09 05:20:00+00:00,-0.010080653731992099,-0.28228224,exit_signal,bull,27.9744
0,ZEC/USDT,2021-06-09 00:15:00+00:00,2021-06-09 06:25:00+00:00,0.020004215626013483,0.56233536,roi,bull,28.08276
0,DOGE/USDT,2021-06-09 00:10:00+00:00,2021-06-09 06:45:00+00:00,0.02000670681476752,0.56026173,roi,bull,27.97572
0,ETH/USDT,2021-06-09 14:55:00+00:00,2021-06-09 15:00:00+00:00,0.02000039963289008,0.56633107,roi,bull,28.2877
0,AAVE/USDT,2021-06-09 14:55:00+00:00,2021-06-09 15:00:00+00:00,0.019991978268012772,0.56346664,roi,bull,28.15648
0,UNI/USDT,2021-06-09 15:00:00+00:00,2021-06-09 15:00:00+00:00,0.019998776733470613,0.57310251,roi,bull,28.62825
0,ADA/USDT,2021-06-09 18:40:00+00:00,2021-06-09 22:20:00+00:00,0.020009772877145036,0.5784447,roi,bull,28.87923
0,ETH/USDT,2021-06-10 04:40:00+00:00,2021-06-10 09:55:00+00:00,0.007021955380438568,0.20382755,exit_signal,bull,28.99818
0,NEAR/USDT,2021-06-10 01:00:00+00:00,2021-06-10 10:20:00+00:00,0.01200177440977592,0.34758906,exit_signal,bull,28.93254
0,ZEC/USDT,2021-06-10 04:30:00+00:00,2021-06-10 10:25:00+00:00,0.00199125478243328,0.057844,exit_signal,bull,29.02
0,TRX/USDT,2021-06-10 14:10:00+00:00,2021-06-11 03:10:00+00:00,-0.01403679016265134,-0.41207633,exit_signal,bull,29.32755
0,LINK/USDT,2021-06-11 15:05:00+00:00,2021-06-12 02:15:00+00:00,-0.10176283987073251,-2.96686971,stop_loss,bull,29.12562
0,ETH/USDT,2021-06-11 15:05:00+00:00,2021-06-12 10:35:00+00:00,-0.0234142658258013,-0.67910289,exit_signal,bull,28.974834
0,TRX/USDT,2021-06-11 07:00:00+00:00,2021-06-12 12:40:00+00:00,-0.04974598290187725,-1.4535437,exit_signal,bull,29.190128
0,SOL/USDT,2021-06-13 00:05:00+00:00,2021-06-13 00:45:00+00:00,0.02000562480099479,0.55078554,roi,bull,27.50403
0,ETH/USDT,2021-06-12 22:40:00+00:00,2021-06-13 01:05:00+00:00,0.0157545176195678,0.43035196,exit_signal,bull,27.28881
0,AAVE/USDT,2021-06-12 22:40:00+00:00,2021-06-13 09:05:00+00:00,-0.0013557870700727844,-0.03720276,exit_signal,bull,27.41256
0,ADA/USDT,2021-06-13 03:05:00+00:00,2021-06-13 16:15:00+00:00,-0.020308091853583603,-0.56332395,exit_signal,bull,27.71118
0,NEAR/USDT,2021-06-13 11:50:00+00:00,2021-06-13 16:20:00+00:00,0.00555304191169849,0.15424295,exit_signal,bull,27.74855
0,LINK/USDT,2021-06-13 03:05:00+00:00,2021-06-13 16:35:00+00:00,-0.012642616148459221,-0.35203842,exit_signal,bull,27.81756
0,ADA/USDT,2021-06-14 08:50:00+00:00,2021-06-14 13:05:00+00:00,0.01716395243711158,0.47131857,exit_signal,bull,27.43236
0,BNB/USDT,2021-06-14 03:30:00+00:00,2021-06-14 13:10:00+00:00,0.014141441995896198,0.3858444,exit_signal,bull,27.2574
0,SOL/USDT,2021-06-14 03:30:00+00:00,2021-06-14 13:15:00+00:00,0.008465561444115853,0.23364672,exit_signal,bull,27.5721
0,NEAR/USDT,2021-06-14 18:35:00+00:00,2021-06-14 23:40:00+00:00,0.01250272042632103,0.34943304,exit_signal,bull,27.92064
0,BTC/USDT,2021-06-14 16:40:00+00:00,2021-06-15 00:20:00+00:00,0.02000011373778939,0.55199347,roi,bull,27.5719446
0,AAVE/USDT,2021-06-14 16:40:00+00:00,2021-06-15 00:20:00+00:00,0.013545530731352428,0.37769512,exit_signal,bull,27.85552
0,XRP/USDT,2021-06-15 02:00:00+00:00,2021-06-15 04:55:00+00:00,0.019964869793832166,0.56611241,roi,bull,28.3271
0,BTC/USDT,2021-06-15 08:50:00+00:00,2021-06-15 17:55:00+00:00,0.01649638426778897,0.46593125,exit_signal,bull,28.2162307
0,ZEC/USDT,2021-06-15 07:15:00+00:00,2021-06-15 18:05:00+00:00,-0.0025056327192644586,-0.07145019,exit_signal,bull,28.48734
0,ETH/USDT,2021-06-15 08:50:00+00:00,2021-06-15 18:05:00+00:00,0.010634542639895939,0.30185837,exit_signal,bull,28.35635
0,TRX/USDT,2021-06-16 10:20:00+00:00,2021-06-17 01:10:00+00:00,-0.022940965022666196,-0.66068765,exit_signal,bull,28.7707
0,ADA/USDT,2021-06-16 10:40:00+00:00,2021-06-17 01:25:00+00:00,-0.023933529783940283,-0.6856063,exit_signal,bull,28.61765
0,BTC/USDT,2021-06-15 19:55:00+00:00,2021-06-17 06:45:00+00:00,-0.01883896668279099,-0.54132885,exit_signal,bull,28.705824
0,ETH/USDT,2021-06-17 12:15:00+00:00,2021-06-18 18:25:00+00:00,-0.10179820169151982,-2.86266345,stop_loss,bull,28.09287
0,BTC/USDT,2021-06-17 12:15:00+00:00,2021-06-19 01:20:00+00:00,-0.068055297899437,-1.90586231,exit_signal,bull,27.9766368
0,ETH/USDT,2021-06-19 03:20:00+00:00,2021-06-19 05:35:00+00:00,0.01425388719521008,0.35494622,exit_signal,bear,24.876837
0,ADA/USDT,2021-06-17 12:05:00+00:00,2021-06-19 06:10:00+00:00,-0.05238680060014099,-1.47397746,exit_signal,bull,28.10832
0,SOL/USDT,2021-06-19 02:50:00+00:00,2021-06-19 12:15:00+00:00,0.016760185997119738,0.44541101,exit_signal,bear,26.548992
0,DOGE/USDT,2021-06-19 18:05:00+00:00,2021-06-20 11:30:00+00:00,-0.10177044868368562,-2.6669006,stop_loss,bear,26.17888
0,ZEC/USDT,2021-06-19 13:45:00+00:00,2021-06-20 15:00:00+00:00,-0.05051410034646853,-1.32722,exit_signal,bear,26.248
0,ETH/USDT,2021-06-19 18:05:00+00:00,2021-06-20 18:55:00+00:00,-0.02017143482858276,-0.53183964,exit_signal,bear,26.33964
0,DOGE/USDT,2021-06-21 00:20:00+00:00,2021-06-21 10:10:00+00:00,-0.10176921959991513,-2.5257078,stop_loss,bear,24.7932
0,XRP/USDT,2021-06-21 01:45:00+00:00,2021-06-21 10:30:00+00:00,-0.10173188937308539,-2.5287834,stop_loss,bear,24.8325
0,TRX/USDT,2021-06-21 01:45:00+00:00,2021-06-21 10:55:00+00:00,-0.10172310775292921,-2.53125787,stop_loss,bear,24.858945
0,DOGE/USDT,2021-06-22 08:25:00+00:00,2021-06-22 10:40:00+00:00,0.020022945804195804,0.44803892,roi,bear,22.35392
0,ETH/USDT,2021-06-22 05:40:00+00:00,2021-06-22 13:45:00+00:00,-0.10179510084005422,-2.26296091,stop_loss,bear,22.20834
0,BTC/USDT,2021-06-22 08:25:00+00:00,2021-06-22 13:50:00+00:00,-0.1017979846281485,-2.25972533,stop_loss,bear,22.1759583
0,LINK/USDT,2021-06-22 21:55:00+00:00,2021-06-22 22:10:00+00:00,0.019984157002522145,0.41996934,roi,bear,20.99412
0,BNB/USDT,2021-06-23 00:20:00+00:00,2021-06-23 00:25:00+00:00,0.019983027588795294,0.41911348,roi,bear,20.95252
0,AVAX/USDT,2021-06-23 00:20:00+00:00,2021-06-23 00:25:00+00:00,0.019960774605797097,0.42090538,roi,bear,21.06556
0,ETH/USDT,2021-06-23 09:00:00+00:00,2021-06-23 10:30:00+00:00,0.020001726946531167,0.42572498,roi,bear,21.263148
0,AAVE/USDT,2021-06-23 09:00:00+00:00,2021-06-23 11:00:00+00:00,0.020015075841535307,0.4264411,roi,bear,21.28471
0,XRP/USDT,2021-06-23 15:15:00+00:00,2021-06-23 23:40:00+00:00,0.020030832890717727,0.43499226,roi,bear,21.69444
0,AAVE/USDT,2021-06-23 15:10:00+00:00,2021-06-24 00:15:00+00:00,-0.02174239398878097,-0.46999239,exit_signal,bear,21.59481
0,AVAX/USDT,2021-06-24 01:40:00+00:00,2021-06-24 05:50:00+00:00,0.019975692958908983,0.4321044,roi,bear,21.6099
0,BNB/USDT,2021-06-24 01:50:00+00:00,2021-06-24 07:00:00+00:00,0.020015977160334854,0.429186,roi,bear,21.42075
0,BTC/USDT,2021-06-23 15:15:00+00:00,2021-06-24 11:50:00+00:00,0.00486265089606863,0.1045036,exit_signal,bear,21.4696064
0,ADA/USDT,2021-06-24 20:35:00+00:00,2021-06-25 00:20:00+00:00,0.014162493426854505,0.31150763,exit_signal,bear,21.97328
0,XRP/USDT,2021-06-25 01:05:00+00:00,2021-06-25 01:55:00+00:00,0.019994443246722882,0.4424952,roi,bear,22.1088
0,ZEC/USDT,2021-06-24 21:40:00+00:00,2021-06-25 02:15:00+00:00,0.019999209430031775,0.43874458,roi,bear,21.91618
0,BTC/USDT,2021-06-25 05:40:00+00:00,2021-06-26 05:05:00+00:00,-0.050915102519957234,-1.13725006,exit_signal,bear,22.313889
0,TRX/USDT,2021-06-25 05:40:00+00:00,2021-06-26 05:10:00+00:00,-0.05000354375321989,-1.12143366,exit_signal,bear,22.404679
0,ETH/USDT,2021-06-24 22:20:00+00:00,2021-06-26 07:05:00+00:00,-0.10179618692898927,-2.24080329,stop_loss,bear,21.990654
0,XRP/USDT,2021-06-26 07:10:00+00:00,2021-06-26 11:50:00+00:00,-0.001670250931334675,-0.03492426,exit_signal,bear,20.8887
0,NEAR/USDT,2021-06-26 21:10:00+00:00,2021-06-26 22:05:00+00:00,0.020022486730117164,0.41620916,roi,bear,20.76632
0,BTC/USDT,2021-06-26 07:10:00+00:00,2021-06-26 23:55:00+00:00,0.019999859130039165,0.41514591,roi,bear,20.736705
0,BNB/USDT,2021-06-26 07:10:00+00:00,2021-06-26 23:55:00+00:00,-0.008321027149104609,-0.17219578,exit_signal,bear,20.67338
0,NEAR/USDT,2021-06-27 05:45:00+00:00,2021-06-27 08:05:00+00:00,0.020006882066575533,0.420812,roi,bear,21.01235
0,BTC/USDT,2021-06-27 09:35:00+00:00,2021-06-27 11:55:00+00:00,0.01999999206128104,0.42543371,roi,bear,21.2504435
0,BNB/USDT,2021-06-27 05:45:00+00:00,2021-06-27 22:05:00+00:00,-0.01513806408260791,-0.317649,exit_signal,bear,20.9625
0,XRP/USDT,2021-06-27 06:40:00+00:00,2021-06-27 22:05:00+00:00,-4.496481991589624e-05,-0.00094944,exit_signal,bear,21.09408
0,BTC/USDT,2021-06-27 18:10:00+00:00,2021-06-27 22:05:00+00:00,0.014965154660346765,0.31775756,exit_signal,bear,21.2119505
0,ADA/USDT,2021-06-28 10:25:00+00:00,2021-06-28 15:05:00+00:00,0.013350030251438702,0.28435536,exit_signal,bear,21.2787
0,DOGE/USDT,2021-06-28 10:15:00+00:00,2021-06-28 15:15:00+00:00,0.014117823885448936,0.3014004,exit_signal,bear,21.3276
0,BTC/USDT,2021-06-28 09:50:00+00:00,2021-06-28 16:00:00+00:00,0.014645147300602778,0.31263106,exit_signal,bear,21.3257494
0,BTC/USDT,2021-06-28 17:45:00+00:00,2021-06-29 00:00:00+00:00,0.007638493837820633,0.16457497,force_exit,bear,21.52395
0,ADA/USDT,2021-06-28 17:45:00+00:00,2021-06-29 00:00:00+00:00,0.0023102465544149885,0.0500774,force_exit,bear,21.65456
0,BNB/USDT,2021-06-28 22:35:00+00:00,2021-06-29 00:00:00+00:00,0.002600129630995325,0.05634975,force_exit,bear,21.65025
1,AVAX/USDT,2021-06-29 02:55:00+00:00,2021-06-29 04:45:00+00:00,0.020010827361791054,0.6591598,roi,bear,32.90725
1,DOGE/USDT,2021-06-29 03:05:00+00:00,2021-06-29 06:55:00+00:00,0.020016747957924425,0.658905,roi,bear,32.8848
1,TRX/USDT,2021-06-29 05:40:00+00:00,2021-06-29 06:55:00+00:00,0.019926206925833738,0.66254488,roi,bear,33.216708
1,NEAR/USDT,2021-06-29 15:45:00+00:00,2021-06-29 17:05:00+00:00,0.02000624173001762,0.671408,roi,bear,33.5264
1,ADA/USDT,2021-06-29 15:45:00+00:00,2021-06-30 17:45:00+00:00,-0.03628713994037276,-1.21771674,exit_signal,bear,33.52428
1,DOGE/USDT,2021-06-29 15:45:00+00:00,2021-06-30 17:55:00+00:00,-0.05740895977223806,-1.92702434,exit_signal,bear,33.53308
1,AAVE/USDT,2021-06-29 19:35:00+00:00,2021-06-30 18:40:00+00:00,-0.056334260472248356,-1.90180495,exit_signal,bear,33.72557
1,SOL/USDT,2021-07-01 02:15:00+00:00,2021-07-01 11:30:00+00:00,-0.02020410961587432,-0.65096757,exit_signal,bear,32.187375
1,BTC/USDT,2021-07-01 02:20:00+00:00,2021-07-02 07:50:00+00:00,-0.03491816561229956,-1.12191373,exit_signal,bear,32.0977038
1,DOGE/USDT,2021-07-01 14:35:00+00:00,2021-07-02 13:25:00+00:00,-0.00016904293019137244,-0.00535995,exit_signal,bear,31.67595
1,ZEC/USDT,2021-07-02 20:20:00+00:00,2021-07-02 22:15:00+00:00,0.019997986673469352,0.624426,roi,bear,31.19325
1,BTC/USDT,2021-07-02 19:15:00+00:00,2021-07-02 22:50:00+00:00,0.010891081257275568,0.34345185,exit_signal,bear,31.5036435
1,XRP/USDT,2021-07-01 02:20:00+00:00,2021-07-02 23:15:00+00:00,-0.04361805595285772,-1.40342592,exit_signal,bear,32.1432
1,DOGE/USDT,2021-07-03 03:05:00+00:00,2021-07-03 06:00:00+00:00,0.005200215438026096,0.16292571,exit_signal,bear,31.29927
1,BNB/USDT,2021-07-03 03:45:00+00:00,2021-07-03 07:30:00+00:00,0.01998364618184184,0.6243853,roi,bear,31.2136
1,ZEC/USDT,2021-07-03 03:05:00+00:00,2021-07-03 07:35:00+00:00,0.018912182758943522,0.59385425,exit_signal,bear,31.36925
1,ADA/USDT,2021-07-03 22:00:00+00:00,2021-07-04 04:10:00+00:00,0.009327550616537842,0.29695913,exit_signal,bear,31.80497
1,SOL/USDT,2021-07-03 20:50:00+00:00,2021-07-04 04:40:00+00:00,-0.002576436517376037,-0.08231945,exit_signal,bear,31.918975
1,ETH/USDT,2021-07-03 22:00:00+00:00,2021-07-04 05:40:00+00:00,0.020002251905351886,0.63637281,roi,bear,31.783275
1,BNB/USDT,2021-07-04 13:00:00+00:00,2021-07-04 15:40:00+00:00,0.02000144627490472,0.64120248,roi,bear,32.02578
1,SOL/USDT,2021-07-04 12:20:00+00:00,2021-07-04 16:30:00+00:00,0.010698422403666216,0.34494453,exit_signal,bear,32.21035
1,BTC/USDT,2021-07-04 13:00:00+00:00,2021-07-04 21:40:00+00:00,0.01313846528947003,0.42184795,exit_signal,bear,32.0757801
1,BNB/USDT,2021-07-04 22:50:00+00:00,2021-07-05 10:30:00+00:00,-0.013082951603947998,-0.4274344,exit_signal,bear,32.63846
1,DOGE/USDT,2021-07-04 22:50:00+00:00,2021-07-05 10:50:00+00:00,-0.017793891012286456,-0.57789602,exit_signal,bear,32.44477
1,AAVE/USDT,2021-07-05 17:45:00+00:00,2021-07-05 17:55:00+00:00,0.02001729669418296,0.6431016,roi,bear,32.0952
1,ETH/USDT,2021-07-04 22:50:00+00:00,2021-07-06 04:05:00+00:00,-0.027310235958319162,-0.89272288,exit_signal,bear,32.65556
1,AAVE/USDT,2021-07-06 09:15:00+00:00,2021-07-06 11:35:00+00:00,0.020003398691771642,0.64292481,roi,bear,32.10867
1,UNI/USDT,2021-07-06 09:15:00+00:00,2021-07-06 11:50:00+00:00,0.019993887366069885,0.64218861,roi,bear,32.08716
1,AAVE/USDT,2021-07-06 16:25:00+00:00,2021-07-06 18:20:00+00:00,0.01999229014412325,0.648478,roi,bear,32.404
1,ADA/USDT,2021-07-06 09:15:00+00:00,2021-07-06 23:25:00+00:00,-0.011900614234483286,-0.38358,exit_signal,bear,32.19975
1,ETH/USDT,2021-07-06 21:55:00+00:00,2021-07-06 23:55:00+00:00,0.0199995086094753,0.65774174,roi,bear,32.85504
1,UNI/USDT,2021-07-06 21:00:00+00:00,2021-07-07 04:20:00+00:00,0.019977675965402703,0.65591824,roi,bear,32.79976
1,AAVE/USDT,2021-07-07 09:15:00+00:00,2021-07-07 12:40:00+00:00,0.02001234255017945,0.65936416,roi,bear,32.91496
1,NEAR/USDT,2021-07-07 09:15:00+00:00,2021-07-07 14:15:00+00:00,0.020019916186050372,0.66375595,roi,bear,33.12166
1,XRP/USDT,2021-07-07 14:45:00+00:00,2021-07-08 15:30:00+00:00,-0.05690911613942281,-1.9136369,exit_signal,bear,33.5926
1,ETH/USDT,2021-07-07 14:45:00+00:00,2021-07-08 21:50:00+00:00,-0.10179650885127031,-3.41183528,stop_loss,bear,33.482748
1,UNI/USDT,2021-07-08 21:55:00+00:00,2021-07-09 02:55:00+00:00,0.006701646051559865,0.21385441,exit_signal,bear,31.87885
1,XRP/USDT,2021-07-08 22:00:00+00:00,2021-07-09 03:20:00+00:00,0.00010509833819932701,0.0031801,exit_signal,bear,30.2281
1,ADA/USDT,2021-07-07 14:45:00+00:00,2021-07-09 04:15:00+00:00,-0.061946915713533154,-2.0805288,exit_signal,bear,33.55212
1,AVAX/USDT,2021-07-09 12:10:00+00:00,2021-07-09 12:55:00+00:00,0.01998887412916281,0.62342835,roi,bear,31.15761
1,AVAX/USDT,2021-07-09 18:10:00+00:00,2021-07-09 21:35:00+00:00,0.0200370755202106,0.63022336,roi,bear,31.42144
1,UNI/USDT,2021-07-09 18:40:00+00:00,2021-07-09 21:40:00+00:00,0.019991385342767832,0.62948427,roi,bear,31.45632
1,SOL/USDT,2021-07-09 19:05:00+00:00,2021-07-09 22:30:00+00:00,0.01500224383041847,0.47251092,exit_signal,bear,31.464552
1,LINK/USDT,2021-07-10 02:15:00+00:00,2021-07-10 16:15:00+00:00,-0.00874162326132703,-0.28004029,exit_signal,bear,32.00327
1,ETH/USDT,2021-07-10 04:50:00+00:00,2021-07-10 16:25:00+00:00,0.02000022154341457,0.63760128,roi,bear,31.847863
1,AVAX/USDT,2021-07-10 02:45:00+00:00,2021-07-10 16:30:00+00:00,0.0019636067108523363,0.06284117,exit_signal,bear,31.97096
1,BTC/USDT,2021-07-10 17:20:00+00:00,2021-07-10 23:00:00+00:00,-0.0009935584478648462,-0.03175843,exit_signal,bear,31.9323975
1,BNB/USDT,2021-07-10 17:25:00+00:00,2021-07-10 23:05:00+00:00,0.011271265170523674,0.36006816,exit_signal,bear,31.91376
1,NEAR/USDT,2021-07-11 04:00:00+00:00,2021-07-11 06:10:00+00:00,0.017368204409302913,0.5615533,exit_signal,bear,32.29996
1,ETH/USDT,2021-07-11 04:10:00+00:00,2021-07-11 10:15:00+00:00,0.020000621730956424,0.64257701,roi,bear,32.095756
1,XRP/USDT,2021-07-11 04:05:00+00:00,2021-07-11 14:00:00+00:00,0.014922748815853934,0.48197189,exit_signal,bear,32.26553
1,NEAR/USDT,2021-07-11 21:10:00+00:00,2021-07-12 02:15:00+00:00,0.01998726346391797,0.65415767,roi,bear,32.69603
1,TRX/USDT,2021-07-12 00:15:00+00:00,2021-07-12 03:10:00+00:00,0.012892718759569228,0.42398093,exit_signal,bear,32.852448
1,DOGE/USDT,2021-07-12 00:15:00+00:00,2021-07-12 05:55:00+00:00,0.01457270230815647,0.47673432,exit_signal,bear,32.68152
1,ADA/USDT,2021-07-12 10:00:00+00:00,2021-07-13 07:35:00+00:00,-0.027080843461683202,-0.90212136,exit_signal,bear,33.27888
1,BNB/USDT,2021-07-12 10:00:00+00:00,2021-07-13 15:50:00+00:00,-0.04641999836773314,-1.53727454,exit_signal,bear,33.08356
1,ZEC/USDT,2021-07-12 09:25:00+00:00,2021-07-14 03:20:00+00:00,-0.10177123605926633,-3.393288,stop_loss,bear,33.309
1,AVAX/USDT,2021-07-13 18:50:00+00:00,2021-07-14 09:15:00+00:00,-0.037080785219743034,-1.17125055,exit_signal,bear,31.5549
1,ADA/USDT,2021-07-13 10:10:00+00:00,2021-07-14 09:20:00+00:00,-0.04149615235867358,-1.36217983,exit_signal,bear,32.79386
1,DOGE/USDT,2021-07-14 19:55:00+00:00,2021-07-15 01:00:00+00:00,0.019983746833705948,0.61063548,roi,bear,30.52608
1,TRX/USDT,2021-07-15 00:10:00+00:00,2021-07-15 01:05:00+00:00,0.01847899823207807,0.56609794,exit_signal,bear,30.604062
1,NEAR/USDT,2021-07-14 19:10:00+00:00,2021-07-15 10:05:00+00:00,0.004396864487681844,0.13433882,exit_signal,bear,30.5228
1,BTC/USDT,2021-07-15 04:05:00+00:00,2021-07-15 19:20:00+00:00,-0.024390215106729677,-0.75309399,exit_signal,bear,30.846044
1,ZEC/USDT,2021-07-15 03:15:00+00:00,2021-07-16 02:25:00+00:00,-0.008597645668539376,-0.26637898,exit_signal,bear,30.95183
1,ADA/USDT,2021-07-16 05:20:00+00:00,2021-07-16 16:00:00+00:00,-0.005091824475084387,-0.156195,exit_signal,bear,30.645
1,BNB/USDT,2021-07-16 05:20:00+00:00,2021-07-17 08:45:00+00:00,-0.037938096140663895,-1.16201538,exit_signal,bear,30.59865
1,ADA/USDT,2021-07-16 21:00:00+00:00,2021-07-17 08:45:00+00:00,0.0011276179381816763,0.03453765,exit_signal,bear,30.59826
1,ZEC/USDT,2021-07-16 05:20:00+00:00,2021-07-17 12:30:00+00:00,-0.05668576715702351,-1.7370482,exit_signal,bear,30.61285
1,DOGE/USDT,2021-07-17 10:40:00+00:00,2021-07-17 16:25:00+00:00,0.01997389436071987,0.60258,roi,bear,30.13824
1,NEAR/USDT,2021-07-17 23:00:00+00:00,2021-07-18 00:55:00+00:00,0.020009221547683087,0.5975721,roi,bear,29.835
1,BTC/USDT,2021-07-17 23:10:00+00:00,2021-07-18 00:55:00+00:00,0.00997000075545622,0.29600226,exit_signal,bear,29.659632
1,BTC/USDT,2021-07-18 06:10:00+00:00,2021-07-18 17:50:00+00:00,-0.010860381605447765,-0.32643858,exit_signal,bear,30.0277172
1,TRX/USDT,2021-07-18 03:40:00+00:00,2021-07-18 22:05:00+00:00,-0.00023568174277134468,-0.00712489,exit_signal,bear,30.200779
1,BNB/USDT,2021-07-18 22:55:00+00:00,2021-07-19 07:20:00+00:00,0.0010123126235692115,0.03026529,exit_signal,bear,29.86731
1,NEAR/USDT,2021-07-19 00:45:00+00:00,2021-07-20 01:10:00+00:00,-0.10177688152479863,-3.0521216,stop_loss,bear,29.9584
1,XRP/USDT,2021-07-18 04:20:00+00:00,2021-07-20 02:20:00+00:00,-0.10169715535898459,-3.0705934,stop_loss,bear,30.16334
1,ADA/USDT,2021-07-20 21:30:00+00:00,2021-07-21 02:45:00+00:00,0.010795689370484356,0.28317562,exit_signal,bear,26.20423
1,UNI/USDT,2021-07-20 21:10:00+00:00,2021-07-21 04:05:00+00:00,-0.0014540946484539374,-0.04080906,exit_signal,bear,28.03689
1,BTC/USDT,2021-07-19 09:00:00+00:00,2021-07-21 04:20:00+00:00,-0.034780957892736754,-1.04141745,exit_signal,bear,29.9122605
1,SOL/USDT,2021-07-21 19:00:00+00:00,2021-07-21 22:45:00+00:00,0.020001733236919682,0.55648248,roi,bear,27.793919
1,TRX/USDT,2021-07-21 19:50:00+00:00,2021-07-21 23:00:00+00:00,0.015225245255004299,0.42391483,exit_signal,bear,27.815075
1,UNI/USDT,2021-07-22 05:50:00+00:00,2021-07-22 07:10:00+00:00,0.020008184187288666,0.56085588,roi,bear,28.00332
1,XRP/USDT,2021-07-22 09:40:00+00:00,2021-07-22 14:15:00+00:00,0.019922618235744222,0.56406021,roi,bear,28.28427
1,TRX/USDT,2021-07-22 09:45:00+00:00,2021-07-22 15:00:00+00:00,0.019989345978890415,0.56671496,roi,bear,28.322528
1,BTC/USDT,2021-07-22 09:40:00+00:00,2021-07-22 15:55:00+00:00,0.020000029316118943,0.56677026,roi,bear,28.3101613
1,SOL/USDT,2021-07-22 21:55:00+00:00,2021-07-23 01:30:00+00:00,0.01999181089817978,0.57778447,roi,bear,28.872185
1,ADA/USDT,2021-07-22 22:00:00+00:00,2021-07-23 01:35:00+00:00,0.019977291633859015,0.57639768,roi,bear,28.82382
1,TRX/USDT,2021-07-22 22:00:00+00:00,2021-07-23 01:35:00+00:00,0.020008657343536608,0.57855077,roi,bear,28.886136
1,AAVE/USDT,2021-07-23 06:15:00+00:00,2021-07-23 20:20:00+00:00,-0.025724751439037154,-0.75192678,exit_signal,bear,29.2005
1,ZEC/USDT,2021-07-23 07:10:00+00:00,2021-07-23 20:20:00+00:00,-0.020328016903714736,-0.59809585,exit_signal,bear,29.39285
1,SOL/USDT,2021-07-23 07:10:00+00:00,2021-07-23 21:55:00+00:00,-0.019423604799995338,-0.57247314,exit_signal,bear,29.44362
1,SOL/USDT,2021-07-24 08:10:00+00:00,2021-07-24 09:45:00+00:00,0.020010016197543633,0.57734175,roi,bear,28.823814
1,ZEC/USDT,2021-07-24 08:15:00+00:00,2021-07-24 16:10:00+00:00,0.01994950681572551,0.5746902,roi,bear,28.77846
1,LINK/USDT,2021-07-24 14:10:00+00:00,2021-07-24 16:45:00+00:00,0.019971163267707506,0.57676302,roi,bear,28.85094
1,UNI/USDT,2021-07-24 08:10:00+00:00,2021-07-24 16:55:00+00:00,0.015299614810617255,0.43971876,exit_signal,bear,28.7118
1,SOL/USDT,2021-07-24 19:25:00+00:00,2021-07-25 07:25:00+00:00,0.0009065234414620103,0.02678476,exit_signal,bear,29.517165
1,TRX/USDT,2021-07-24 19:45:00+00:00,2021-07-25 12:40:00+00:00,0.017315900077243047,0.51192031,exit_signal,bear,29.534064
1,DOGE/USDT,2021-07-25 13:25:00+00:00,2021-07-25 23:25:00+00:00,0.015398505182811809,0.45593541,exit_signal,bear,29.57949
1,ADA/USDT,2021-07-25 10:50:00+00:00,2021-07-25 23:55:00+00:00,0.006777985328281186,0.19978794,exit_signal,bear,29.44656
1,XRP/USDT,2021-07-24 19:05:00+00:00,2021-07-26 00:15:00+00:00,-0.0010152329206982089,-0.02996928,exit_signal,bear,29.49012
1,BTC/USDT,2021-07-26 08:10:00+00:00,2021-07-26 10:55:00+00:00,0.020000061566834548,0.59816805,roi,bear,29.878432
1,XRP/USDT,2021-07-26 07:40:00+00:00,2021-07-26 16:30:00+00:00,0.013751071970774745,0.41148094,exit_signal,bear,29.89366
1,NEAR/USDT,2021-07-26 13:05:00+00:00,2021-07-26 17:15:00+00:00,0.020002042046130222,0.60205766,roi,bear,30.06974
1,BNB/USDT,2021-07-26 07:40:00+00:00,2021-07-26 18:45:00+00:00,0.02001278347927218,0.5988534,roi,bear,29.89365
1,SOL/USDT,2021-07-26 20:00:00+00:00,2021-07-27 09:10:00+00:00,-0.04502809093900175,-1.38117162,exit_signal,bear,30.642912
1,BNB/USDT,2021-07-26 20:05:00+00:00,2021-07-27 09:50:00+00:00,-0.01806857955616702,-0.54911118,exit_signal,bear,30.36003
1,TRX/USDT,2021-07-26 20:05:00+00:00,2021-07-27 11:55:00+00:00,-0.026168235168946882,-0.80293118,exit_signal,bear,30.652776
1,ETH/USDT,2021-07-27 14:15:00+00:00,2021-07-27 14:30:00+00:00,0.02000192625383895,0.59274574,roi,bear,29.604828
1,ZEC/USDT,2021-07-27 16:15:00+00:00,2021-07-27 21:15:00+00:00,0.020010863234600204,0.599484,roi,bear,29.928
1,ADA/USDT,2021-07-27 14:10:00+00:00,2021-07-27 22:45:00+00:00,0.004680487202924614,0.13925574,exit_signal,bear,29.72268
1,SOL/USDT,2021-07-27 14:10:00+00:00,2021-07-27 22:50:00+00:00,0.0016640643705115267,0.04951566,exit_signal,bear,29.72613
1,XRP/USDT,2021-07-28 06:45:00+00:00,2021-07-28 07:10:00+00:00,0.01994478157084927,0.60205509,roi,bear,30.15594
1,ETH/USDT,2021-07-28 06:45:00+00:00,2021-07-28 07:40:00+00:00,0.01999899067984232,0.60305749,roi,bear,30.124272
1,TRX/USDT,2021-07-28 06:45:00+00:00,2021-07-28 07:40:00+00:00,0.020079468109417107,0.60710591,roi,bear,30.204954
1,LINK/USDT,2021-07-28 12:45:00+00:00,2021-07-28 18:50:00+00:00,0.020019420716647418,0.6162208,roi,bear,30.7504
1,NEAR/USDT,2021-07-29 03:30:00+00:00,2021-07-29 04:45:00+00:00,0.01999565429779419,0.61854303,roi,bear,30.90297
1,BTC/USDT,2021-07-29 11:45:00+00:00,2021-07-29 23:05:00+00:00,0.003444690108435225,0.10672688,exit_signal,bear,30.9520614
1,BNB/USDT,2021-07-28 12:45:00+00:00,2021-07-29 23:10:00+00:00,0.006801146719368034,0.20885368,exit_signal,bear,30.67792
1,DOGE/USDT,2021-07-28 12:45:00+00:00,2021-07-29 23:10:00+00:00,-0.010234340638729201,-0.31443172,exit_signal,bear,30.69251
1,XRP/USDT,2021-07-30 08:40:00+00:00,2021-07-30 17:25:00+00:00,0.0037025398102509483,0.11554848,exit_signal,bear,31.17672
1,ADA/USDT,2021-07-30 06:55:00+00:00,2021-07-30 20:00:00+00:00,-0.008192924394041713,-0.25578432,exit_signal,bear,31.18896
1,BNB/USDT,2021-07-30 08:40:00+00:00,2021-07-30 20:00:00+00:00,-0.008211661288365564,-0.2548833,exit_signal,bear,31.00818
1,DOGE/USDT,2021-07-31 04:25:00+00:00,2021-07-31 08:10:00+00:00,0.007688516472365837,0.237882,exit_signal,bear,30.909
1,SOL/USDT,2021-07-31 04:25:00+00:00,2021-07-31 08:20:00+00:00,0.020014690376257728,0.62251499,roi,bear,31.071832
1,ADA/USDT,2021-07-31 05:30:00+00:00,2021-07-31 08:55:00+00:00,0.013719778253091,0.4251571,exit_signal,bear,30.95767
1,NEAR/USDT,2021-07-31 11:20:00+00:00,2021-07-31 12:25:00+00:00,0.020015218072175083,0.62946155,roi,bear,31.41773
1,UNI/USDT,2021-07-31 14:05:00+00:00,2021-07-31 20:35:00+00:00,0.02001674795792443,0.6336715,roi,bear,31.62544
1,XRP/USDT,2021-07-31 13:20:00+00:00,2021-07-31 20:40:00+00:00,0.006033129960168587,0.191369,exit_signal,bear,31.688
1,NEAR/USDT,2021-07-31 14:00:00+00:00,2021-07-31 21:25:00+00:00,0.0176265751055667,0.55850956,exit_signal,bear,31.654
1,XRP/USDT,2021-08-01 00:00:00+00:00,2021-08-01 00:45:00+00:00,0.019939047683317886,0.64181934,roi,bear_high_vol,32.15691
1,BNB/USDT,2021-08-01 00:00:00+00:00,2021-08-01 00:55:00+00:00,0.020011007705814852,0.63915936,roi,bear_high_vol,31.90848
1,BTC/USDT,2021-08-01 00:05:00+00:00,2021-08-01 03:25:00+00:00,0.020000021572281302,0.63742794,roi,bear_high_vol,31.8395231
1,LINK/USDT,2021-08-01 10:25:00+00:00,2021-08-01 20:05:00+00:00,0.019994013055932153,0.65588523,roi,bear_high_vol,32.77131
1,XRP/USDT,2021-08-01 10:25:00+00:00,2021-08-02 04:25:00+00:00,-0.036321515187359245,-1.1909882,exit_signal,bear_high_vol,32.7574
1,ZEC/USDT,2021-08-01 22:30:00+00:00,2021-08-02 04:25:00+00:00,0.003199925074925075,0.10541715,exit_signal,bear_high_vol,32.91072
1,TRX/USDT,2021-08-01 10:55:00+00:00,2021-08-02 06:40:00+00:00,-0.021584531397402233,-0.70866483,exit_signal,bear_high_vol,32.79927
1,AVAX/USDT,2021-08-02 09:05:00+00:00,2021-08-02 17:00:00+00:00,0.019967226025508232,0.64636984,roi,bear,32.3392
1,ADA/USDT,2021-08-02 09:05:00+00:00,2021-08-02 23:05:00+00:00,-0.000863049005581227,-0.02791775,exit_signal,bear,32.3155
1,SOL/USDT,2021-08-02 12:15:00+00:00,2021-08-03 12:30:00+00:00,0.019998226781977643,0.64867805,roi,bear,32.404374
1,UNI/USDT,2021-08-03 00:05:00+00:00,2021-08-03 22:30:00+00:00,-0.03675941635455079,-1.19688172,exit_signal,bear,32.52734
1,NEAR/USDT,2021-08-02 19:35:00+00:00,2021-08-03 22:35:00+00:00,-0.016202057392563484,-0.52691568,exit_signal,bear,32.48904
1,TRX/USDT,2021-08-03 18:00:00+00:00,2021-08-03 22:35:00+00:00,0.010916020954605298,0.35889165,exit_signal,bear,32.844671
1,ZEC/USDT,2021-08-04 00:15:00+00:00,2021-08-04 00:55:00+00:00,0.019969202715275317,0.64637566,roi,bear_high_vol,32.33629
1,SOL/USDT,2021-08-03 23:55:00+00:00,2021-08-04 11:40:00+00:00,0.011545406536113677,0.37411743,exit_signal,bear,32.371635
1,ADA/USDT,2021-08-04 00:15:00+00:00,2021-08-04 12:50:00+00:00,0.009223853813920088,0.29881831,exit_signal,bear_high_vol,32.36389
1,LINK/USDT,2021-08-04 19:10:00+00:00,2021-08-04 22:00:00+00:00,0.02001369417099754,0.6547176,roi,bear_high_vol,32.6808
1,ADA/USDT,2021-08-04 22:55:00+00:00,2021-08-05 14:20:00+00:00,0.001200955378852953,0.0396048,exit_signal,bear_high_vol,32.9448
1,BTC/USDT,2021-08-05 01:05:00+00:00,2021-08-05 14:50:00+00:00,-0.015168088341816804,-0.49614063,exit_signal,bear_high_vol,32.6768261
1,ZEC/USDT,2021-08-04 22:55:00+00:00,2021-08-05 15:00:00+00:00,0.009085268749561731,0.3003756,exit_signal,bear_high_vol,33.0288
1,ZEC/USDT,2021-08-05 21:20:00+00:00,2021-08-06 04:10:00+00:00,0.013344202887238617,0.4396292,exit_signal,bear_high_vol,32.91242
1,DOGE/USDT,2021-08-06 00:55:00+00:00,2021-08-06 06:00:00+00:00,0.009997093678260387,0.32833515,exit_signal,bear_high_vol,32.81025
1,BTC/USDT,2021-08-06 00:50:00+00:00,2021-08-06 06:15:00+00:00,0.020000023470523556,0.65260487,roi,bear_high_vol,32.5976076
1,XRP/USDT,2021-08-06 12:05:00+00:00,2021-08-06 15:30:00+00:00,0.012597501835912432,0.42134478,exit_signal,bear_high_vol,33.41328
1,BNB/USDT,2021-08-06 19:50:00+00:00,2021-08-07 00:35:00+00:00,0.008043201994684791,0.2689855,exit_signal,bear_high_vol,33.40918
1,XRP/USDT,2021-08-06 22:00:00+00:00,2021-08-07 00:35:00+00:00,0.020002853516513243,0.67214246,roi,bear_high_vol,33.56876
1,SOL/USDT,2021-08-06 21:55:00+00:00,2021-08-07 03:55:00+00:00,0.019993861711893317,0.67251282,roi,bear_high_vol,33.602362
1,ADA/USDT,2021-08-07 06:35:00+00:00,2021-08-07 09:30:00+00:00,0.015297058235387009,0.52161033,exit_signal,bear_high_vol,34.06467
1,SOL/USDT,2021-08-07 06:35:00+00:00,2021-08-07 09:30:00+00:00,0.018341297072526005,0.62615319,exit_signal,bear_high_vol,34.104876
1,ZEC/USDT,2021-08-07 04:50:00+00:00,2021-08-07 09:40:00+00:00,0.002530917169834313,0.0864546,exit_signal,bear_high_vol,34.12527
1,XRP/USDT,2021-08-07 12:55:00+00:00,2021-08-07 14:35:00+00:00,0.02005372841398168,0.69286546,roi,bear_high_vol,34.51594
1,SOL/USDT,2021-08-07 12:50:00+00:00,2021-08-07 21:25:00+00:00,-0.005045879106244182,-0.17445161,exit_signal,bear_high_vol,34.538547
1,NEAR/USDT,2021-08-07 12:50:00+00:00,2021-08-07 21:25:00+00:00,0.007412900182188293,0.25483136,exit_signal,bear_high_vol,34.3424
1,AVAX/USDT,2021-08-07 16:05:00+00:00,2021-08-07 21:25:00+00:00,0.019972065405320677,0.69317192,roi,bear_high_vol,34.6724
1,BNB/USDT,2021-08-08 01:35:00+00:00,2021-08-08 06:20:00+00:00,0.019994725028023106,0.700255,roi,bear_high_vol,34.987
1,TRX/USDT,2021-08-08 01:35:00+00:00,2021-08-08 06:25:00+00:00,0.0172621615948607,0.60519592,exit_signal,bear_high_vol,35.02408
1,NEAR/USDT,2021-08-08 09:00:00+00:00,2021-08-08 13:05:00+00:00,0.016469670575154544,0.58095048,exit_signal,bear_high_vol,35.23872
1,ZEC/USDT,2021-08-08 01:35:00+00:00,2021-08-09 04:30:00+00:00,-0.06399325400543428,-2.23827296,exit_signal,bear_high_vol,34.94176
1,BNB/USDT,2021-08-08 09:00:00+00:00,2021-08-09 08:50:00+00:00,-0.02303390226794482,-0.812757,exit_signal,bear_high_vol,35.25
1,BTC/USDT,2021-08-08 14:45:00+00:00,2021-08-09 09:15:00+00:00,0.0011744124165460035,0.04147365,exit_signal,bear_high_vol,35.279104
1,UNI/USDT,2021-08-09 20:35:00+00:00,2021-08-10 00:05:00+00:00,0.02001701074216741,0.69382216,roi,bear_high_vol,34.627
1,SOL/USDT,2021-08-09 19:55:00+00:00,2021-08-10 02:25:00+00:00,0.005296551183233695,0.18359856,exit_signal,bear_high_vol,34.629165
1,LINK/USDT,2021-08-09 20:35:00+00:00,2021-08-10 09:00:00+00:00,0.01572341244649641,0.54500976,exit_signal,bear_high_vol,34.62768
1,XRP/USDT,2021-08-10 10:35:00+00:00,2021-08-10 12:15:00+00:00,0.02004028539927874,0.70409697,roi,bear_high_vol,35.09898
1,DOGE/USDT,2021-08-10 10:40:00+00:00,2021-08-10 12:45:00+00:00,0.01999871214173918,0.70193888,roi,bear_high_vol,35.06414
1,AVAX/USDT,2021-08-10 11:55:00+00:00,2021-08-10 12:45:00+00:00,0.02002123289252002,0.7017381,roi,bear_high_vol,35.01468
1,AVAX/USDT,2021-08-10 15:35:00+00:00,2021-08-10 19:00:00+00:00,0.017950886409512024,0.6426012,exit_signal,bear_high_vol,35.76198
1,TRX/USDT,2021-08-10 15:35:00+00:00,2021-08-10 20:00:00+00:00,0.007674143954104533,0.27513825,exit_signal,bear_high_vol,35.816814
1,UNI/USDT,2021-08-10 15:35:00+00:00,2021-08-10 20:00:00+00:00,0.020014446684365497,0.71296156,roi,bear_high_vol,35.58676
1,UNI/USDT,2021-08-10 23:30:00+00:00,2021-08-11 01:15:00+00:00,0.019990694999396704,0.72438282,roi,bear_high_vol,36.1998
1,ZEC/USDT,2021-08-11 12:25:00+00:00,2021-08-11 13:20:00+00:00,0.020006941833222457,0.73105773,roi,bear_high_vol,36.5037
1,XRP/USDT,2021-08-11 12:10:00+00:00,2021-08-11 13:45:00+00:00,0.020038463698832467,0.73313344,roi,bear_high_vol,36.54976
1,AVAX/USDT,2021-08-11 12:25:00+00:00,2021-08-11 13:50:00+00:00,0.019985712126219645,0.72883478,roi,bear_high_vol,36.43136
1,ADA/USDT,2021-08-11 21:05:00+00:00,2021-08-12 02:20:00+00:00,0.020015530933768535,0.74659138,roi,bear_high_vol,37.26334
1,SOL/USDT,2021-08-11 21:05:00+00:00,2021-08-12 02:55:00+00:00,0.018123574122153766,0.67705302,exit_signal,bear_high_vol,37.320268
1,ZEC/USDT,2021-08-12 04:30:00+00:00,2021-08-13 00:45:00+00:00,-0.020440831095562922,-0.770984,exit_signal,bear_high_vol,37.68016
1,BNB/USDT,2021-08-12 04:25:00+00:00,2021-08-13 00:50:00+00:00,-0.010925170849365418,-0.4111562,exit_signal,bear_high_vol,37.59625
1,BTC/USDT,2021-08-11 21:05:00+00:00,2021-08-13 06:35:00+00:00,-0.01045431771396044,-0.38595402,exit_signal,bear_high_vol,36.881264
1,ADA/USDT,2021-08-13 14:35:00+00:00,2021-08-13 17:45:00+00:00,0.020007099202001596,0.74451008,roi,bear_high_vol,37.17512
1,NEAR/USDT,2021-08-13 14:35:00+00:00,2021-08-13 20:05:00+00:00,0.0200118572732932,0.74060224,roi,bear_high_vol,36.9712
1,BNB/USDT,2021-08-13 15:20:00+00:00,2021-08-13 20:10:00+00:00,0.01781929269756415,0.66115182,exit_signal,bear_high_vol,37.06608
1,XRP/USDT,2021-08-14 10:00:00+00:00,2021-08-14 12:00:00+00:00,0.02004267816988665,0.7608185,roi,bear_high_vol,37.922
1,ETH/USDT,2021-08-14 10:00:00+00:00,2021-08-14 14:55:00+00:00,-0.0016717649954391069,-0.06354028,exit_signal,bear_high_vol,37.969932
1,BTC/USDT,2021-08-14 10:00:00+00:00,2021-08-14 19:45:00+00:00,0.003336074842316207,0.1255451,exit_signal,bear_high_vol,37.594984
1,UNI/USDT,2021-08-15 04:00:00+00:00,2021-08-15 20:10:00+00:00,-0.01613619572432413,-0.6144192,exit_signal,bear_high_vol,38.03904
1,NEAR/USDT,2021-08-15 03:55:00+00:00,2021-08-15 20:20:00+00:00,-0.001499203635835629,-0.05716998,exit_signal,bear_high_vol,38.09547
1,AAVE/USDT,2021-08-15 04:00:00+00:00,2021-08-15 20:30:00+00:00,-0.020006400113493198,-0.7617258,exit_signal,bear_high_vol,38.03607
1,UNI/USDT,2021-08-16 03:45:00+00:00,2021-08-16 05:25:00+00:00,0.019999760698254338,0.75187854,roi,bear_high_vol,37.55682
1,ADA/USDT,2021-08-16 03:35:00+00:00,2021-08-16 07:35:00+00:00,0.01999950420854641,0.75397575,roi,bear_high_vol,37.66206
1,XRP/USDT,2021-08-16 09:20:00+00:00,2021-08-17 00:20:00+00:00,-0.10173532562885217,-3.89231227,stop_loss,bear_high_vol,38.22098
1,ETH/USDT,2021-08-16 03:55:00+00:00,2021-08-17 08:30:00+00:00,-0.019889943960600433,-0.74687302,exit_signal,bear_high_vol,37.51277
1,ZEC/USDT,2021-08-16 13:30:00+00:00,2021-08-17 09:05:00+00:00,0.005817205503971362,0.22218768,exit_signal,bear_high_vol,38.15676
1,BTC/USDT,2021-08-17 06:10:00+00:00,2021-08-17 09:30:00+00:00,0.019999974316727818,0.706434,roi,bear_high_vol,35.2864589
1,SOL/USDT,2021-08-17 11:25:00+00:00,2021-08-17 11:30:00+00:00,0.01999965516124714,0.74073924,roi,bear_high_vol,37.0006
1,SOL/USDT,2021-08-17 13:00:00+00:00,2021-08-17 15:50:00+00:00,0.019998658002386222,0.74657418,roi,bear_high_vol,37.29392
1,ZEC/USDT,2021-08-17 15:50:00+00:00,2021-08-18 01:10:00+00:00,-0.10177844329497467,-3.81316377,stop_loss,bear_high_vol,37.42791
1,ETH/USDT,2021-08-17 14:30:00+00:00,2021-08-18 06:00:00+00:00,-0.03499029525832624,-1.29526308,exit_signal,bear_high_vol,36.9808
1,NEAR/USDT,2021-08-18 11:50:00+00:00,2021-08-18 12:50:00+00:00,0.020010267531272753,0.6906582,roi,bear,34.48071
1,ADA/USDT,2021-08-18 11:50:00+00:00,2021-08-18 13:20:00+00:00,0.020008093029989342,0.71473944,roi,bear,35.68683
1,BTC/USDT,2021-08-17 14:30:00+00:00,2021-08-18 16:00:00+00:00,-0.004085900516619238,-0.15211481,exit_signal,bear_high_vol,37.1920086
1,DOGE/USDT,2021-08-18 19:25:00+00:00,2021-08-18 23:30:00+00:00,0.01998948077669593,0.72412452,roi,bear,36.18909
1,BTC/USDT,2021-08-18 19:20:00+00:00,2021-08-18 23:35:00+00:00,-0.001710289024572841,-0.06185522,exit_signal,bear,36.1304
1,ETH/USDT,2021-08-18 19:25:00+00:00,2021-08-18 23:35:00+00:00,0.005152412480389273,0.18640208,exit_signal,bear,36.14149
1,ADA/USDT,2021-08-19 03:30:00+00:00,2021-08-19 04:25:00+00:00,0.019981030968453262,0.73047216,roi,bear_high_vol,36.52176
1,XRP/USDT,2021-08-19 03:30:00+00:00,2021-08-19 05:25:00+00:00,0.019964675583107272,0.72976392,roi,bear_high_vol,36.51624
1,DOGE/USDT,2021-08-19 03:30:00+00:00,2021-08-19 09:55:00+00:00,0.020013778208840934,0.73067166,roi,bear_high_vol,36.47196
1,AVAX/USDT,2021-08-19 12:10:00+00:00,2021-08-19 12:15:00+00:00,0.019998095549935015,0.74219084,roi,bear_high_vol,37.076
1,AVAX/USDT,2021-08-19 13:30:00+00:00,2021-08-19 13:45:00+00:00,0.01998798606448289,0.74611656,roi,bear_high_vol,37.29096
1,DOGE/USDT,2021-08-19 17:10:00+00:00,2021-08-19 18:15:00+00:00,0.01999057573871747,0.75042125,roi,bear_high_vol,37.50125
1,SOL/USDT,2021-08-19 20:15:00+00:00,2021-08-19 20:30:00+00:00,0.02000466062636101,0.76096902,roi,bear_high_vol,38.001585
1,ADA/USDT,2021-08-20 03:25:00+00:00,2021-08-20 04:20:00+00:00,0.01999572145366853,0.76477093,roi,bear_high_vol,38.20852
1,XRP/USDT,2021-08-20 03:25:00+00:00,2021-08-20 05:00:00+00:00,0.019967194123092415,0.76478974,roi,bear_high_vol,38.26405
1,LINK/USDT,2021-08-20 03:25:00+00:00,2021-08-20 05:45:00+00:00,0.02001619831744916,0.76506001,roi,bear_high_vol,38.18386
1,XRP/USDT,2021-08-20 18:35:00+00:00,2021-08-20 20:30:00+00:00,0.019992968794005736,0.7806464,roi,bear_high_vol,39.00704
1,ETH/USDT,2021-08-20 18:35:00+00:00,2021-08-20 21:55:00+00:00,0.016208381243327352,0.6329827,exit_signal,bear_high_vol,39.013788
1,NEAR/USDT,2021-08-20 16:40:00+00:00,2021-08-20 22:00:00+00:00,-0.0036056739630193966,-0.13998952,exit_signal,bear_high_vol,38.786
1,ZEC/USDT,2021-08-21 00:30:00+00:00,2021-08-21 10:50:00+00:00,0.020000183059537727,0.78702984,roi,bear,39.31182
1,BTC/USDT,2021-08-21 04:20:00+00:00,2021-08-21 10:50:00+00:00,0.01126993459049225,0.44371604,exit_signal,bear,39.3323283
1,ADA/USDT,2021-08-21 09:40:00+00:00,2021-08-21 23:10:00+00:00,0.004537622231337912,0.1786704,exit_signal,bear,39.336
1,NEAR/USDT,2021-08-22 05:40:00+00:00,2021-08-22 06:00:00+00:00,0.01999591364940025,0.79777731,roi,bear,39.85716
1,ETH/USDT,2021-08-21 11:10:00+00:00,2021-08-22 06:45:00+00:00,0.0016720367032788102,0.06640972,exit_signal,bear,39.678182
1,XRP/USDT,2021-08-21 11:10:00+00:00,2021-08-22 07:20:00+00:00,0.010344921427291485,0.4124981,exit_signal,bear,39.83462
1,ADA/USDT,2021-08-22 12:45:00+00:00,2021-08-22 22:00:00+00:00,0.010588852336688884,0.42609372,exit_signal,bear,40.19964
1,XRP/USDT,2021-08-22 12:45:00+00:00,2021-08-22 22:15:00+00:00,-0.014931600309381711,-0.60148312,exit_signal,bear,40.24232
1,UNI/USDT,2021-08-22 12:15:00+00:00,2021-08-22 22:50:00+00:00,-0.022540067136979657,-0.90880986,exit_signal,bear,40.27947
1,NEAR/USDT,2021-08-23 05:25:00+00:00,2021-08-23 17:50:00+00:00,0.005754724317598569,0.22744566,exit_signal,bear,39.48381
1,XRP/USDT,2021-08-23 14:35:00+00:00,2021-08-23 23:30:00+00:00,0.015662182032576345,0.62477338,exit_signal,bear,39.85072
1,ZEC/USDT,2021-08-23 19:10:00+00:00,2021-08-23 23:45:00+00:00,0.014141364999140317,0.56631906,exit_signal,bear,40.00698
1,ADA/USDT,2021-08-24 00:45:00+00:00,2021-08-24 06:45:00+00:00,0.010621732745256624,0.4273122,exit_signal,bear,40.1898
1,BTC/USDT,2021-08-23 14:35:00+00:00,2021-08-24 07:05:00+00:00,-0.0021892530999153884,-0.08736774,exit_signal,bear,39.867688
1,BNB/USDT,2021-08-24 00:45:00+00:00,2021-08-25 05:40:00+00:00,-0.013540621825005055,-0.54202689,exit_signal,bear,39.9897
1,LINK/USDT,2021-08-24 09:20:00+00:00,2021-08-25 05:45:00+00:00,-0.06561817434744058,-2.65411916,exit_signal,bear,40.40752
1,XRP/USDT,2021-08-25 08:20:00+00:00,2021-08-25 12:20:00+00:00,0.007748791146070532,0.30065776,exit_signal,bear,38.76184
1,ZEC/USDT,2021-08-24 09:20:00+00:00,2021-08-25 14:50:00+00:00,-0.04891159240565589,-1.980188,exit_signal,bear,40.4446
1,BTC/USDT,2021-08-25 08:20:00+00:00,2021-08-25 15:55:00+00:00,0.01725495399657585,0.67774762,exit_signal,bear,39.2391976
1,BTC/USDT,2021-08-26 03:10:00+00:00,2021-08-26 21:25:00+00:00,-0.02455153879724861,-0.95105852,exit_signal,bear,38.698528
1,XRP/USDT,2021-08-26 03:10:00+00:00,2021-08-26 21:25:00+00:00,-0.037145673517254396,-1.45515186,exit_signal,bear,39.13506
1,BTC/USDT,2021-08-27 00:20:00+00:00,2021-08-27 01:00:00+00:00,0.019999958748133147,0.76179474,roi,bear,38.0517638
1,TRX/USDT,2021-08-27 00:20:00+00:00,2021-08-27 01:05:00+00:00,0.019944145159674034,0.75904322,roi,bear,38.020428
1,ETH/USDT,2021-08-26 03:10:00+00:00,2021-08-27 11:35:00+00:00,-0.006789800180287518,-0.26534692,exit_signal,bear,39.041184
1,BTC/USDT,2021-08-27 03:30:00+00:00,2021-08-27 11:40:00+00:00,0.019168114829983207,0.74480216,exit_signal,bear,38.8174898
1,LINK/USDT,2021-08-27 20:05:00+00:00,2021-08-27 20:30:00+00:00,0.020009221547683084,0.77684373,roi,bear,38.7855
1,BNB/USDT,2021-08-27 20:05:00+00:00,2021-08-28 00:00:00+00:00,0.01999919667960905,0.7767448,roi,bear,38.8
1,NEAR/USDT,2021-08-28 02:35:00+00:00,2021-08-28 12:35:00+00:00,0.019997821639087757,0.78887424,roi,bear,39.4086
1,ADA/USDT,2021-08-28 02:40:00+00:00,2021-08-28 21:55:00+00:00,0.01852828023040789,0.732228,exit_signal,bear,39.48
1,ZEC/USDT,2021-08-28 02:40:00+00:00,2021-08-28 22:05:00+00:00,0.020000966775160323,0.7894668,roi,bear,39.432
1,ETH/USDT,2021-08-28 19:10:00+00:00,2021-08-29 00:55:00+00:00,0.01274796158204111,0.50638792,exit_signal,bear,39.683367
1,ADA/USDT,2021-08-29 02:50:00+00:00,2021-08-29 06:40:00+00:00,0.0026256708366473158,0.1062,exit_signal,bear,40.4064
1,ETH/USDT,2021-08-29 03:00:00+00:00,2021-08-29 19:20:00+00:00,-0.004006694751615745,-0.1619055,exit_signal,bear,40.368375
1,BTC/USDT,2021-08-29 02:50:00+00:00,2021-08-29 22:35:00+00:00,0.007785750194758099,0.31202718,exit_signal,bear,40.036664
1,AVAX/USDT,2021-08-29 22:55:00+00:00,2021-08-30 14:50:00+00:00,-0.1017982017982018,-4.1107479,stop_loss,bear,40.341
1,NEAR/USDT,2021-08-29 13:55:00+00:00,2021-08-30 15:20:00+00:00,-0.04561425791344603,-1.8238425,exit_signal,bear,39.9441
1,XRP/USDT,2021-08-30 00:05:00+00:00,2021-08-30 17:00:00+00:00,-0.0037502660626179186,-0.15223272,exit_signal,bear,40.55196
1,BTC/USDT,2021-08-30 22:25:00+00:00,2021-08-31 07:45:00+00:00,-0.006734654875201354,-0.25803472,exit_signal,bear,38.276192
1,NEAR/USDT,2021-08-30 21:10:00+00:00,2021-08-31 07:55:00+00:00,-0.021464177866561827,-0.8208654,exit_signal,bear,38.2053
1,ZEC/USDT,2021-08-30 22:25:00+00:00,2021-08-31 11:20:00+00:00,0.0035120159343761826,0.1355004,exit_signal,bear,38.5434
1,AVAX/USDT,2021-08-31 14:40:00+00:00,2021-08-31 15:10:00+00:00,0.01999916710026916,0.760396,roi,bear,37.9834
1,SOL/USDT,2021-08-31 14:50:00+00:00,2021-08-31 17:40:00+00:00,-0.1017982017982018,-3.89241696,stop_loss,bear,38.1984
1,LINK/USDT,2021-08-31 22:40:00+00:00,2021-08-31 23:30:00+00:00,0.020010005308627055,0.72722576,roi,bear,36.3068
1,NEAR/USDT,2021-08-31 14:40:00+00:00,2021-09-01 00:35:00+00:00,0.019997312562579306,0.7618428,roi,bear,38.0592
1,ZEC/USDT,2021-08-31 22:25:00+00:00,2021-09-01 11:20:00+00:00,0.019984730259184867,0.74193687,roi,bear,37.0881
1,UNI/USDT,2021-09-01 13:25:00+00:00,2021-09-01 16:00:00+00:00,0.019985014985014985,0.75794944,roi,bear,37.888
1,AAVE/USDT,2021-09-01 09:45:00+00:00,2021-09-01 16:35:00+00:00,0.01998974053423259,0.7540967,roi,bear,37.6865
1,SOL/USDT,2021-09-01 22:20:00+00:00,2021-09-02 01:30:00+00:00,0.019992792843717765,0.76803948,roi,bear,38.37744
1,AVAX/USDT,2021-09-01 21:50:00+00:00,2021-09-02 03:30:00+00:00,0.011321153676573954,0.435609,exit_signal,bear,38.439
1,AAVE/USDT,2021-09-02 01:15:00+00:00,2021-09-02 04:30:00+00:00,0.019996056379929742,0.76878655,roi,bear,38.4085
1,LINK/USDT,2021-09-02 04:25:00+00:00,2021-09-02 10:35:00+00:00,0.020014199069426575,0.7728919,roi,bear,38.5786
1,BNB/USDT,2021-09-02 04:25:00+00:00,2021-09-02 12:10:00+00:00,0.0082106927442443,0.3173746,exit_signal,bear,38.6152
1,XRP/USDT,2021-09-02 14:45:00+00:00,2021-09-02 22:35:00+00:00,0.02003788211788212,0.7897806,roi,bear,39.375
1,ADA/USDT,2021-09-02 14:35:00+00:00,2021-09-03 03:50:00+00:00,-0.004344664405127959,-0.1709004,exit_signal,bear,39.2964
1,DOGE/USDT,2021-09-02 14:45:00+00:00,2021-09-03 04:00:00+00:00,-0.004353367468674279,-0.1719025,exit_signal,bear,39.4478
1,LINK/USDT,2021-09-02 23:25:00+00:00,2021-09-03 04:15:00+00:00,-0.0006717534956737615,-0.0265144,exit_signal,bear,39.431
1,SOL/USDT,2021-09-03 11:05:00+00:00,2021-09-03 12:35:00+00:00,0.020028961558739403,0.79238302,roi,bear,39.52234
1,AVAX/USDT,2021-09-03 11:00:00+00:00,2021-09-03 12:55:00+00:00,0.019933812524854804,0.7817798,roi,bear,39.1796
1,NEAR/USDT,2021-09-03 17:50:00+00:00,2021-09-04 03:10:00+00:00,-0.02436567323726857,-0.9715772,exit_signal,bear,39.835
1,BTC/USDT,2021-09-03 18:05:00+00:00,2021-09-04 03:40:00+00:00,-0.0026389264354114298,-0.10492552,exit_signal,bear,39.720963
1,UNI/USDT,2021-09-03 11:05:00+00:00,2021-09-04 10:15:00+00:00,-0.014418477586994237,-0.5706897,exit_signal,bear,39.5409
1,TRX/USDT,2021-09-04 11:00:00+00:00,2021-09-05 00:55:00+00:00,0.017869584936193606,0.7076841,exit_signal,bear,39.563153
1,SOL/USDT,2021-09-04 09:45:00+00:00,2021-09-05 01:10:00+00:00,0.002861495766337168,0.11365128,exit_signal,bear,39.67776
1,ADA/USDT,2021-09-05 06:25:00+00:00,2021-09-05 07:20:00+00:00,0.019995462620153105,0.7921718,roi,bear,39.578
1,BTC/USDT,2021-09-04 11:00:00+00:00,2021-09-05 09:00:00+00:00,0.005159046614351296,0.20312775,exit_signal,bear,39.333784
1,AAVE/USDT,2021-09-05 15:25:00+00:00,2021-09-05 17:40:00+00:00,0.019995539142937988,0.7978032,roi,bear,39.8592
1,UNI/USDT,2021-09-05 15:40:00+00:00,2021-09-06 00:05:00+00:00,0.02000356243618165,0.79968516,roi,bear,39.9372
1,AVAX/USDT,2021-09-06 02:25:00+00:00,2021-09-06 06:00:00+00:00,0.019991872534245413,0.8123216,roi,bear,40.592
1,SOL/USDT,2021-09-06 11:25:00+00:00,2021-09-06 13:55:00+00:00,0.02000442167015515,0.81827174,roi,bear,40.86368
1,ADA/USDT,2021-09-06 03:50:00+00:00,2021-09-07 02:15:00+00:00,-0.009640203166134249,-0.3909084,exit_signal,bear,40.5093
1,ETH/USDT,2021-09-06 11:40:00+00:00,2021-09-07 02:25:00+00:00,0.005772975046337941,0.23525445,exit_signal,bear,40.71028
1,LINK/USDT,2021-09-06 23:05:00+00:00,2021-09-07 09:40:00+00:00,-0.10179820179820182,-4.172805,stop_loss,bear,40.95
1,TRX/USDT,2021-09-07 06:55:00+00:00,2021-09-07 14:25:00+00:00,-0.101778789193689,-4.19538168,stop_loss,bear_high_vol,41.17941
1,SOL/USDT,2021-09-07 14:30:00+00:00,2021-09-07 14:30:00+00:00,0.019983382428023704,0.76559082,roi,bear_high_vol,38.2731
1,SOL/USDT,2021-09-07 14:50:00+00:00,2021-09-07 14:50:00+00:00,0.020008728012585294,0.77263656,roi,bear_high_vol,38.5764
1,SOL/USDT,2021-09-07 15:00:00+00:00,2021-09-07 15:00:00+00:00,0.019968533437653018,0.77577375,roi,bear_high_vol,38.811
1,BTC/USDT,2021-09-07 07:00:00+00:00,2021-09-07 15:05:00+00:00,-0.1017981827041289,-4.15966664,stop_loss,bear_high_vol,40.8210738
1,SOL/USDT,2021-09-07 15:10:00+00:00,2021-09-07 15:10:00+00:00,0.020005072584813478,0.75592946,roi,bear_high_vol,37.74914
1,NEAR/USDT,2021-09-07 15:10:00+00:00,2021-09-07 15:10:00+00:00,0.019994332939787487,0.75954372,roi,bear_high_vol,37.95
1,UNI/USDT,2021-09-08 05:45:00+00:00,2021-09-08 08:15:00+00:00,-0.1017982017982018,-3.90296361,stop_loss,bear_high_vol,38.3019
1,SOL/USDT,2021-09-08 05:40:00+00:00,2021-09-08 08:20:00+00:00,-0.10179217921659535,-3.90040035,stop_loss,bear_high_vol,38.27901
1,NEAR/USDT,2021-09-08 08:20:00+00:00,2021-09-08 08:25:00+00:00,0.020003283279052302,0.71238048,roi,bear_high_vol,35.5776
1,ADA/USDT,2021-09-08 06:15:00+00:00,2021-09-08 12:40:00+00:00,0.015051198801198802,0.5749281,exit_signal,bear_high_vol,38.16
1,NEAR/USDT,2021-09-08 18:50:00+00:00,2021-09-08 20:15:00+00:00,0.020004775391998617,0.71825282,roi,bear_high_vol,35.8682
1,DOGE/USDT,2021-09-08 21:55:00+00:00,2021-09-08 22:20:00+00:00,0.020006763944338975,0.72568005,roi,bear_high_vol,36.2355
1,AAVE/USDT,2021-09-08 20:15:00+00:00,2021-09-09 05:10:00+00:00,0.0200118572732932,0.7273772,roi,bear_high_vol,36.311
1,UNI/USDT,2021-09-08 20:50:00+00:00,2021-09-09 05:15:00+00:00,0.02000281857917751,0.72868253,roi,bear_high_vol,36.3926
1,BNB/USDT,2021-09-09 02:35:00+00:00,2021-09-09 05:20:00+00:00,0.019993544005401712,0.7291332,roi,bear_high_vol,36.432
1,ETH/USDT,2021-09-09 10:15:00+00:00,2021-09-09 13:20:00+00:00,0.0200003551904931,0.74414124,roi,bear_high_vol,37.169232
1,XRP/USDT,2021-09-09 10:20:00+00:00,2021-09-10 01:20:00+00:00,0.0200014999906589,0.74685266,roi,bear_high_vol,37.30253
1,DOGE/USDT,2021-09-09 10:20:00+00:00,2021-09-10 01:40:00+00:00,0.01295039213840948,0.4834536,exit_signal,bear_high_vol,37.2939
1,BTC/USDT,2021-09-09 18:20:00+00:00,2021-09-10 01:40:00+00:00,0.006910980573397193,0.25761398,exit_signal,bear_high_vol,37.2388
1,TRX/USDT,2021-09-10 05:10:00+00:00,2021-09-10 20:15:00+00:00,-0.030363055045179208,-1.15771964,exit_signal,bear_high_vol,38.09113
1,AVAX/USDT,2021-09-10 21:00:00+00:00,2021-09-10 21:05:00+00:00,0.019892807346196247,0.7353342,roi,bear_high_vol,36.9279
1,AVAX/USDT,2021-09-10 21:45:00+00:00,2021-09-10 21:55:00+00:00,0.019908808096180806,0.7485525,roi,bear_high_vol,37.5615
1,BTC/USDT,2021-09-10 05:05:00+00:00,2021-09-11 01:15:00+00:00,-0.025578174331683922,-0.97496204,exit_signal,bear_high_vol,38.078873
1,BNB/USDT,2021-09-10 05:05:00+00:00,2021-09-11 01:45:00+00:00,-0.046852024380114266,-1.7831328,exit_signal,bear_high_vol,38.0208
1,ADA/USDT,2021-09-11 03:30:00+00:00,2021-09-11 04:30:00+00:00,0.019998263701034483,0.7438626,roi,bear_high_vol,37.1592
1,AAVE/USDT,2021-09-11 03:40:00+00:00,2021-09-11 06:00:00+00:00,0.01998808108318195,0.74357388,roi,bear_high_vol,37.1637
1,NEAR/USDT,2021-09-11 03:15:00+00:00,2021-09-11 06:55:00+00:00,0.019999592970760732,0.7373276,roi,bear_high_vol,36.8303
1,TRX/USDT,2021-09-11 16:10:00+00:00,2021-09-11 21:50:00+00:00,0.01017017331183687,0.38706065,exit_signal,bear_high_vol,38.020392
1,BNB/USDT,2021-09-11 16:10:00+00:00,2021-09-12 08:15:00+00:00,0.002884590947213257,0.1097772,exit_signal,bear_high_vol,38.0184
1,ZEC/USDT,2021-09-11 19:25:00+00:00,2021-09-12 08:20:00+00:00,0.0018082603894960876,0.068817,exit_signal,bear_high_vol,38.019
1,DOGE/USDT,2021-09-11 22:10:00+00:00,2021-09-12 08:20:00+00:00,0.013757742050222318,0.5237384,exit_signal,bear_high_vol,38.0306
1,TRX/USDT,2021-09-12 15:40:00+00:00,2021-09-12 16:15:00+00:00,0.02002662269998773,0.76937278,roi,bear_high_vol,38.379121
1,SOL/USDT,2021-09-12 17:55:00+00:00,2021-09-12 20:10:00+00:00,0.019995436486524694,0.7732802,roi,bear_high_vol,38.6342
1,BTC/USDT,2021-09-12 20:35:00+00:00,2021-09-12 23:00:00+00:00,0.00744501140692521,0.28732177,exit_signal,bear_high_vol,38.5539685
1,AAVE/USDT,2021-09-12 13:50:00+00:00,2021-09-12 23:10:00+00:00,-0.012344586692927925,-0.4714021,exit_signal,bear_high_vol,38.1488
1,ZEC/USDT,2021-09-12 15:40:00+00:00,2021-09-12 23:10:00+00:00,0.0033389070822225906,0.1281875,exit_signal,bear_high_vol,38.3537
1,LINK/USDT,2021-09-13 01:45:00+00:00,2021-09-13 13:35:00+00:00,-0.046595557855234136,-1.8027752,exit_signal,bear_high_vol,38.6512
1,XRP/USDT,2021-09-13 01:15:00+00:00,2021-09-13 13:40:00+00:00,-0.013963795677139996,-0.54215955,exit_signal,bear_high_vol,38.7873
1,DOGE/USDT,2021-09-13 01:30:00+00:00,2021-09-13 13:40:00+00:00,-0.01754065606524623,-0.6811878,exit_signal,bear_high_vol,38.796
1,ZEC/USDT,2021-09-14 00:10:00+00:00,2021-09-14 10:00:00+00:00,0.01997852187276023,0.75507538,roi,bear_high_vol,37.7566
1,BNB/USDT,2021-09-14 12:25:00+00:00,2021-09-14 15:05:00+00:00,0.020007165110128445,0.7576079,roi,bear_high_vol,37.829
1,XRP/USDT,2021-09-14 12:25:00+00:00,2021-09-14 15:25:00+00:00,0.020031284628964096,0.76310476,roi,bear_high_vol,38.05759
1,ZEC/USDT,2021-09-14 18:35:00+00:00,2021-09-14 20:40:00+00:00,0.019990560254330617,0.77122864,roi,bear_high_vol,38.5411
1,SOL/USDT,2021-09-14 11:45:00+00:00,2021-09-14 21:05:00+00:00,-0.1017799712313504,-3.88183328,stop_loss,bear_high_vol,38.10136
1,TRX/USDT,2021-09-14 21:25:00+00:00,2021-09-14 22:10:00+00:00,0.01998595809784621,0.74610968,roi,bear_high_vol,37.2944
1,BNB/USDT,2021-09-14 21:25:00+00:00,2021-09-14 22:40:00+00:00,0.018081024787433134,0.6776631,exit_signal,bear_high_vol,37.4418
1,NEAR/USDT,2021-09-14 18:40:00+00:00,2021-09-15 02:20:00+00:00,0.020001649027195204,0.76211212,roi,bear_high_vol,38.0644
1,ETH/USDT,2021-09-15 06:20:00+00:00,2021-09-15 10:35:00+00:00,0.01529284190856092,0.58208244,exit_signal,bull_high_vol,38.024387
1,UNI/USDT,2021-09-15 05:40:00+00:00,2021-09-15 10:40:00+00:00,0.012315970881707935,0.4703488,exit_signal,bull_high_vol,38.152
1,ZEC/USDT,2021-09-15 09:00:00+00:00,2021-09-15 10:40:00+00:00,0.009420785164492258,0.3609996,exit_signal,bull_high_vol,38.2812
1,SOL/USDT,2021-09-15 13:00:00+00:00,2021-09-15 14:00:00+00:00,0.019986969552186946,0.77341392,roi,bull_high_vol,38.65725
1,BNB/USDT,2021-09-15 21:00:00+00:00,2021-09-16 04:30:00+00:00,0.009228643397848929,0.3587038,exit_signal,bull_high_vol,38.8297
1,ADA/USDT,2021-09-15 20:50:00+00:00,2021-09-16 07:25:00+00:00,0.006823229000810358,0.2652,exit_signal,bull_high_vol,38.8284
1,AAVE/USDT,2021-09-16 07:45:00+00:00,2021-09-16 13:05:00+00:00,0.019988057055726233,0.78235458,roi,bull,39.102
1,TRX/USDT,2021-09-16 00:55:00+00:00,2021-09-16 16:40:00+00:00,0.004647960304022794,0.18163517,exit_signal,bull,39.039429
1,SOL/USDT,2021-09-16 13:45:00+00:00,2021-09-16 16:50:00+00:00,0.019988939058885744,0.78814307,roi,bull,39.38957
1,AVAX/USDT,2021-09-16 20:45:00+00:00,2021-09-16 22:00:00+00:00,0.020054698475008768,0.7942014,roi,bull,39.5622
1,ZEC/USDT,2021-09-16 08:20:00+00:00,2021-09-16 23:10:00+00:00,-0.028002279410730118,-1.0985628,exit_signal,bull,39.192
1,TRX/USDT,2021-09-17 06:30:00+00:00,2021-09-17 14:50:00+00:00,-0.10174700475558368,-4.04539331,stop_loss,bull,39.719616
1,NEAR/USDT,2021-09-17 08:05:00+00:00,2021-09-18 04:55:00+00:00,0.0033594600055097197,0.1325536,exit_signal,bull,39.4174
1,DOGE/USDT,2021-09-17 10:15:00+00:00,2021-09-18 06:20:00+00:00,0.0061924124295892865,0.2462278,exit_signal,bull,39.7231
1,BTC/USDT,2021-09-18 12:00:00+00:00,2021-09-19 06:10:00+00:00,-0.007345683766355053,-0.28095967,exit_signal,bull,38.2100564
1,XRP/USDT,2021-09-18 12:00:00+00:00,2021-09-19 07:05:00+00:00,-0.00023981581700635942,-0.00924273,exit_signal,bull,38.50245
1,UNI/USDT,2021-09-18 12:00:00+00:00,2021-09-19 07:05:00+00:00,-0.007259164193470763,-0.2795364,exit_signal,bull,38.4696
1,ADA/USDT,2021-09-19 10:35:00+00:00,2021-09-19 15:40:00+00:00,0.0017998914404834068,0.0690282,exit_signal,bull,38.313
1,DOGE/USDT,2021-09-19 11:00:00+00:00,2021-09-20 10:10:00+00:00,-0.101756409419726,-3.8917968,stop_loss,bull,38.208
1,ETH/USDT,2021-09-19 11:05:00+00:00,2021-09-20 11:25:00+00:00,-0.1017964427718907,-3.88480434,stop_loss,bull,38.124352
1,BNB/USDT,2021-09-19 20:05:00+00:00,2021-09-20 11:25:00+00:00,-0.10179820179820182,-3.9044004,stop_loss,bull,38.316
1,ADA/USDT,2021-09-20 19:00:00+00:00,2021-09-20 19:55:00+00:00,0.020003296269577024,0.68903778,roi,bull,34.4118
1,SOL/USDT,2021-09-20 19:00:00+00:00,2021-09-20 22:15:00+00:00,0.019971728019364247,0.6869228,roi,bull,34.3604
1,BTC/USDT,2021-09-21 14:55:00+00:00,2021-09-21 15:35:00+00:00,0.01999995969891803,0.69518192,roi,bull_high_vol,34.7244416
1,NEAR/USDT,2021-09-21 14:15:00+00:00,2021-09-21 20:50:00+00:00,-0.1017982017982018,-3.49820662,stop_loss,bull_high_vol,34.3298
1,XRP/USDT,2021-09-21 14:10:00+00:00,2021-09-22 01:50:00+00:00,-0.02139132593628977,-0.74776442,exit_signal,bull_high_vol,34.92151
1,DOGE/USDT,2021-09-21 17:00:00+00:00,2021-09-22 05:20:00+00:00,0.01997723430415738,0.70294198,roi,bull_high_vol,35.152
1,AVAX/USDT,2021-09-22 11:40:00+00:00,2021-09-22 12:35:00+00:00,0.020034748571134506,0.6744925,roi,bull_high_vol,33.6325
1,SOL/USDT,2021-09-22 11:40:00+00:00,2021-09-22 13:05:00+00:00,0.019982360657149784,0.6786915,roi,bull_high_vol,33.9306
1,XRP/USDT,2021-09-22 11:40:00+00:00,2021-09-22 14:40:00+00:00,0.01997196352035062,0.6787502,roi,bull_high_vol,33.9512
1,NEAR/USDT,2021-09-23 09:10:00+00:00,2021-09-23 13:00:00+00:00,0.020005710083556765,0.68298705,roi,bull_high_vol,34.1055
1,ADA/USDT,2021-09-23 08:55:00+00:00,2021-09-23 13:45:00+00:00,0.0033796468461937705,0.116777,exit_signal,bull_high_vol,34.5185
1,TRX/USDT,2021-09-23 09:05:00+00:00,2021-09-23 13:55:00+00:00,0.0011563681593295427,0.04014421,exit_signal,bull_high_vol,34.681088
1,AVAX/USDT,2021-09-23 15:30:00+00:00,2021-09-23 17:30:00+00:00,0.019984420865478136,0.6893238,roi,bull_high_vol,34.4586
1,NEAR/USDT,2021-09-24 02:00:00+00:00,2021-09-24 07:05:00+00:00,0.020002862747647884,0.7026424,roi,bull_high_vol,35.092
1,ETH/USDT,2021-09-24 02:00:00+00:00,2021-09-24 11:05:00+00:00,-0.1017982018267414,-3.56690862,stop_loss,bull_high_vol,35.00401
1,ADA/USDT,2021-09-24 09:10:00+00:00,2021-09-24 11:40:00+00:00,0.020011506350792067,0.70895548,roi,bull_high_vol,35.392
1,XRP/USDT,2021-09-23 22:35:00+00:00,2021-09-24 14:30:00+00:00,-0.049584717844172906,-1.74288471,exit_signal,bull_high_vol,35.11452
1,UNI/USDT,2021-09-24 23:35:00+00:00,2021-09-25 02:30:00+00:00,0.020021245353216754,0.67886584,roi,bull_high_vol,33.8734
1,AVAX/USDT,2021-09-25 01:25:00+00:00,2021-09-25 04:25:00+00:00,0.01992984900675013,0.6711744,roi,bull_high_vol,33.6432
1,NEAR/USDT,2021-09-25 07:55:00+00:00,2021-09-25 09:30:00+00:00,0.020004376378387534,0.6793952,roi,bull_high_vol,33.9284
1,LINK/USDT,2021-09-25 07:35:00+00:00,2021-09-25 18:10:00+00:00,0.020018686729386864,0.68716929,roi,bull_high_vol,34.2921
1,BTC/USDT,2021-09-25 01:30:00+00:00,2021-09-26 09:25:00+00:00,0.004174437246333369,0.14087621,exit_signal,bull_high_vol,33.71364
1,ETH/USDT,2021-09-26 00:55:00+00:00,2021-09-26 09:25:00+00:00,-0.0010955770839723396,-0.03815541,exit_signal,bull_high_vol,34.791977
1,ADA/USDT,2021-09-25 20:15:00+00:00,2021-09-26 09:35:00+00:00,-0.04025191163180942,-1.4001688,exit_signal,bull_high_vol,34.7504
1,SOL/USDT,2021-09-26 19:15:00+00:00,2021-09-26 20:30:00+00:00,0.01997824830899537,0.68470908,roi,bull_high_vol,34.23849
1,LINK/USDT,2021-09-26 17:50:00+00:00,2021-09-26 21:00:00+00:00,0.02000228835204205,0.68771763,roi,bull_high_vol,34.3476
1,BTC/USDT,2021-09-26 23:00:00+00:00,2021-09-27 00:00:00+00:00,0.004200175791716277,0.14607913,force_exit,bull_high_vol,34.744545
1,ETH/USDT,2021-09-26 23:00:00+00:00,2021-09-27 00:00:00+00:00,0.011410955547698625,0.39654116,force_exit,bull_high_vol,34.7162
1,ADA/USDT,2021-09-26 22:50:00+00:00,2021-09-27 00:00:00+00:00,-0.012295914045577571,-0.427986,force_exit,bull_high_vol,34.7724
2,UNI/USDT,2021-09-27 07:00:00+00:00,2021-09-27 08:40:00+00:00,0.020097983197614192,0.662418,roi,bull_high_vol,32.9265
2,ETH/USDT,2021-09-27 07:00:00+00:00,2021-09-27 14:35:00+00:00,0.0075717518517291514,0.24833913,exit_signal,bull_high_vol,32.765342
2,AAVE/USDT,2021-09-27 07:00:00+00:00,2021-09-28 07:45:00+00:00,-0.10176449690127502,-3.3480486,stop_loss,bull_high_vol,32.8671
2,SOL/USDT,2021-09-27 16:45:00+00:00,2021-09-28 21:25:00+00:00,-0.05643319424013751,-1.87333614,exit_signal,bull_high_vol,33.16248
2,AVAX/USDT,2021-09-27 16:50:00+00:00,2021-09-28 23:45:00+00:00,-0.10172487321642355,-3.326064,stop_loss,bull_high_vol,32.664
2,UNI/USDT,2021-09-28 22:30:00+00:00,2021-09-29 04:05:00+00:00,0.019926841219616884,0.6232248,roi,bull,31.2444
2,XRP/USDT,2021-09-28 14:20:00+00:00,2021-09-29 04:10:00+00:00,0.0023610370847758923,0.0725074,exit_signal,bull,30.6793
2,ETH/USDT,2021-09-29 09:05:00+00:00,2021-09-29 10:05:00+00:00,0.01275516960438244,0.38878465,exit_signal,bull,30.450105
2,XRP/USDT,2021-09-29 09:05:00+00:00,2021-09-29 13:00:00+00:00,0.020042294520101308,0.61593942,roi,bull,30.70128
2,NEAR/USDT,2021-09-29 15:20:00+00:00,2021-09-29 22:55:00+00:00,-0.014823138456816449,-0.4520385,exit_signal,bull,30.465
2,BTC/USDT,2021-09-29 09:05:00+00:00,2021-09-30 00:20:00+00:00,-0.012949389684504284,-0.39413367,exit_signal,bull,30.4060608
2,ADA/USDT,2021-09-29 15:35:00+00:00,2021-09-30 00:50:00+00:00,0.0032977153092927335,0.1019607,exit_signal,bull,30.8877
2,ADA/USDT,2021-09-30 07:05:00+00:00,2021-09-30 12:40:00+00:00,0.004206697176568052,0.1294335,exit_signal,bull,30.7377
2,XRP/USDT,2021-09-30 07:00:00+00:00,2021-09-30 12:45:00+00:00,0.006457850558676655,0.19897736,exit_signal,bull,30.78092
2,BNB/USDT,2021-09-30 07:05:00+00:00,2021-09-30 12:45:00+00:00,0.004370529762712692,0.1332774,exit_signal,bull,30.4641
2,ETH/USDT,2021-09-30 20:45:00+00:00,2021-10-01 00:00:00+00:00,0.02000043372862763,0.61625491,roi,bull,30.781296
2,TRX/USDT,2021-09-30 20:35:00+00:00,2021-10-01 00:05:00+00:00,0.012788048865859315,0.3961475,exit_signal,bull,30.947
2,XRP/USDT,2021-09-30 20:45:00+00:00,2021-10-01 00:30:00+00:00,0.02000502426532888,0.61856935,roi,bull,30.88981
2,BNB/USDT,2021-10-01 02:50:00+00:00,2021-10-01 06:50:00+00:00,0.019991430420076527,0.62782234,roi,bull_high_vol,31.3732
2,AAVE/USDT,2021-10-01 02:50:00+00:00,2021-10-01 07:25:00+00:00,0.019968292895659,0.626612,roi,bull_high_vol,31.349
2,ADA/USDT,2021-10-01 03:10:00+00:00,2021-10-01 07:25:00+00:00,0.014167823600886963,0.44652,exit_signal,bull_high_vol,31.485
2,NEAR/USDT,2021-10-01 21:50:00+00:00,2021-10-02 08:10:00+00:00,0.0027795984582114743,0.0881705,exit_signal,bull_high_vol,31.6889
2,ADA/USDT,2021-10-01 22:40:00+00:00,2021-10-02 12:55:00+00:00,0.0069849142756433485,0.2237184,exit_signal,bull_high_vol,31.9968
2,AVAX/USDT,2021-10-01 22:35:00+00:00,2021-10-02 13:15:00+00:00,0.006502612748876945,0.2047273,exit_signal,bull_high_vol,31.4524
2,NEAR/USDT,2021-10-02 20:30:00+00:00,2021-10-02 22:55:00+00:00,0.019998263701034483,0.63578,roi,bull,31.76
2,SOL/USDT,2021-10-02 23:25:00+00:00,2021-10-03 05:35:00+00:00,0.018685671909573657,0.60504407,exit_signal,bull,32.34776
2,NEAR/USDT,2021-10-03 09:05:00+00:00,2021-10-03 10:40:00+00:00,0.01998277032690748,0.639368,roi,bull,31.964
2,AVAX/USDT,2021-10-02 20:30:00+00:00,2021-10-03 14:10:00+00:00,0.0050460550178223805,0.161019,exit_signal,bull,31.878
2,ETH/USDT,2021-10-02 23:30:00+00:00,2021-10-03 17:50:00+00:00,0.02000085420930438,0.64368941,roi,bull,32.150945
2,DOGE/USDT,2021-10-03 15:45:00+00:00,2021-10-03 17:50:00+00:00,0.019826187479946022,0.6490738,roi,bull,32.7055
2,TRX/USDT,2021-10-03 15:45:00+00:00,2021-10-03 18:05:00+00:00,0.01680631219892075,0.55322837,exit_signal,bull,32.885007
2,XRP/USDT,2021-10-03 21:00:00+00:00,2021-10-04 13:30:00+00:00,-0.017657715769150515,-0.59069366,exit_signal,bull,33.41902
2,ADA/USDT,2021-10-03 20:35:00+00:00,2021-10-04 13:40:00+00:00,-0.028400171257314113,-0.9477972,exit_signal,bull,33.3396
2,ETH/USDT,2021-10-03 21:00:00+00:00,2021-10-04 13:40:00+00:00,-0.010776427463708108,-0.35806502,exit_signal,bull,33.193497
2,BNB/USDT,2021-10-04 14:55:00+00:00,2021-10-04 16:20:00+00:00,0.02000688850496912,0.65108238,roi,bull,32.5104
2,NEAR/USDT,2021-10-04 20:10:00+00:00,2021-10-05 00:45:00+00:00,-0.00019376284872152637,-0.0063084,exit_signal,bull,32.5248
2,AAVE/USDT,2021-10-04 21:10:00+00:00,2021-10-05 07:15:00+00:00,0.015621620218555593,0.516373,exit_signal,bull,33.022
2,ADA/USDT,2021-10-05 14:25:00+00:00,2021-10-05 19:15:00+00:00,0.003896603169660871,0.1296335,exit_signal,bull,33.2351
2,AVAX/USDT,2021-10-05 13:05:00+00:00,2021-10-05 20:10:00+00:00,-0.012275612490798473,-0.4077195,exit_signal,bull,33.1806
2,NEAR/USDT,2021-10-05 14:15:00+00:00,2021-10-05 20:30:00+00:00,-0.013705139461950764,-0.4459283,exit_signal,bull,32.5048
2,TRX/USDT,2021-10-06 01:00:00+00:00,2021-10-06 12:30:00+00:00,-0.023094318824749965,-0.76324405,exit_signal,bull_high_vol,33.01598
2,LINK/USDT,2021-10-06 01:10:00+00:00,2021-10-06 12:35:00+00:00,-0.034299405951191665,-1.1259258,exit_signal,bull_high_vol,32.7936
2,ADA/USDT,2021-10-06 01:10:00+00:00,2021-10-06 13:15:00+00:00,-0.0015458035394600867,-0.0508835,exit_signal,bull_high_vol,32.8843
2,SOL/USDT,2021-10-06 20:35:00+00:00,2021-10-07 04:40:00+00:00,-0.0012300127729138889,-0.039744,exit_signal,bull_high_vol,32.27958
2,LINK/USDT,2021-10-06 20:20:00+00:00,2021-10-07 07:40:00+00:00,-0.012313268127221616,-0.397341,exit_signal,bull_high_vol,32.2371
2,AVAX/USDT,2021-10-06 20:05:00+00:00,2021-10-07 07:55:00+00:00,-0.00966740911149021,-0.307762,exit_signal,bull_high_vol,31.8032
2,TRX/USDT,2021-10-07 10:50:00+00:00,2021-10-07 21:45:00+00:00,0.011014852717426245,0.35420357,exit_signal,bull_high_vol,32.12478
2,NEAR/USDT,2021-10-07 22:10:00+00:00,2021-10-07 23:50:00+00:00,0.020044975498505712,0.646816,roi,bull_high_vol,32.236
2,DOGE/USDT,2021-10-07 14:40:00+00:00,2021-10-08 00:40:00+00:00,0.01983200456167852,0.6349332,roi,bull_high_vol,31.9836
2,ZEC/USDT,2021-10-07 09:30:00+00:00,2021-10-08 00:50:00+00:00,0.006770386163357409,0.217216,exit_signal,bull_high_vol,32.0512
2,ZEC/USDT,2021-10-08 02:40:00+00:00,2021-10-08 08:35:00+00:00,0.019628044507659276,0.6414022,roi,bull_high_vol,32.6452
2,DOGE/USDT,2021-10-08 12:15:00+00:00,2021-10-08 16:50:00+00:00,0.01992718428845361,0.657002,roi,bull_high_vol,32.9372
2,ZEC/USDT,2021-10-08 11:55:00+00:00,2021-10-09 04:50:00+00:00,-0.00992494399960643,-0.3264588,exit_signal,bull_high_vol,32.8599
2,UNI/USDT,2021-10-08 19:45:00+00:00,2021-10-09 09:25:00+00:00,0.0003819709702062643,0.0126022,exit_signal,bull_high_vol,32.9596
2,XRP/USDT,2021-10-08 12:15:00+00:00,2021-10-09 10:05:00+00:00,0.0025722875255585536,0.08485708,exit_signal,bull_high_vol,32.956
2,BNB/USDT,2021-10-09 08:40:00+00:00,2021-10-10 04:15:00+00:00,-0.005794490815888819,-0.1902888,exit_signal,bull_high_vol,32.8068
2,AVAX/USDT,2021-10-09 16:20:00+00:00,2021-10-10 05:05:00+00:00,0.001629297515634869,0.0533088,exit_signal,bull_high_vol,32.6862
2,BTC/USDT,2021-10-10 09:15:00+00:00,2021-10-10 20:15:00+00:00,0.012187816116437959,0.3965373,exit_signal,bull_high_vol,32.5030469
2,AAVE/USDT,2021-10-09 16:20:00+00:00,2021-10-11 04:00:00+00:00,-0.04674273095325727,-1.5409926,exit_signal,bull_high_vol,32.9346
2,ZEC/USDT,2021-10-10 09:15:00+00:00,2021-10-11 04:10:00+00:00,-0.02903550632634298,-0.9593188,exit_signal,bull_high_vol,33.0065
2,SOL/USDT,2021-10-11 10:35:00+00:00,2021-10-11 22:30:00+00:00,-0.037124915196372225,-1.19751404,exit_signal,bull_high_vol,32.22412
2,XRP/USDT,2021-10-11 11:00:00+00:00,2021-10-12 13:40:00+00:00,-0.04436110764235765,-1.4323428,exit_signal,bull_high_vol,32.256
2,ADA/USDT,2021-10-11 11:00:00+00:00,2021-10-12 13:40:00+00:00,-0.029142208652634765,-0.9395392,exit_signal,bull_high_vol,32.2076
2,BTC/USDT,2021-10-12 10:05:00+00:00,2021-10-12 23:05:00+00:00,-0.008779926055350128,-0.27482629,exit_signal,bull_high_vol,31.270393
2,BNB/USDT,2021-10-13 05:35:00+00:00,2021-10-13 08:00:00+00:00,0.019994510836756824,0.61979319,roi,bull_high_vol,30.9672
2,BTC/USDT,2021-10-13 05:35:00+00:00,2021-10-13 14:35:00+00:00,0.0002305843336152974,0.00705619,exit_signal,bull_high_vol,30.570771
2,ADA/USDT,2021-10-13 05:35:00+00:00,2021-10-13 17:30:00+00:00,0.011264483025280367,0.3492426,exit_signal,bull_high_vol,30.9729
2,BNB/USDT,2021-10-13 14:05:00+00:00,2021-10-13 17:45:00+00:00,0.0200023976023976,0.62169552,roi,bull_high_vol,31.05
2,NEAR/USDT,2021-10-14 09:30:00+00:00,2021-10-14 11:25:00+00:00,0.019971437958015138,0.6255312,roi,bull_high_vol,31.29
2,TRX/USDT,2021-10-14 06:55:00+00:00,2021-10-14 11:30:00+00:00,0.01843013998652938,0.58326896,exit_signal,bull_high_vol,31.615944
2,XRP/USDT,2021-10-14 07:35:00+00:00,2021-10-14 11:30:00+00:00,0.009911541837804195,0.31305648,exit_signal,bull_high_vol,31.55349
2,TRX/USDT,2021-10-14 15:05:00+00:00,2021-10-15 02:50:00+00:00,-0.004038488539757226,-0.12982295,exit_signal,bull_high_vol,32.114306
2,NEAR/USDT,2021-10-15 04:30:00+00:00,2021-10-15 04:40:00+00:00,0.01999867110718919,0.6330564,roi,bull_high_vol,31.6233
2,DOGE/USDT,2021-10-14 15:10:00+00:00,2021-10-15 15:20:00+00:00,-0.006279434850863423,-0.2007324,exit_signal,bull_high_vol,31.9347
2,ETH/USDT,2021-10-15 08:20:00+00:00,2021-10-15 16:45:00+00:00,0.011752016305879975,0.37942776,exit_signal,bull_high_vol,32.25393
2,BNB/USDT,2021-10-14 14:25:00+00:00,2021-10-15 17:25:00+00:00,-0.007471119894659232,-0.2375552,exit_signal,bull_high_vol,31.7647
2,ETH/USDT,2021-10-16 01:50:00+00:00,2021-10-16 08:15:00+00:00,0.013195800795799004,0.42453155,exit_signal,bull_high_vol,32.139576
2,BNB/USDT,2021-10-16 12:40:00+00:00,2021-10-16 12:50:00+00:00,-0.1017982017982018,-3.26919656,stop_loss,bull_high_vol,32.0824
2,NEAR/USDT,2021-10-16 12:50:00+00:00,2021-10-17 01:05:00+00:00,0.01502414199824181,0.428526,exit_signal,bull_high_vol,28.494
2,ZEC/USDT,2021-10-16 12:40:00+00:00,2021-10-17 04:20:00+00:00,0.010756017145793504,0.347784,exit_signal,bull_high_vol,32.3016
2,TRX/USDT,2021-10-16 12:40:00+00:00,2021-10-17 08:30:00+00:00,0.013737626836474625,0.4455834,exit_signal,bull_high_vol,32.40285
2,BTC/USDT,2021-10-17 05:25:00+00:00,2021-10-17 09:45:00+00:00,0.004484281507175177,0.13912355,exit_signal,bull_high_vol,30.99372
2,ETH/USDT,2021-10-17 12:15:00+00:00,2021-10-17 22:15:00+00:00,-0.014548253189051103,-0.45903354,exit_signal,bull_high_vol,31.520964
2,LINK/USDT,2021-10-17 12:15:00+00:00,2021-10-17 22:20:00+00:00,-0.02298918793383738,-0.7296471,exit_signal,bull_high_vol,31.707
2,ADA/USDT,2021-10-17 12:15:00+00:00,2021-10-17 23:55:00+00:00,-0.0038427376689853586,-0.1215304,exit_signal,bull_high_vol,31.5944
2,SOL/USDT,2021-10-18 03:45:00+00:00,2021-10-19 04:10:00+00:00,-0.0032514584134780066,-0.10158288,exit_signal,bull_high_vol,31.21104
2,ZEC/USDT,2021-10-19 06:15:00+00:00,2021-10-19 07:35:00+00:00,0.012088123591299314,0.377212,exit_signal,bull_high_vol,31.174
2,AAVE/USDT,2021-10-18 03:45:00+00:00,2021-10-19 17:10:00+00:00,0.0016383086936250235,0.0509953,exit_signal,bull_high_vol,31.0957
2,XRP/USDT,2021-10-19 08:40:00+00:00,2021-10-19 17:55:00+00:00,0.0056505821048757334,0.1776453,exit_signal,bull_high_vol,31.407
2,AVAX/USDT,2021-10-19 19:45:00+00:00,2021-10-19 23:10:00+00:00,0.009161764752819065,0.2841795,exit_signal,bull_high_vol,30.987
2,ADA/USDT,2021-10-18 03:40:00+00:00,2021-10-20 09:15:00+00:00,-0.012724191696154312,-0.3979522,exit_signal,bull_high_vol,31.244
2,AAVE/USDT,2021-10-20 02:15:00+00:00,2021-10-20 11:55:00+00:00,0.004333229374965602,0.1364055,exit_signal,bull_high_vol,31.4475
2,UNI/USDT,2021-10-20 05:15:00+00:00,2021-10-20 12:10:00+00:00,0.008098516269722494,0.2541748,exit_signal,bull_high_vol,31.354
2,ADA/USDT,2021-10-20 20:20:00+00:00,2021-10-21 00:20:00+00:00,0.020026869682042096,0.632229,roi,bull_high_vol,31.5375
2,ZEC/USDT,2021-10-20 20:20:00+00:00,2021-10-21 00:30:00+00:00,0.012077244447963051,0.3816212,exit_signal,bull_high_vol,31.5668
2,BTC/USDT,2021-10-20 20:15:00+00:00,2021-10-21 08:20:00+00:00,-0.008544464942649807,-0.26536243,exit_signal,bull_high_vol,31.0256212
2,DOGE/USDT,2021-10-21 02:05:00+00:00,2021-10-21 09:25:00+00:00,0.01987928372942323,0.6340729,roi,bull_high_vol,31.8643
2,BNB/USDT,2021-10-21 02:05:00+00:00,2021-10-22 01:35:00+00:00,-0.03870842725114082,-1.2337088,exit_signal,bull_high_vol,31.84
2,ADA/USDT,2021-10-21 11:35:00+00:00,2021-10-22 06:10:00+00:00,-0.013171333816206186,-0.4210063,exit_signal,bull_high_vol,31.9319
2,BTC/USDT,2021-10-21 11:35:00+00:00,2021-10-22 08:20:00+00:00,-0.011304893023510412,-0.35608687,exit_signal,bull_high_vol,31.4670062
2,DOGE/USDT,2021-10-22 13:35:00+00:00,2021-10-22 19:10:00+00:00,-0.0036401278688403325,-0.1142682,exit_signal,bull_high_vol,31.3599
2,SOL/USDT,2021-10-22 19:10:00+00:00,2021-10-23 02:40:00+00:00,0.019991530604023023,0.62566104,roi,bull_high_vol,31.26504
2,ETH/USDT,2021-10-22 10:30:00+00:00,2021-10-23 02:50:00+00:00,-0.016731105367056173,-0.52111543,exit_signal,bull_high_vol,31.115388
2,AAVE/USDT,2021-10-22 09:40:00+00:00,2021-10-23 04:30:00+00:00,-0.013236060155046704,-0.4151084,exit_signal,bull_high_vol,31.3306
2,BTC/USDT,2021-10-23 09:25:00+00:00,2021-10-23 11:25:00+00:00,0.01125076949206569,0.34737482,exit_signal,bull_high_vol,30.8448051
2,ZEC/USDT,2021-10-23 09:10:00+00:00,2021-10-23 12:45:00+00:00,0.019838824688026342,0.6178904,roi,bull_high_vol,31.1144
2,ZEC/USDT,2021-10-23 19:20:00+00:00,2021-10-23 21:45:00+00:00,0.013355874894336435,0.4202484,exit_signal,bull_high_vol,31.434
2,BNB/USDT,2021-10-23 09:20:00+00:00,2021-10-24 21:05:00+00:00,-0.0038798410891434146,-0.1204905,exit_signal,bull_high_vol,31.0245
2,AAVE/USDT,2021-10-24 04:30:00+00:00,2021-10-24 21:05:00+00:00,-0.03512929288062392,-1.111572,exit_signal,bull_high_vol,31.6107
2,ETH/USDT,2021-10-24 04:35:00+00:00,2021-10-24 21:05:00+00:00,-0.006381313440266604,-0.20191086,exit_signal,bull_high_vol,31.609347
2,NEAR/USDT,2021-10-25 10:30:00+00:00,2021-10-25 11:25:00+00:00,0.02000876607818168,0.607653,roi,bull_high_vol,30.339
2,XRP/USDT,2021-10-25 10:30:00+00:00,2021-10-25 15:55:00+00:00,0.009205185686599011,0.28740754,exit_signal,bull_high_vol,31.19116
2,ZEC/USDT,2021-10-25 13:05:00+00:00,2021-10-25 15:55:00+00:00,0.01599970709918354,0.5010642,exit_signal,bull_high_vol,31.2858
2,TRX/USDT,2021-10-25 10:25:00+00:00,2021-10-26 01:00:00+00:00,0.005939973726810076,0.18569142,exit_signal,bull_high_vol,31.23009
2,BTC/USDT,2021-10-25 17:35:00+00:00,2021-10-26 08:10:00+00:00,-0.0030932892210023383,-0.09744966,exit_signal,bull_high_vol,31.4721
2,ETH/USDT,2021-10-26 06:05:00+00:00,2021-10-26 08:15:00+00:00,0.0043435931690027066,0.1368162,exit_signal,bull_high_vol,31.466925
2,AVAX/USDT,2021-10-26 11:35:00+00:00,2021-10-26 17:25:00+00:00,0.00695842618919542,0.2200365,exit_signal,bull_high_vol,31.59
2,ZEC/USDT,2021-10-25 18:05:00+00:00,2021-10-26 18:10:00+00:00,-0.03846791259784299,-1.2148455,exit_signal,bull_high_vol,31.5492
2,BTC/USDT,2021-10-26 12:35:00+00:00,2021-10-27 04:25:00+00:00,-0.02067936123826123,-0.6452272,exit_signal,bull_high_vol,31.170335
2,AVAX/USDT,2021-10-26 21:55:00+00:00,2021-10-27 08:00:00+00:00,-0.10175520300466445,-3.191535,stop_loss,bull_high_vol,31.3335
2,ZEC/USDT,2021-10-26 21:45:00+00:00,2021-10-27 08:05:00+00:00,-0.10173775346397998,-3.194603,stop_loss,bull_high_vol,31.369
2,LINK/USDT,2021-10-27 07:05:00+00:00,2021-10-27 08:05:00+00:00,-0.10155463816232578,-3.1323526,stop_loss,bull_high_vol,30.8132
2,BNB/USDT,2021-10-27 08:05:00+00:00,2021-10-28 08:00:00+00:00,0.01999886536440061,0.56124087,roi,bull_high_vol,28.0356
2,ETH/USDT,2021-10-27 08:00:00+00:00,2021-10-28 08:25:00+00:00,-0.01460711657833922,-0.41126686,exit_signal,bull_high_vol,28.127112
2,UNI/USDT,2021-10-27 08:05:00+00:00,2021-10-28 08:25:00+00:00,-0.03719884766396394,-1.0375452,exit_signal,bull_high_vol,27.864
2,AAVE/USDT,2021-10-28 16:30:00+00:00,2021-10-28 16:30:00+00:00,0.02013329792772406,0.5581916,roi,bull_high_vol,27.6971
2,BTC/USDT,2021-10-28 18:40:00+00:00,2021-10-28 18:40:00+00:00,0.019999956322722254,0.55656827,roi,bull_high_vol,27.8006736
2,ADA/USDT,2021-10-28 18:40:00+00:00,2021-10-28 18:40:00+00:00,0.01995293708848696,0.5622768,roi,bull_high_vol,28.152
2,XRP/USDT,2021-10-28 18:40:00+00:00,2021-10-28 18:50:00+00:00,0.019956301088193715,0.5606872,roi,bull_high_vol,28.06768
2,ETH/USDT,2021-10-28 18:40:00+00:00,2021-10-28 19:30:00+00:00,0.019999864932232856,0.56153951,roi,bull_high_vol,28.049116
2,BNB/USDT,2021-10-28 18:40:00+00:00,2021-10-28 19:55:00+00:00,0.019999625374625376,0.56695578,roi,bull_high_vol,28.32
2,TRX/USDT,2021-10-28 18:50:00+00:00,2021-10-28 20:30:00+00:00,0.02000736789976461,0.57138366,roi,bull_high_vol,28.530132
2,BNB/USDT,2021-10-29 05:45:00+00:00,2021-10-29 11:10:00+00:00,0.01999152647679653,0.57711617,roi,bull_high_vol,28.8392
2,BTC/USDT,2021-10-29 05:45:00+00:00,2021-10-29 15:10:00+00:00,0.014339074686784378,0.40956855,exit_signal,bull_high_vol,28.5345742
2,XRP/USDT,2021-10-29 05:45:00+00:00,2021-10-29 15:40:00+00:00,0.015714107472816055,0.45655524,exit_signal,bull_high_vol,29.02482
2,SOL/USDT,2021-10-30 01:30:00+00:00,2021-10-31 00:00:00+00:00,-0.007778230000452222,-0.229878,exit_signal,bull_high_vol,29.5245
2,AVAX/USDT,2021-10-29 23:10:00+00:00,2021-10-31 00:10:00+00:00,-0.030909911157781026,-0.8987535,exit_signal,bull_high_vol,29.0475
2,NEAR/USDT,2021-10-30 02:00:00+00:00,2021-10-31 08:35:00+00:00,-0.10178031966241964,-2.9567408,stop_loss,bull_high_vol,29.0212
2,AVAX/USDT,2021-10-31 08:40:00+00:00,2021-10-31 15:30:00+00:00,0.004408687124142107,0.1154916,exit_signal,bull_high_vol,26.1702
2,BTC/USDT,2021-10-31 04:55:00+00:00,2021-10-31 21:30:00+00:00,-0.006666587903503693,-0.19277453,exit_signal,bull_high_vol,28.8876335
2,ETH/USDT,2021-10-31 05:20:00+00:00,2021-10-31 21:35:00+00:00,-0.01095513565820657,-0.31844805,exit_signal,bull_high_vol,29.039341
2,BTC/USDT,2021-11-01 02:20:00+00:00,2021-11-01 07:05:00+00:00,0.01010793900333674,0.28175955,exit_signal,bull_high_vol,27.847227
2,ADA/USDT,2021-11-01 02:00:00+00:00,2021-11-01 07:10:00+00:00,-0.002508227968350668,-0.0702273,exit_signal,bull_high_vol,27.9708
2,ZEC/USDT,2021-10-31 19:55:00+00:00,2021-11-01 07:15:00+00:00,-0.027483833635893996,-0.734731,exit_signal,bull_high_vol,26.7065
2,ETH/USDT,2021-11-01 17:05:00+00:00,2021-11-01 20:00:00+00:00,0.01539806622940558,0.42975536,exit_signal,bull_high_vol,27.881815
2,TRX/USDT,2021-11-01 17:10:00+00:00,2021-11-02 03:05:00+00:00,0.012927451951842195,0.36124785,exit_signal,bull_high_vol,27.916326
2,BTC/USDT,2021-11-01 15:05:00+00:00,2021-11-02 04:35:00+00:00,-0.0007537352871219692,-0.020849,exit_signal,bull_high_vol,27.6332715
2,XRP/USDT,2021-11-02 08:10:00+00:00,2021-11-02 09:25:00+00:00,0.010418819127994866,0.29298514,exit_signal,bull_high_vol,28.09267
2,BNB/USDT,2021-11-02 05:15:00+00:00,2021-11-02 09:50:00+00:00,0.005360538079432089,0.148461,exit_signal,bull_high_vol,27.6675
2,ZEC/USDT,2021-11-02 11:50:00+00:00,2021-11-02 20:15:00+00:00,0.0008797430942759662,0.0248901,exit_signal,bull_high_vol,28.2642
2,AAVE/USDT,2021-11-02 21:10:00+00:00,2021-11-03 07:55:00+00:00,-0.003244336057323881,-0.0915376,exit_signal,bull_high_vol,28.1864
2,TRX/USDT,2021-11-02 22:55:00+00:00,2021-11-03 10:05:00+00:00,0.010380899006210365,0.29437461,exit_signal,bull_high_vol,28.329004
2,ETH/USDT,2021-11-03 11:10:00+00:00,2021-11-03 16:15:00+00:00,-0.0018470292606874185,-0.05228553,exit_signal,bull_high_vol,28.279626
2,BNB/USDT,2021-11-02 23:10:00+00:00,2021-11-03 17:30:00+00:00,-0.0028975891604339416,-0.0820539,exit_signal,bull_high_vol,28.2897
2,UNI/USDT,2021-11-03 11:15:00+00:00,2021-11-03 19:00:00+00:00,0.0014055667712355854,0.0397291,exit_signal,bull_high_vol,28.2373
2,TRX/USDT,2021-11-03 22:45:00+00:00,2021-11-04 04:40:00+00:00,0.007209358849832709,0.20463487,exit_signal,bull_high_vol,28.356258
2,BTC/USDT,2021-11-04 01:35:00+00:00,2021-11-04 14:10:00+00:00,-0.003883739119370582,-0.10918707,exit_signal,bull,28.0858185
2,BNB/USDT,2021-11-04 03:15:00+00:00,2021-11-04 21:05:00+00:00,-0.0053943906711236105,-0.150735,exit_signal,bull,27.915
2,LINK/USDT,2021-11-04 05:40:00+00:00,2021-11-04 23:30:00+00:00,-0.010582281687729282,-0.299259,exit_signal,bull,28.251
2,ETH/USDT,2021-11-05 01:00:00+00:00,2021-11-05 06:10:00+00:00,0.018547916700086448,0.52322451,exit_signal,bull,28.18116
2,DOGE/USDT,2021-11-05 00:55:00+00:00,2021-11-05 08:35:00+00:00,0.020025270896351033,0.5643693,roi,bull,28.1547
2,SOL/USDT,2021-11-05 01:00:00+00:00,2021-11-05 18:15:00+00:00,-0.014614706358053784,-0.41294799,exit_signal,bull,28.22742
2,BNB/USDT,2021-11-05 19:50:00+00:00,2021-11-06 00:55:00+00:00,0.014855674127197304,0.4221446,exit_signal,bull,28.388
2,ADA/USDT,2021-11-05 09:25:00+00:00,2021-11-06 01:00:00+00:00,0.0005082812717167313,0.0144859,exit_signal,bull,28.4713
2,BTC/USDT,2021-11-05 09:40:00+00:00,2021-11-06 06:05:00+00:00,-0.0043088465109278745,-0.12236066,exit_signal,bull,28.3691752
2,ETH/USDT,2021-11-06 07:25:00+00:00,2021-11-06 17:15:00+00:00,-0.010557506005242504,-0.29747075,exit_signal,bull,28.148085
2,BTC/USDT,2021-11-06 07:25:00+00:00,2021-11-06 19:55:00+00:00,0.0036161552065737718,0.10342222,exit_signal,bull,28.5714786
2,ZEC/USDT,2021-11-06 07:20:00+00:00,2021-11-06 20:05:00+00:00,-0.030529689288813375,-0.8691693,exit_signal,bull,28.4412
2,DOGE/USDT,2021-11-07 06:55:00+00:00,2021-11-07 10:00:00+00:00,0.013427067522894418,0.3791456,exit_signal,bull,28.2092
2,BTC/USDT,2021-11-07 06:50:00+00:00,2021-11-07 10:10:00+00:00,0.003564222139098743,0.09919893,exit_signal,bull,27.8040555
2,TRX/USDT,2021-11-07 06:50:00+00:00,2021-11-07 10:15:00+00:00,0.007838847987184086,0.22143537,exit_signal,bull,28.220238
2,NEAR/USDT,2021-11-07 11:25:00+00:00,2021-11-07 16:35:00+00:00,0.014732712976934782,0.4162732,exit_signal,bull,28.2268
2,LINK/USDT,2021-11-07 18:10:00+00:00,2021-11-08 00:30:00+00:00,0.01989486539784252,0.5655772,roi,bull,28.3999
2,AVAX/USDT,2021-11-08 00:30:00+00:00,2021-11-08 00:35:00+00:00,0.020026377058465807,0.5713666,roi,bull,28.5022
2,AAVE/USDT,2021-11-07 22:25:00+00:00,2021-11-08 00:45:00+00:00,0.009573942196944392,0.2721709,exit_signal,bull,28.3999
2,BNB/USDT,2021-11-07 17:55:00+00:00,2021-11-08 06:45:00+00:00,-0.014757844894831198,-0.4173408,exit_signal,bull,28.251
2,AAVE/USDT,2021-11-08 05:00:00+00:00,2021-11-08 10:15:00+00:00,0.009187574567400221,0.26586,exit_signal,bull,28.908
2,BTC/USDT,2021-11-08 13:50:00+00:00,2021-11-08 15:40:00+00:00,0.009313448184882714,0.26826822,exit_signal,bull,28.7756172
2,ADA/USDT,2021-11-08 08:40:00+00:00,2021-11-08 16:40:00+00:00,0.011808349753013784,0.3397208,exit_signal,bull,28.7408
2,UNI/USDT,2021-11-08 13:40:00+00:00,2021-11-08 17:45:00+00:00,0.01569009958139537,0.4545978,exit_signal,bull,28.9446
2,ETH/USDT,2021-11-08 19:50:00+00:00,2021-11-08 23:45:00+00:00,0.010803435491225378,0.3136071,exit_signal,bull,28.999461
2,AAVE/USDT,2021-11-09 01:05:00+00:00,2021-11-09 04:15:00+00:00,0.01561737106472347,0.457193,exit_signal,bull,29.2454
2,AVAX/USDT,2021-11-08 17:55:00+00:00,2021-11-09 14:50:00+00:00,-0.0032062368624111966,-0.0933152,exit_signal,bull,29.0752
2,BNB/USDT,2021-11-08 19:40:00+00:00,2021-11-10 06:55:00+00:00,-0.013915829827740497,-0.4041855,exit_signal,bull,29.016
2,DOGE/USDT,2021-11-09 07:35:00+00:00,2021-11-10 07:30:00+00:00,-0.024469097735716747,-0.7195965,exit_signal,bull,29.379
2,AVAX/USDT,2021-11-10 08:05:00+00:00,2021-11-10 10:50:00+00:00,0.019948166182360796,0.581152,roi,bull_high_vol,29.104
2,UNI/USDT,2021-11-09 19:10:00+00:00,2021-11-10 10:55:00+00:00,0.010012552321691095,0.295815,exit_signal,bull,29.5149
2,ZEC/USDT,2021-11-10 08:40:00+00:00,2021-11-10 13:55:00+00:00,0.01975398757962328,0.57156,roi,bull_high_vol,28.905
2,SOL/USDT,2021-11-10 12:50:00+00:00,2021-11-10 14:15:00+00:00,0.01999087868653086,0.58648737,roi,bull_high_vol,29.30844
2,AVAX/USDT,2021-11-10 12:00:00+00:00,2021-11-10 21:20:00+00:00,-0.10168780334709537,-2.9445664,stop_loss,bull_high_vol,28.928
2,BNB/USDT,2021-11-10 17:45:00+00:00,2021-11-10 21:20:00+00:00,-0.1017982017982018,-3.01727938,stop_loss,bull_high_vol,29.6102
2,AAVE/USDT,2021-11-10 18:20:00+00:00,2021-11-10 21:20:00+00:00,-0.10156114669178802,-3.01312,stop_loss,bull_high_vol,29.6384
2,XRP/USDT,2021-11-10 21:20:00+00:00,2021-11-11 05:15:00+00:00,-0.006328260360188318,-0.1702294,exit_signal,bull_high_vol,26.873
2,ETH/USDT,2021-11-10 21:20:00+00:00,2021-11-11 07:35:00+00:00,0.019998957587807592,0.53305961,roi,bull_high_vol,26.627742
2,BTC/USDT,2021-11-10 21:20:00+00:00,2021-11-11 07:40:00+00:00,-0.001742587632896752,-0.04666754,exit_signal,bull_high_vol,26.7538448
2,AAVE/USDT,2021-11-11 14:15:00+00:00,2021-11-11 16:30:00+00:00,0.019921938526589692,0.537138,roi,bull,26.9352
2,BNB/USDT,2021-11-11 12:35:00+00:00,2021-11-11 21:35:00+00:00,0.01999923649391563,0.53388499,roi,bull,26.6686
2,ETH/USDT,2021-11-11 23:35:00+00:00,2021-11-12 01:45:00+00:00,0.0107869730511943,0.29557067,exit_signal,bull,27.373332
2,ZEC/USDT,2021-11-12 00:05:00+00:00,2021-11-12 01:45:00+00:00,0.0201579377701726,0.5521635,roi,bull,27.3645
2,LINK/USDT,2021-11-11 18:30:00+00:00,2021-11-12 18:20:00+00:00,-0.015426600310654133,-0.4153303,exit_signal,bull,26.8961
2,AVAX/USDT,2021-11-12 05:40:00+00:00,2021-11-12 18:25:00+00:00,-0.041310829027936535,-1.1292401,exit_signal,bull,27.3079
2,NEAR/USDT,2021-11-12 02:35:00+00:00,2021-11-13 00:00:00+00:00,-0.04036651317656292,-1.1023118,exit_signal,bull,27.2803
2,XRP/USDT,2021-11-13 01:40:00+00:00,2021-11-13 06:55:00+00:00,0.004850948424616136,0.12952738,exit_signal,bull,26.67478
2,DOGE/USDT,2021-11-13 02:00:00+00:00,2021-11-13 07:00:00+00:00,0.002281928597718071,0.0609336,exit_signal,bull,26.676
2,SOL/USDT,2021-11-13 01:55:00+00:00,2021-11-13 13:55:00+00:00,0.02000186569448539,0.53588048,roi,bull,26.76476
2,ADA/USDT,2021-11-13 09:50:00+00:00,2021-11-13 14:30:00+00:00,0.009281627463445645,0.2476817,exit_signal,bull,26.6585
2,AAVE/USDT,2021-11-13 09:35:00+00:00,2021-11-13 14:40:00+00:00,0.004505758171447321,0.1204254,exit_signal,bull,26.7003
2,BTC/USDT,2021-11-13 18:30:00+00:00,2021-11-14 00:20:00+00:00,0.005987710116747633,0.16185659,exit_signal,bull,27.0044628
2,XRP/USDT,2021-11-13 18:40:00+00:00,2021-11-14 00:25:00+00:00,0.01030117008845801,0.2797464,exit_signal,bull,27.12963
2,ADA/USDT,2021-11-13 18:40:00+00:00,2021-11-14 00:25:00+00:00,0.010214455148375854,0.2757348,exit_signal,bull,26.9676
2,TRX/USDT,2021-11-14 02:40:00+00:00,2021-11-14 09:45:00+00:00,0.003183639384516656,0.0872556,exit_signal,bull,27.380121
2,BNB/USDT,2021-11-14 03:55:00+00:00,2021-11-14 13:30:00+00:00,0.011757949345064104,0.3191874,exit_signal,bull,27.1194
2,LINK/USDT,2021-11-14 01:35:00+00:00,2021-11-14 22:25:00+00:00,-0.009684036342804115,-0.2650806,exit_signal,bull,27.3456
2,XRP/USDT,2021-11-14 16:10:00+00:00,2021-11-15 00:05:00+00:00,0.011654672118602783,0.31991133,exit_signal,bull,27.42177
2,ETH/USDT,2021-11-15 08:10:00+00:00,2021-11-15 09:05:00+00:00,0.011661603570990645,0.31609269,exit_signal,bull,27.078344
2,NEAR/USDT,2021-11-15 08:15:00+00:00,2021-11-15 09:30:00+00:00,0.015957574127282628,0.424741,exit_signal,bull,26.5903
2,LINK/USDT,2021-11-15 12:20:00+00:00,2021-11-16 01:00:00+00:00,-0.10153238297659724,-2.8160522,stop_loss,bull,27.7078
2,AAVE/USDT,2021-11-14 14:40:00+00:00,2021-11-16 01:05:00+00:00,-0.10160664671221292,-2.797872,stop_loss,bull,27.5088
2,BTC/USDT,2021-11-15 13:35:00+00:00,2021-11-16 10:10:00+00:00,-0.10179811019303406,-2.79960126,stop_loss,bull,27.4740312
2,AVAX/USDT,2021-11-17 03:10:00+00:00,2021-11-17 03:25:00+00:00,0.01997733737798185,0.484055,roi,bull,24.206
2,ETH/USDT,2021-11-16 18:40:00+00:00,2021-11-17 12:00:00+00:00,-0.0031747641494778295,-0.07847296,exit_signal,bull,24.693036
2,ZEC/USDT,2021-11-17 14:55:00+00:00,2021-11-17 16:30:00+00:00,0.020208018300834577,0.5059221,roi,bull,25.0107
2,NEAR/USDT,2021-11-17 14:55:00+00:00,2021-11-17 18:15:00+00:00,0.02000736800481155,0.4888442,roi,bull,24.4088
2,ZEC/USDT,2021-11-17 20:20:00+00:00,2021-11-18 00:15:00+00:00,0.020307278927968585,0.5156946,roi,bull,25.3692
2,DOGE/USDT,2021-11-17 19:50:00+00:00,2021-11-18 00:50:00+00:00,0.01752904687825998,0.4455216,exit_signal,bull,25.3908
2,BTC/USDT,2021-11-17 15:00:00+00:00,2021-11-18 01:30:00+00:00,0.019999961080201016,0.50124519,roi,bull,25.037271
2,ZEC/USDT,2021-11-18 03:55:00+00:00,2021-11-18 10:55:00+00:00,-0.02615346437002488,-0.678183,exit_signal,bull_high_vol,25.905
2,ZEC/USDT,2021-11-18 22:45:00+00:00,2021-11-19 00:40:00+00:00,0.020239719767066157,0.5190865,roi,bull_high_vol,25.6213
2,BTC/USDT,2021-11-18 03:55:00+00:00,2021-11-19 08:20:00+00:00,-0.05088231531214286,-1.31091943,exit_signal,bull_high_vol,25.7380155
2,ADA/USDT,2021-11-18 04:30:00+00:00,2021-11-19 08:20:00+00:00,-0.027615165583080022,-0.7133496,exit_signal,bull_high_vol,25.806
2,TRX/USDT,2021-11-19 20:40:00+00:00,2021-11-20 00:15:00+00:00,0.009075929938615291,0.22917814,exit_signal,bull,25.225976
2,NEAR/USDT,2021-11-19 21:00:00+00:00,2021-11-20 00:20:00+00:00,0.01996789982617769,0.5026509,roi,bull,25.1478
2,ZEC/USDT,2021-11-19 23:45:00+00:00,2021-11-20 00:40:00+00:00,0.020109637198244792,0.5056995,roi,bull,25.122
2,SOL/USDT,2021-11-20 03:40:00+00:00,2021-11-20 18:25:00+00:00,-0.005110660682767563,-0.13077743,exit_signal,bull,25.56358
2,AAVE/USDT,2021-11-20 03:10:00+00:00,2021-11-20 18:30:00+00:00,-0.009211605163900067,-0.2347288,exit_signal,bull,25.4564
2,LINK/USDT,2021-11-20 03:15:00+00:00,2021-11-20 18:30:00+00:00,0.0019059887480940112,0.0488215,exit_signal,bull,25.5892
2,AVAX/USDT,2021-11-20 23:35:00+00:00,2021-11-21 03:00:00+00:00,0.020004438408464293,0.501372,roi,bull,25.038
2,NEAR/USDT,2021-11-21 00:35:00+00:00,2021-11-21 15:45:00+00:00,-0.0013758062386491315,-0.0344604,exit_signal,bull,25.0224
2,SOL/USDT,2021-11-21 01:50:00+00:00,2021-11-21 15:45:00+00:00,0.002384106924465669,0.0607971,exit_signal,bull,25.47552
2,BTC/USDT,2021-11-21 03:55:00+00:00,2021-11-21 16:55:00+00:00,0.01647253244113234,0.41622925,exit_signal,bull,25.2428361
2,AVAX/USDT,2021-11-21 17:50:00+00:00,2021-11-21 19:15:00+00:00,0.01997396589295945,0.4952179,roi,bull,24.7684
2,ETH/USDT,2021-11-21 22:35:00+00:00,2021-11-22 13:40:00+00:00,-0.009273459718935357,-0.24005148,exit_signal,bull,25.86
2,XRP/USDT,2021-11-21 19:25:00+00:00,2021-11-23 03:10:00+00:00,-0.013045303664440625,-0.33826086,exit_signal,bull,25.9038
2,AAVE/USDT,2021-11-21 20:00:00+00:00,2021-11-23 08:55:00+00:00,0.020022236551780308,0.5198521,roi,bull,25.9378
2,BNB/USDT,2021-11-22 17:30:00+00:00,2021-11-23 09:50:00+00:00,0.008714319289719608,0.2230785,exit_signal,bull,25.5735
2,ZEC/USDT,2021-11-23 06:50:00+00:00,2021-11-23 13:10:00+00:00,0.0201579377701726,0.5194427,roi,bull,25.7429
2,ZEC/USDT,2021-11-23 18:25:00+00:00,2021-11-23 19:55:00+00:00,0.020221843528333342,0.5298644,roi,bull,26.1764
2,ADA/USDT,2021-11-23 18:35:00+00:00,2021-11-24 08:35:00+00:00,-0.03914866859029295,-1.021356,exit_signal,bull,26.0631
2,BNB/USDT,2021-11-23 21:40:00+00:00,2021-11-24 15:50:00+00:00,-0.005693061566504852,-0.1489928,exit_signal,bull,26.1448
2,AVAX/USDT,2021-11-24 23:55:00+00:00,2021-11-25 00:30:00+00:00,0.0200084662277561,0.5075576,roi,bull,25.3418
2,BTC/USDT,2021-11-25 04:35:00+00:00,2021-11-25 07:35:00+00:00,0.0030614511920416484,0.0790519,exit_signal,bull,25.7959125
2,ADA/USDT,2021-11-25 08:20:00+00:00,2021-11-25 10:20:00+00:00,0.010812537096155678,0.283312,exit_signal,bull,26.176
2,AAVE/USDT,2021-11-23 18:15:00+00:00,2021-11-25 10:30:00+00:00,-0.036308982497323304,-0.953148,exit_signal,bull,26.2248
2,SOL/USDT,2021-11-25 05:50:00+00:00,2021-11-25 11:30:00+00:00,0.01999425879369451,0.52251991,roi,bull,26.10739
2,ZEC/USDT,2021-11-25 17:25:00+00:00,2021-11-25 18:40:00+00:00,0.019902912070902987,0.5160288,roi,bull,25.9014
2,AVAX/USDT,2021-11-25 16:25:00+00:00,2021-11-26 08:15:00+00:00,-0.10172511189681016,-2.627835,stop_loss,bull,25.8069
2,LINK/USDT,2021-11-25 19:05:00+00:00,2021-11-26 08:20:00+00:00,-0.10157526762143293,-2.6764192,stop_loss,bull,26.3228
2,ADA/USDT,2021-11-25 19:30:00+00:00,2021-11-26 08:20:00+00:00,-0.1015038059285847,-2.6694255,stop_loss,bull,26.2725
2,DOGE/USDT,2021-11-26 23:30:00+00:00,2021-11-27 02:25:00+00:00,0.0198488079085094,0.4672512,roi,bull_high_vol,23.517
2,BNB/USDT,2021-11-27 07:00:00+00:00,2021-11-27 08:15:00+00:00,0.01796203796203796,0.420732,exit_signal,bull,23.4
2,ADA/USDT,2021-11-27 06:00:00+00:00,2021-11-27 08:25:00+00:00,0.012240677610327414,0.2909676,exit_signal,bull,23.7468
2,NEAR/USDT,2021-11-27 06:00:00+00:00,2021-11-27 08:25:00+00:00,0.016729638400340578,0.38731,exit_signal,bull,23.128
2,ZEC/USDT,2021-11-27 14:40:00+00:00,2021-11-28 01:40:00+00:00,-0.10168228983559995,-2.4450444,stop_loss,bull,24.0219
2,AVAX/USDT,2021-11-28 01:40:00+00:00,2021-11-28 06:45:00+00:00,0.008664019715778787,0.188336,exit_signal,bull_high_vol,21.716
2,AAVE/USDT,2021-11-27 10:05:00+00:00,2021-11-28 10:55:00+00:00,-0.032673431831326566,-0.7845377,exit_signal,bull,23.9875
2,UNI/USDT,2021-11-27 10:10:00+00:00,2021-11-28 19:40:00+00:00,-0.014663001972646642,-0.352763,exit_signal,bull,24.034
2,XRP/USDT,2021-11-28 14:15:00+00:00,2021-11-28 21:10:00+00:00,0.020035103558757716,0.46470564,roi,bull_high_vol,23.1714
2,BNB/USDT,2021-11-28 16:25:00+00:00,2021-11-28 21:25:00+00:00,0.018223730977008686,0.407113,exit_signal,bull_high_vol,22.3174
2,BNB/USDT,2021-11-29 03:00:00+00:00,2021-11-29 07:15:00+00:00,0.013145686574682122,0.3031716,exit_signal,bull,23.0394
2,SOL/USDT,2021-11-29 08:30:00+00:00,2021-11-29 10:55:00+00:00,0.020020386158214616,0.4688894,roi,bull,23.3972
2,NEAR/USDT,2021-11-29 08:25:00+00:00,2021-11-29 13:40:00+00:00,0.017901369147569755,0.4126808,exit_signal,bull,23.03
2,UNI/USDT,2021-11-29 03:05:00+00:00,2021-11-29 17:10:00+00:00,0.01354876279499395,0.3157713,exit_signal,bull,23.283
2,XRP/USDT,2021-11-29 19:50:00+00:00,2021-11-29 21:25:00+00:00,0.018154354870222027,0.43259004,exit_signal,bull,23.80464
2,BNB/USDT,2021-11-29 19:50:00+00:00,2021-11-30 00:45:00+00:00,0.020002009652155425,0.46974042,roi,bull,23.4612
2,SOL/USDT,2021-11-29 23:05:00+00:00,2021-11-30 11:35:00+00:00,0.004758155751533235,0.11359764,exit_signal,bull,23.85045
2,LINK/USDT,2021-11-29 19:40:00+00:00,2021-11-30 11:40:00+00:00,0.0008110104611914022,0.0193824,exit_signal,bull,23.8752
2,ZEC/USDT,2021-11-30 00:45:00+00:00,2021-11-30 11:45:00+00:00,-0.04424798382874832,-1.0668537,exit_signal,bull,24.0867
2,BTC/USDT,2021-11-30 16:00:00+00:00,2021-11-30 19:00:00+00:00,0.01694098018340669,0.39793217,exit_signal,bull,23.465858
2,BNB/USDT,2021-11-30 16:00:00+00:00,2021-12-01 02:40:00+00:00,0.019994885296051097,0.46972522,roi,bull,23.4688
2,SOL/USDT,2021-11-30 23:15:00+00:00,2021-12-01 02:40:00+00:00,0.020019557395131667,0.47737158,roi,bull,23.82144
2,TRX/USDT,2021-12-01 06:30:00+00:00,2021-12-01 13:40:00+00:00,0.01747772103993064,0.42529691,exit_signal,bull,24.30935
2,UNI/USDT,2021-12-01 08:15:00+00:00,2021-12-02 02:45:00+00:00,-0.021647308735220826,-0.5253075,exit_signal,bull,24.2424
2,SOL/USDT,2021-12-02 03:10:00+00:00,2021-12-02 04:30:00+00:00,0.020006821566926177,0.48412895,roi,bull,24.17402
2,DOGE/USDT,2021-11-30 16:00:00+00:00,2021-12-02 08:40:00+00:00,-0.012595437803194037,-0.300399,exit_signal,bull,23.826
2,ETH/USDT,2021-12-02 11:15:00+00:00,2021-12-02 15:00:00+00:00,0.02000036131034587,0.47849259,roi,bull,23.900297
2,LINK/USDT,2021-12-02 23:25:00+00:00,2021-12-03 06:15:00+00:00,0.013836854764438165,0.3370455,exit_signal,bull,24.3342
2,AAVE/USDT,2021-12-01 17:25:00+00:00,2021-12-03 10:10:00+00:00,-0.0711928071928072,-1.7397324,exit_signal,bull,24.4125
2,SOL/USDT,2021-12-02 23:20:00+00:00,2021-12-03 10:15:00+00:00,0.018867048807683754,0.4609731,exit_signal,bull,24.4083
2,ETH/USDT,2021-12-03 14:55:00+00:00,2021-12-03 20:15:00+00:00,-0.10179754125962232,-2.44840766,stop_loss,bull_high_vol,24.027709
2,AVAX/USDT,2021-12-03 14:45:00+00:00,2021-12-03 21:10:00+00:00,-0.0159797166481536,-0.3843158,exit_signal,bull_high_vol,24.0262
2,NEAR/USDT,2021-12-04 00:30:00+00:00,2021-12-04 01:55:00+00:00,0.020047348121280277,0.4629508,roi,bull_high_vol,23.0698
2,BNB/USDT,2021-12-03 14:45:00+00:00,2021-12-04 04:50:00+00:00,-0.10171752257443445,-2.4560328,stop_loss,bull_high_vol,24.1215
2,SOL/USDT,2021-12-04 21:50:00+00:00,2021-12-04 22:15:00+00:00,0.019976906262850362,0.44948914,roi,bull_high_vol,22.47796
2,UNI/USDT,2021-12-05 00:45:00+00:00,2021-12-05 03:35:00+00:00,0.020139932010435607,0.4573272,roi,bull_high_vol,22.6848
2,ADA/USDT,2021-12-05 00:45:00+00:00,2021-12-05 05:30:00+00:00,0.019760762493320632,0.449097,roi,bull_high_vol,22.704
2,ZEC/USDT,2021-12-05 09:10:00+00:00,2021-12-05 12:40:00+00:00,0.020020795530999613,0.4614418,roi,bull_high_vol,23.0251
2,ETH/USDT,2021-12-05 14:15:00+00:00,2021-12-05 23:15:00+00:00,0.01154231515310296,0.26346007,exit_signal,bull_high_vol,22.80278
2,NEAR/USDT,2021-12-05 09:10:00+00:00,2021-12-06 00:15:00+00:00,-0.10177258573049128,-2.3020345,stop_loss,bull_high_vol,22.5968
2,AAVE/USDT,2021-12-05 09:10:00+00:00,2021-12-06 06:50:00+00:00,-0.10139659133622918,-2.320447,stop_loss,bull_high_vol,22.862
2,ZEC/USDT,2021-12-06 06:50:00+00:00,2021-12-06 07:55:00+00:00,0.02020512288624097,0.4148235,roi,bull_high_vol,20.5101
2,XRP/USDT,2021-12-06 06:00:00+00:00,2021-12-06 16:00:00+00:00,0.009825461163040781,0.21849581,exit_signal,bull_high_vol,22.2155
2,ADA/USDT,2021-12-06 05:55:00+00:00,2021-12-06 19:20:00+00:00,0.0076913377884251675,0.1731912,exit_signal,bull_high_vol,22.4952
2,AVAX/USDT,2021-12-07 09:55:00+00:00,2021-12-07 15:00:00+00:00,0.0016152519613279914,0.0349232,exit_signal,bull_high_vol,21.5993
2,XRP/USDT,2021-12-07 12:25:00+00:00,2021-12-07 15:00:00+00:00,0.01999887594139908,0.4405786,roi,bull_high_vol,22.00816
2,BNB/USDT,2021-12-07 08:25:00+00:00,2021-12-07 15:05:00+00:00,0.011189942715599144,0.2414953,exit_signal,bull_high_vol,21.5599
2,UNI/USDT,2021-12-07 16:35:00+00:00,2021-12-08 02:10:00+00:00,0.020153911509051697,0.448994,roi,bull_high_vol,22.256
2,ETH/USDT,2021-12-07 17:40:00+00:00,2021-12-08 06:25:00+00:00,0.015334754436031687,0.33626656,exit_signal,bull_high_vol,21.906489
2,AAVE/USDT,2021-12-07 20:40:00+00:00,2021-12-08 09:20:00+00:00,0.015236786958319608,0.339144,exit_signal,bull_high_vol,22.236
2,XRP/USDT,2021-12-08 10:40:00+00:00,2021-12-08 14:15:00+00:00,0.020010419542266285,0.45199186,roi,bull_high_vol,22.56526
2,ETH/USDT,2021-12-08 10:40:00+00:00,2021-12-08 14:20:00+00:00,0.015400529265348845,0.34390257,exit_signal,bull_high_vol,22.30826
2,DOGE/USDT,2021-12-08 10:40:00+00:00,2021-12-08 14:45:00+00:00,0.020154575077739562,0.4537216,roi,bull_high_vol,22.4896
2,XRP/USDT,2021-12-08 22:10:00+00:00,2021-12-09 09:40:00+00:00,0.02000134225466626,0.46005684,roi,bull_high_vol,22.97832
2,NEAR/USDT,2021-12-09 10:10:00+00:00,2021-12-09 11:45:00+00:00,0.01996507014112648,0.45406,roi,bull_high_vol,22.72
2,ZEC/USDT,2021-12-09 14:25:00+00:00,2021-12-10 03:50:00+00:00,-0.02095831629510386,-0.4883094,exit_signal,bull_high_vol,23.2758
2,LINK/USDT,2021-12-09 02:10:00+00:00,2021-12-10 06:25:00+00:00,-0.10157086649113985,-2.3209784,stop_loss,bull_high_vol,22.828
2,ADA/USDT,2021-12-08 23:00:00+00:00,2021-12-10 12:05:00+00:00,-0.04466620336185553,-1.0304067,exit_signal,bull_high_vol,23.046
2,AVAX/USDT,2021-12-10 06:40:00+00:00,2021-12-10 13:40:00+00:00,0.020025930161295877,0.44056,roi,bull_high_vol,21.9775
2,ETH/USDT,2021-12-10 14:50:00+00:00,2021-12-11 03:20:00+00:00,-0.0073873931082309,-0.16194028,exit_signal,bull_high_vol,21.899268
2,NEAR/USDT,2021-12-11 06:20:00+00:00,2021-12-11 06:45:00+00:00,0.019958870519269024,0.4427868,roi,bull_high_vol,22.1628
2,TRX/USDT,2021-12-10 14:50:00+00:00,2021-12-11 08:30:00+00:00,-0.0015570423170113879,-0.03464005,exit_signal,bull_high_vol,22.225115
2,UNI/USDT,2021-12-10 14:50:00+00:00,2021-12-11 08:30:00+00:00,-0.0007323051077014298,-0.016184,exit_signal,bull_high_vol,22.078
2,BNB/USDT,2021-12-11 07:05:00+00:00,2021-12-11 16:05:00+00:00,0.006238110651458337,0.139224,exit_signal,bull_high_vol,22.296
2,LINK/USDT,2021-12-11 19:30:00+00:00,2021-12-11 23:20:00+00:00,0.01231760043235453,0.2743752,exit_signal,bull_high_vol,22.2528
2,SOL/USDT,2021-12-11 18:55:00+00:00,2021-12-11 23:25:00+00:00,0.017841225947088753,0.39726852,exit_signal,bull_high_vol,22.24464
2,XRP/USDT,2021-12-11 19:30:00+00:00,2021-12-11 23:25:00+00:00,0.015161010438889117,0.338418,exit_signal,bull_high_vol,22.2993
2,LINK/USDT,2021-12-12 04:50:00+00:00,2021-12-12 06:45:00+00:00,0.01747020946199591,0.3951656,exit_signal,bull_high_vol,22.5968
2,ETH/USDT,2021-12-12 04:50:00+00:00,2021-12-12 11:45:00+00:00,0.005887380891874844,0.13244913,exit_signal,bull_high_vol,22.474648
2,TRX/USDT,2021-12-12 08:45:00+00:00,2021-12-12 11:45:00+00:00,0.006821191797038895,0.15570947,exit_signal,bull_high_vol,22.804507
2,ADA/USDT,2021-12-12 04:45:00+00:00,2021-12-12 17:15:00+00:00,-0.0012620123239592267,-0.0286071,exit_signal,bull_high_vol,22.6452
2,BNB/USDT,2021-12-12 15:50:00+00:00,2021-12-12 17:20:00+00:00,0.009910481326331728,0.222812,exit_signal,bull_high_vol,22.46
2,NEAR/USDT,2021-12-12 21:40:00+00:00,2021-12-13 14:15:00+00:00,-0.1017982017982018,-2.2961127,stop_loss,bull_high_vol,22.533
2,BTC/USDT,2021-12-12 21:50:00+00:00,2021-12-14 08:45:00+00:00,-0.05387685202423975,-1.21335476,exit_signal,bull_high_vol,22.4983935
2,TRX/USDT,2021-12-12 21:40:00+00:00,2021-12-14 11:55:00+00:00,-0.05122141620492842,-1.17771854,exit_signal,bull_high_vol,22.969728
2,BNB/USDT,2021-12-14 11:35:00+00:00,2021-12-14 12:20:00+00:00,0.01995727159756492,0.4347924,roi,bull,21.7644
2,AVAX/USDT,2021-12-14 18:35:00+00:00,2021-12-14 20:30:00+00:00,0.020050289984266625,0.4267998,roi,bull,21.2652
2,DOGE/USDT,2021-12-14 18:25:00+00:00,2021-12-14 20:35:00+00:00,0.02000865727436841,0.4287176,roi,bull,21.4052
2,TRX/USDT,2021-12-15 07:05:00+00:00,2021-12-15 08:25:00+00:00,0.008990661724678823,0.19660727,exit_signal,bull,21.846096
2,DOGE/USDT,2021-12-15 01:00:00+00:00,2021-12-15 08:40:00+00:00,0.006804661710946165,0.148272,exit_signal,bull,21.768
2,NEAR/USDT,2021-12-15 12:30:00+00:00,2021-12-15 16:35:00+00:00,0.017408698202475627,0.3669729,exit_signal,bull,21.0588
2,AAVE/USDT,2021-12-15 10:45:00+00:00,2021-12-15 18:25:00+00:00,-0.01755438805798518,-0.383961,exit_signal,bull,21.8508
2,XRP/USDT,2021-12-15 10:20:00+00:00,2021-12-15 18:40:00+00:00,-0.0048576065768042844,-0.10655463,exit_signal,bull,21.91371
2,ZEC/USDT,2021-12-16 03:20:00+00:00,2021-12-16 09:45:00+00:00,0.020193910282855644,0.4422563,roi,bull,21.8786
2,BNB/USDT,2021-12-16 03:35:00+00:00,2021-12-16 10:05:00+00:00,0.008290678393771176,0.1815275,exit_signal,bull,21.8735
2,UNI/USDT,2021-12-16 04:15:00+00:00,2021-12-16 10:05:00+00:00,-0.0026580562294848007,-0.0579312,exit_signal,bull,21.7728
2,BTC/USDT,2021-12-16 13:10:00+00:00,2021-12-17 16:30:00+00:00,-0.02413167660471284,-0.52651809,exit_signal,bull,21.796749
2,ADA/USDT,2021-12-16 13:10:00+00:00,2021-12-17 16:30:00+00:00,-0.03354625328410988,-0.740401,exit_signal,bull,22.049
2,BNB/USDT,2021-12-16 13:10:00+00:00,2021-12-17 16:30:00+00:00,-0.0031191426061300616,-0.0683716,exit_signal,bull,21.8981
2,AVAX/USDT,2021-12-17 20:50:00+00:00,2021-12-17 21:15:00+00:00,0.019973175632260313,0.4158435,roi,bull,20.7993
2,ZEC/USDT,2021-12-17 20:20:00+00:00,2021-12-17 22:55:00+00:00,0.020284857226670488,0.4381606,roi,bull,21.5788
2,AVAX/USDT,2021-12-18 00:25:00+00:00,2021-12-18 03:35:00+00:00,0.01997176147278321,0.430462,roi,bull,21.532
2,ETH/USDT,2021-12-18 01:25:00+00:00,2021-12-18 03:35:00+00:00,0.019999298794706136,0.43430608,roi,bull,21.694371
2,LINK/USDT,2021-12-18 16:10:00+00:00,2021-12-18 22:20:00+00:00,0.004655344655344655,0.1035918,exit_signal,bull,22.23
2,BTC/USDT,2021-12-18 14:00:00+00:00,2021-12-19 02:55:00+00:00,0.00539277148196751,0.1183301,exit_signal,bull,21.9204334
2,DOGE/USDT,2021-12-18 14:00:00+00:00,2021-12-19 03:05:00+00:00,0.006172774593827226,0.137358,exit_signal,bull,22.23
2,UNI/USDT,2021-12-18 23:15:00+00:00,2021-12-19 03:15:00+00:00,0.0018257604464501016,0.0406404,exit_signal,bull,22.2372
2,ZEC/USDT,2021-12-19 08:25:00+00:00,2021-12-20 04:45:00+00:00,-0.009381493968423684,-0.2086784,exit_signal,bull,22.2214
2,TRX/USDT,2021-12-19 08:55:00+00:00,2021-12-20 19:15:00+00:00,-0.05048293269309768,-1.13030011,exit_signal,bull,22.36738
2,ADA/USDT,2021-12-19 08:10:00+00:00,2021-12-20 19:20:00+00:00,-0.03789174078462585,-0.8441088,exit_signal,bull,22.2546
2,XRP/USDT,2021-12-20 06:00:00+00:00,2021-12-20 20:05:00+00:00,-0.014623739606643642,-0.32494561,exit_signal,bull,22.19822
2,AVAX/USDT,2021-12-21 01:20:00+00:00,2021-12-21 03:20:00+00:00,0.019970595442293557,0.4227405,roi,bull,21.147
2,BNB/USDT,2021-12-21 01:25:00+00:00,2021-12-21 03:35:00+00:00,0.012082814749996815,0.2565739,exit_signal,bull,21.2134
2,LINK/USDT,2021-12-21 01:15:00+00:00,2021-12-21 03:55:00+00:00,0.012591090555356933,0.2700364,exit_signal,bull,21.4252
2,AAVE/USDT,2021-12-21 06:30:00+00:00,2021-12-21 12:35:00+00:00,0.013930483385629229,0.304044,exit_signal,bull,21.804
2,ZEC/USDT,2021-12-21 07:25:00+00:00,2021-12-21 20:00:00+00:00,0.011224737407702707,0.2439833,exit_signal,bull,21.7145
2,ETH/USDT,2021-12-21 14:25:00+00:00,2021-12-21 20:15:00+00:00,0.008094589191438666,0.1775928,exit_signal,bull,21.917775
2,ADA/USDT,2021-12-21 11:25:00+00:00,2021-12-21 21:00:00+00:00,0.014701633028326255,0.3213606,exit_signal,bull,21.837
2,SOL/USDT,2021-12-22 01:00:00+00:00,2021-12-22 02:25:00+00:00,0.014800162683522288,0.32633452,exit_signal,bull,22.02736
2,TRX/USDT,2021-12-22 09:40:00+00:00,2021-12-22 14:55:00+00:00,0.00806884471252806,0.1801311,exit_signal,bull,22.301972
2,ADA/USDT,2021-12-22 17:45:00+00:00,2021-12-22 21:40:00+00:00,0.01994442252213291,0.4450277,roi,bull,22.2911
2,ETH/USDT,2021-12-22 09:40:00+00:00,2021-12-23 02:15:00+00:00,-0.004763882641725529,-0.10504582,exit_signal,bull,22.028435
2,TRX/USDT,2021-12-22 22:10:00+00:00,2021-12-23 04:00:00+00:00,0.0011380024023795944,0.02563923,exit_signal,bull,22.507524
2,ZEC/USDT,2021-12-23 04:15:00+00:00,2021-12-23 13:55:00+00:00,-0.021447492823863105,-0.4794272,exit_signal,bull,22.3312
2,NEAR/USDT,2021-12-23 14:50:00+00:00,2021-12-23 15:00:00+00:00,0.019965462047246436,0.4300864,roi,bull,21.52
2,XRP/USDT,2021-12-23 07:50:00+00:00,2021-12-23 16:30:00+00:00,0.011579562009185576,0.2606245,exit_signal,bull,22.4848
2,BTC/USDT,2021-12-22 05:55:00+00:00,2021-12-23 17:35:00+00:00,0.0059798610748814365,0.1318773,exit_signal,bull,22.031541
2,NEAR/USDT,2021-12-23 16:15:00+00:00,2021-12-23 17:55:00+00:00,0.020015079288936637,0.4493491,roi,bull,22.4281
2,UNI/USDT,2021-12-24 03:10:00+00:00,2021-12-24 07:20:00+00:00,0.012162071753445193,0.2767179,exit_signal,bull,22.7298
2,ZEC/USDT,2021-12-24 11:45:00+00:00,2021-12-24 17:35:00+00:00,0.020166508161706242,0.4607447,roi,bull,22.8242
2,NEAR/USDT,2021-12-24 19:00:00+00:00,2021-12-24 20:10:00+00:00,0.020027512159796465,0.4510095,roi,bull,22.497
2,ADA/USDT,2021-12-24 04:30:00+00:00,2021-12-25 07:25:00+00:00,-0.022617877989778816,-0.5128344,exit_signal,bull,22.6512
2,XRP/USDT,2021-12-23 23:35:00+00:00,2021-12-25 07:30:00+00:00,-0.06054934021293328,-1.3757657,exit_signal,bull,22.6987
2,ETH/USDT,2021-12-24 20:10:00+00:00,2021-12-25 12:25:00+00:00,0.005189034465294181,0.11984381,exit_signal,bull,23.072517
2,BNB/USDT,2021-12-25 10:35:00+00:00,2021-12-25 12:45:00+00:00,0.005349702754451512,0.1192854,exit_signal,bull,22.2753
2,ETH/USDT,2021-12-25 17:25:00+00:00,2021-12-25 20:55:00+00:00,0.014362645809543004,0.3197497,exit_signal,bull,22.24035
2,AVAX/USDT,2021-12-25 17:20:00+00:00,2021-12-25 21:40:00+00:00,0.01996206651243032,0.4330765,roi,bull,21.6733
2,DOGE/USDT,2021-12-25 10:35:00+00:00,2021-12-25 21:50:00+00:00,0.01981334230801182,0.4390426,roi,bull,22.1368
2,BTC/USDT,2021-12-25 22:40:00+00:00,2021-12-26 00:00:00+00:00,-0.0063223026537197104,-0.1441569,force_exit,bull,22.77855
3,BNB/USDT,2021-12-26 00:45:00+00:00,2021-12-26 08:20:00+00:00,-0.002549079854436011,-0.083178,exit_signal,bull,32.598
3,DOGE/USDT,2021-12-26 02:35:00+00:00,2021-12-26 08:20:00+00:00,-0.005694305694305695,-0.1874502,exit_signal,bull,32.886
3,ETH/USDT,2021-12-26 02:35:00+00:00,2021-12-26 15:25:00+00:00,-0.000520809570821064,-0.01714616,exit_signal,bull,32.88924
3,XRP/USDT,2021-12-26 21:05:00+00:00,2021-12-27 02:40:00+00:00,0.012087584188240645,0.3981276,exit_signal,bull,32.904
3,ZEC/USDT,2021-12-26 21:05:00+00:00,2021-12-27 03:30:00+00:00,0.0063785135727581765,0.209805,exit_signal,bull,32.8596
3,BTC/USDT,2021-12-27 07:50:00+00:00,2021-12-27 12:45:00+00:00,0.007484258251085698,0.24672992,exit_signal,bull,32.9335825
3,BNB/USDT,2021-12-26 21:05:00+00:00,2021-12-27 13:30:00+00:00,0.01063725265560128,0.348186,exit_signal,bull,32.7
3,AAVE/USDT,2021-12-27 19:20:00+00:00,2021-12-28 00:50:00+00:00,0.01995166947277625,0.66434,roi,bull,33.2642
3,UNI/USDT,2021-12-27 19:20:00+00:00,2021-12-28 01:20:00+00:00,0.013340143463094282,0.443122,exit_signal,bull,33.184
3,NEAR/USDT,2021-12-27 05:05:00+00:00,2021-12-28 02:50:00+00:00,-0.10178530938122722,-3.3125736,stop_loss,bull,32.5122
3,AVAX/USDT,2021-12-28 14:10:00+00:00,2021-12-28 20:45:00+00:00,-0.025477298276663857,-0.8104068,exit_signal,bull,31.7772
3,TRX/USDT,2021-12-28 16:25:00+00:00,2021-12-29 04:05:00+00:00,0.008462967552816038,0.27589034,exit_signal,bull,32.567149
3,UNI/USDT,2021-12-29 09:25:00+00:00,2021-12-29 09:50:00+00:00,0.020024647042946292,0.6480282,roi,bull,32.3292
3,ADA/USDT,2021-12-28 16:25:00+00:00,2021-12-29 15:10:00+00:00,-0.04169904169904169,-1.3571334,exit_signal,bull,32.5134
3,DOGE/USDT,2021-12-29 10:40:00+00:00,2021-12-29 18:40:00+00:00,0.009000859928934174,0.2935737,exit_signal,bull,32.5836
3,ZEC/USDT,2021-12-29 19:25:00+00:00,2021-12-30 01:10:00+00:00,0.019846090981521895,0.638968,roi,bull,32.164
3,TRX/USDT,2021-12-29 12:10:00+00:00,2021-12-30 06:05:00+00:00,-0.0028967560410636723,-0.09455111,exit_signal,bull,32.607735
3,BTC/USDT,2021-12-29 19:40:00+00:00,2021-12-30 07:05:00+00:00,-0.003781974466343043,-0.11957593,exit_signal,bull,31.585743
3,NEAR/USDT,2021-12-30 14:30:00+00:00,2021-12-30 16:00:00+00:00,0.01999877673347061,0.6474072,roi,bull,32.34
3,BTC/USDT,2021-12-30 20:50:00+00:00,2021-12-31 08:25:00+00:00,0.008706290324482734,0.28404637,exit_signal,bull,32.5928262
3,ETH/USDT,2021-12-30 20:50:00+00:00,2021-12-31 08:25:00+00:00,0.014236059421149637,0.46148915,exit_signal,bull,32.384532
3,LINK/USDT,2021-12-30 20:40:00+00:00,2021-12-31 08:30:00+00:00,0.020046218841399566,0.6515436,roi,bull,32.4696
3,AAVE/USDT,2021-12-31 16:20:00+00:00,2021-12-31 21:40:00+00:00,-0.03392505123780999,-1.1188396,exit_signal,bull,32.9468
3,NEAR/USDT,2021-12-31 15:50:00+00:00,2021-12-31 23:30:00+00:00,-0.04022018494759979,-1.2980478,exit_signal,bull,32.2413
3,BTC/USDT,2021-12-31 16:55:00+00:00,2022-01-01 01:20:00+00:00,-0.01713964900542197,-0.56348561,exit_signal,bull,32.8433031
3,TRX/USDT,2022-01-01 09:40:00+00:00,2022-01-01 14:20:00+00:00,0.005382889693507759,0.1729104,exit_signal,bull,32.090136
3,LINK/USDT,2022-01-01 04:20:00+00:00,2022-01-01 15:30:00+00:00,0.019874620792051986,0.6362379,roi,bull,31.9806
3,DOGE/USDT,2022-01-01 04:15:00+00:00,2022-01-01 15:35:00+00:00,0.0144010918658806,0.4618032,exit_signal,bull,32.0352
3,TRX/USDT,2022-01-01 21:55:00+00:00,2022-01-01 23:55:00+00:00,0.004826840702695516,0.1570635,exit_signal,bull,32.5071
3,BNB/USDT,2022-01-02 01:55:00+00:00,2022-01-02 16:10:00+00:00,0.0056334413053969554,0.1828876,exit_signal,bull,32.4322
3,BTC/USDT,2022-01-02 04:50:00+00:00,2022-01-02 16:35:00+00:00,0.011485354493552154,0.37244532,exit_signal,bull,32.3954517
3,ADA/USDT,2022-01-02 01:55:00+00:00,2022-01-02 16:45:00+00:00,0.019999379318905944,0.6495888,roi,bull,32.448
3,BTC/USDT,2022-01-02 18:30:00+00:00,2022-01-02 22:45:00+00:00,0.007184233180856752,0.236341,exit_signal,bull,32.864314
3,TRX/USDT,2022-01-02 18:30:00+00:00,2022-01-02 23:25:00+00:00,0.0075670995158173765,0.2496682,exit_signal,bull,32.960949
3,UNI/USDT,2022-01-03 03:40:00+00:00,2022-01-03 05:40:00+00:00,0.01999653239322661,0.661206,roi,bull,33.033
3,ADA/USDT,2022-01-02 18:30:00+00:00,2022-01-03 10:20:00+00:00,0.0009372979961215255,0.0308792,exit_signal,bull,32.912
3,BTC/USDT,2022-01-03 14:55:00+00:00,2022-01-04 07:40:00+00:00,-0.009255906315914938,-0.30817041,exit_signal,bull,33.2611996
3,SOL/USDT,2022-01-03 15:55:00+00:00,2022-01-04 11:05:00+00:00,-0.005434768348443713,-0.18082158,exit_signal,bull,33.23802
3,DOGE/USDT,2022-01-03 02:15:00+00:00,2022-01-04 14:55:00+00:00,0.0009048543079956692,0.0298944,exit_signal,bull,33.0048
3,TRX/USDT,2022-01-04 16:05:00+00:00,2022-01-05 07:40:00+00:00,-0.0007029047942072341,-0.02335798,exit_signal,bull,33.197448
3,AAVE/USDT,2022-01-04 16:20:00+00:00,2022-01-05 20:05:00+00:00,-0.10172207655045185,-3.3639732,stop_loss,bull,33.0372
3,ZEC/USDT,2022-01-04 12:25:00+00:00,2022-01-05 21:30:00+00:00,-0.10166705830306356,-3.3766456,stop_loss,bull,33.1796
3,DOGE/USDT,2022-01-05 11:30:00+00:00,2022-01-05 22:25:00+00:00,-0.10126640677262348,-3.355716,stop_loss,bull,33.1044
3,LINK/USDT,2022-01-05 20:05:00+00:00,2022-01-05 22:25:00+00:00,-0.1017982017982018,-3.0282642,stop_loss,bull,29.718
3,LINK/USDT,2022-01-06 22:15:00+00:00,2022-01-06 22:50:00+00:00,0.020126185785194248,0.5798028,roi,bull,28.7796
3,BNB/USDT,2022-01-07 00:10:00+00:00,2022-01-07 08:30:00+00:00,-0.03613403804608393,-1.0385433,exit_signal,bull,28.7127
3,TRX/USDT,2022-01-07 00:10:00+00:00,2022-01-07 08:30:00+00:00,-0.030076949805953518,-0.87457333,exit_signal,bull,29.048811
3,ZEC/USDT,2022-01-07 13:40:00+00:00,2022-01-07 14:35:00+00:00,0.019952188573889452,0.5666336,roi,bull,28.3712
3,SOL/USDT,2022-01-07 00:10:00+00:00,2022-01-07 15:50:00+00:00,-0.10175136923142554,-2.94752542,stop_loss,bull,28.93898
3,LINK/USDT,2022-01-07 22:45:00+00:00,2022-01-07 22:55:00+00:00,0.02017982017982018,0.5543991,roi,bull,27.4455
3,TRX/USDT,2022-01-07 22:55:00+00:00,2022-01-08 00:50:00+00:00,0.014794946750666308,0.41187928,exit_signal,bull,27.811375
3,SOL/USDT,2022-01-07 22:45:00+00:00,2022-01-08 00:55:00+00:00,0.019975416288780343,0.55218114,roi,bull,27.61542
3,NEAR/USDT,2022-01-07 22:50:00+00:00,2022-01-08 00:55:00+00:00,0.02003236125576551,0.5428584,roi,bull,27.072
3,XRP/USDT,2022-01-08 10:50:00+00:00,2022-01-08 21:40:00+00:00,-0.028484393107219622,-0.8069515,exit_signal,bull,28.3013
3,LINK/USDT,2022-01-08 09:30:00+00:00,2022-01-08 21:45:00+00:00,-0.03641186399807089,-1.027404,exit_signal,bull,28.188
3,ETH/USDT,2022-01-08 02:40:00+00:00,2022-01-08 22:25:00+00:00,-0.026099827815968816,-0.73360936,exit_signal,bull,28.079744
3,LINK/USDT,2022-01-09 09:00:00+00:00,2022-01-09 10:30:00+00:00,0.02008674271169502,0.54808,roi,bull,27.2584
3,TRX/USDT,2022-01-09 09:20:00+00:00,2022-01-09 16:55:00+00:00,0.011123565392916803,0.30582157,exit_signal,bull,27.465659
3,BNB/USDT,2022-01-09 15:20:00+00:00,2022-01-09 16:55:00+00:00,0.019915613468521665,0.5462016,roi,bull,27.3984
3,SOL/USDT,2022-01-09 06:05:00+00:00,2022-01-09 17:00:00+00:00,0.01801597634338354,0.4945083,exit_signal,bull,27.4209
3,XRP/USDT,2022-01-09 22:55:00+00:00,2022-01-10 04:20:00+00:00,-0.0017342245437924043,-0.04873456,exit_signal,bull,28.07357
3,DOGE/USDT,2022-01-09 22:55:00+00:00,2022-01-10 04:20:00+00:00,0.004615662667352528,0.1296792,exit_signal,bull,28.0674
3,SOL/USDT,2022-01-09 21:35:00+00:00,2022-01-10 04:35:00+00:00,-0.001228316659852802,-0.03437252,exit_signal,bull,27.95548
3,NEAR/USDT,2022-01-10 12:15:00+00:00,2022-01-10 13:35:00+00:00,0.020013069637129788,0.559524,roi,bull,27.93
3,LINK/USDT,2022-01-10 08:40:00+00:00,2022-01-10 21:05:00+00:00,0.00306799799185586,0.085547,exit_signal,bull,27.8558
3,TRX/USDT,2022-01-10 08:40:00+00:00,2022-01-11 02:30:00+00:00,-0.035450582865516694,-0.99720683,exit_signal,bull,28.101389
3,UNI/USDT,2022-01-10 14:05:00+00:00,2022-01-11 02:35:00+00:00,0.0038420617094219174,0.1082445,exit_signal,bull,28.1454
3,XRP/USDT,2022-01-11 10:50:00+00:00,2022-01-11 16:05:00+00:00,0.019934610843701753,0.55843434,roi,bull,27.98532
3,BTC/USDT,2022-01-11 10:50:00+00:00,2022-01-11 16:20:00+00:00,0.014823179417127687,0.41431857,exit_signal,bull,27.9227994
3,ADA/USDT,2022-01-11 22:40:00+00:00,2022-01-12 00:05:00+00:00,0.01665624095530638,0.470976,exit_signal,bull,28.248
3,SOL/USDT,2022-01-11 22:40:00+00:00,2022-01-12 09:20:00+00:00,0.008970618305474142,0.25416044,exit_signal,bull,28.30424
3,BNB/USDT,2022-01-12 02:35:00+00:00,2022-01-12 09:30:00+00:00,0.01650770695273313,0.4696314,exit_signal,bull,28.4208
3,LINK/USDT,2022-01-11 05:20:00+00:00,2022-01-12 13:45:00+00:00,-0.025828729880828287,-0.7217662,exit_signal,bull,27.9164
3,LINK/USDT,2022-01-12 16:20:00+00:00,2022-01-12 19:55:00+00:00,0.020112049905785582,0.5692248,roi,bull,28.2744
3,AVAX/USDT,2022-01-12 18:55:00+00:00,2022-01-12 23:55:00+00:00,0.01999331305271267,0.564015,roi,bull,28.182
3,BNB/USDT,2022-01-13 01:30:00+00:00,2022-01-13 06:20:00+00:00,0.0021448041373321575,0.0610296,exit_signal,bull,28.4262
3,BTC/USDT,2022-01-13 01:30:00+00:00,2022-01-13 14:20:00+00:00,0.010329240634872786,0.29756804,exit_signal,bull,28.7795376
3,TRX/USDT,2022-01-13 11:05:00+00:00,2022-01-13 14:25:00+00:00,0.003588104201020717,0.1037783,exit_signal,bull,28.893984
3,ETH/USDT,2022-01-13 15:20:00+00:00,2022-01-14 05:55:00+00:00,-0.007459473893929372,-0.21545663,exit_signal,bull,28.854768
3,BTC/USDT,2022-01-13 15:20:00+00:00,2022-01-14 14:50:00+00:00,-0.016824470233552498,-0.48224721,exit_signal,bull,28.6348062
3,ETH/USDT,2022-01-14 08:05:00+00:00,2022-01-14 14:55:00+00:00,-0.00017828953928630695,-0.00511632,exit_signal,bear,28.668024
3,UNI/USDT,2022-01-12 19:10:00+00:00,2022-01-14 15:00:00+00:00,-0.04304535243761763,-1.2213234,exit_signal,bull,28.3446
3,DOGE/USDT,2022-01-14 17:35:00+00:00,2022-01-14 21:15:00+00:00,0.01985994774456313,0.5619465,roi,bear,28.2672
3,NEAR/USDT,2022-01-14 20:50:00+00:00,2022-01-14 21:55:00+00:00,0.019997235327568728,0.5480398,roi,bear,27.3784
3,BNB/USDT,2022-01-15 01:40:00+00:00,2022-01-15 05:35:00+00:00,0.008479170068301399,0.2432747,exit_signal,bear,28.6622
3,LINK/USDT,2022-01-15 09:10:00+00:00,2022-01-15 11:00:00+00:00,0.020022530660828534,0.5748084,roi,bear,28.6794
3,TRX/USDT,2022-01-15 11:35:00+00:00,2022-01-15 14:45:00+00:00,-0.0014103370499660797,-0.04097807,exit_signal,bear,29.026489
3,ETH/USDT,2022-01-15 12:40:00+00:00,2022-01-15 14:45:00+00:00,0.013476519763514275,0.39053863,exit_signal,bear,28.95024
3,NEAR/USDT,2022-01-15 04:35:00+00:00,2022-01-15 15:45:00+00:00,0.010183409833201252,0.2771006,exit_signal,bear,27.1838
3,LINK/USDT,2022-01-15 18:10:00+00:00,2022-01-16 06:30:00+00:00,-0.008269813454416753,-0.2402664,exit_signal,bear,29.0244
3,ETH/USDT,2022-01-15 21:50:00+00:00,2022-01-16 07:15:00+00:00,0.000354977353387712,0.01029288,exit_signal,bear,28.966911
3,NEAR/USDT,2022-01-15 21:10:00+00:00,2022-01-16 08:00:00+00:00,0.002301274787909967,0.0665745,exit_signal,bear,28.9005
3,BNB/USDT,2022-01-16 11:00:00+00:00,2022-01-16 15:30:00+00:00,0.013991078886637597,0.4074481,exit_signal,bear,29.0929
3,AAVE/USDT,2022-01-16 17:55:00+00:00,2022-01-16 22:15:00+00:00,0.006819011867392179,0.1995675,exit_signal,bear,29.2371
3,TRX/USDT,2022-01-16 13:30:00+00:00,2022-01-17 00:45:00+00:00,0.015485455789820713,0.45234963,exit_signal,bear,29.182075
3,NEAR/USDT,2022-01-17 01:55:00+00:00,2022-01-17 18:10:00+00:00,-0.10178295969672033,-3.001983,stop_loss,bear,29.4645
3,BNB/USDT,2022-01-17 00:25:00+00:00,2022-01-18 01:30:00+00:00,-0.03523116641179204,-1.0309955,exit_signal,bear,29.2345
3,AVAX/USDT,2022-01-16 17:45:00+00:00,2022-01-18 14:30:00+00:00,-0.10175534150195951,-2.9409607,stop_loss,bear,28.8734
3,XRP/USDT,2022-01-18 03:30:00+00:00,2022-01-18 21:35:00+00:00,-0.00647275709915826,-0.18227972,exit_signal,bear,28.13293
3,BNB/USDT,2022-01-18 03:40:00+00:00,2022-01-18 21:55:00+00:00,-0.004753157227143211,-0.129949,exit_signal,bear,27.3122
3,UNI/USDT,2022-01-18 14:30:00+00:00,2022-01-18 21:55:00+00:00,-0.01602002151788346,-0.420016,exit_signal,bear,26.192
3,BTC/USDT,2022-01-19 03:40:00+00:00,2022-01-19 11:15:00+00:00,0.002287470324284703,0.06137458,exit_signal,bear,26.8039616
3,ETH/USDT,2022-01-19 03:40:00+00:00,2022-01-19 11:15:00+00:00,0.0017504559594674247,0.04682021,exit_signal,bear,26.720716
3,XRP/USDT,2022-01-19 03:40:00+00:00,2022-01-19 11:20:00+00:00,-0.002403090077288427,-0.06489335,exit_signal,bear,26.97715
3,AVAX/USDT,2022-01-19 20:55:00+00:00,2022-01-20 05:10:00+00:00,0.00747935800225739,0.1993056,exit_signal,bear,26.6208
3,ZEC/USDT,2022-01-19 15:50:00+00:00,2022-01-20 07:10:00+00:00,-0.007405133566124279,-0.2001593,exit_signal,bear,27.0028
3,ETH/USDT,2022-01-19 16:15:00+00:00,2022-01-20 13:30:00+00:00,0.019999287608538894,0.53874976,roi,bear,26.911536
3,ADA/USDT,2022-01-20 09:10:00+00:00,2022-01-20 13:45:00+00:00,0.01586333129957291,0.4280094,exit_signal,bear,26.9541
3,BNB/USDT,2022-01-20 09:05:00+00:00,2022-01-20 13:50:00+00:00,-0.010459231315526356,-0.2815572,exit_signal,bear,26.8926
3,SOL/USDT,2022-01-20 18:00:00+00:00,2022-01-20 23:50:00+00:00,-0.1017412463410466,-2.7696119,stop_loss,bear,27.19492
3,LINK/USDT,2022-01-20 18:05:00+00:00,2022-01-20 23:50:00+00:00,-0.10143985278635188,-2.7600548,stop_loss,bear,27.1816
3,ZEC/USDT,2022-01-20 18:05:00+00:00,2022-01-21 01:35:00+00:00,-0.10125957311770728,-2.7476185,stop_loss,bear,27.1073
3,XRP/USDT,2022-01-23 03:00:00+00:00,2022-01-23 04:10:00+00:00,0.01996953266848289,0.48876012,roi,bear,24.45084
3,LINK/USDT,2022-01-23 02:50:00+00:00,2022-01-23 05:45:00+00:00,0.019683830546450353,0.4810416,roi,bear,24.414
3,ETH/USDT,2022-01-23 03:00:00+00:00,2022-01-23 05:45:00+00:00,0.020000480615800023,0.48915589,roi,bear,24.432774
3,NEAR/USDT,2022-01-23 11:40:00+00:00,2022-01-23 13:00:00+00:00,0.019964995493927433,0.4939263,roi,bear,24.7149
3,DOGE/USDT,2022-01-23 11:40:00+00:00,2022-01-23 13:50:00+00:00,0.01966629607729463,0.489708,roi,bear,24.876
3,ETH/USDT,2022-01-23 14:20:00+00:00,2022-01-23 23:05:00+00:00,0.00481630690775117,0.12092294,exit_signal,bear,25.081902
3,TRX/USDT,2022-01-23 14:20:00+00:00,2022-01-23 23:10:00+00:00,0.02000380552070105,0.5067067,roi,bear,25.30521
3,ZEC/USDT,2022-01-23 11:40:00+00:00,2022-01-23 23:15:00+00:00,0.013809843799284138,0.3442933,exit_signal,bear,24.9061
3,LINK/USDT,2022-01-24 01:55:00+00:00,2022-01-24 10:10:00+00:00,-0.10173547382849707,-2.6085703,stop_loss,bear_high_vol,25.6151
3,ZEC/USDT,2022-01-24 02:25:00+00:00,2022-01-24 10:45:00+00:00,-0.10169214420011445,-2.6054336,stop_loss,bear_high_vol,25.5952
3,AAVE/USDT,2022-01-24 02:20:00+00:00,2022-01-24 10:55:00+00:00,-0.1012687577674315,-2.5834354,stop_loss,bear_high_vol,25.4852
3,LINK/USDT,2022-01-25 01:00:00+00:00,2022-01-25 03:35:00+00:00,0.019755013810495978,0.4550728,roi,bear_high_vol,23.0128
3,BNB/USDT,2022-01-25 01:00:00+00:00,2022-01-25 08:05:00+00:00,0.0010245811457265201,0.0234675,exit_signal,bear_high_vol,22.8816
3,LINK/USDT,2022-01-25 04:45:00+00:00,2022-01-25 08:05:00+00:00,0.0033211292371852,0.076846,exit_signal,bear_high_vol,23.1154
3,XRP/USDT,2022-01-25 01:00:00+00:00,2022-01-25 10:10:00+00:00,0.0095347626749402,0.21997754,exit_signal,bear_high_vol,23.04806
3,TRX/USDT,2022-01-25 15:05:00+00:00,2022-01-25 17:05:00+00:00,0.019972322754795536,0.46598993,roi,bear_high_vol,23.308476
3,ADA/USDT,2022-01-25 21:30:00+00:00,2022-01-25 23:15:00+00:00,0.019952188573889452,0.46788135,roi,bear_high_vol,23.4267
3,SOL/USDT,2022-01-25 20:35:00+00:00,2022-01-25 23:20:00+00:00,0.009655949146395006,0.2267145,exit_signal,bear_high_vol,23.4558
3,AAVE/USDT,2022-01-25 21:20:00+00:00,2022-01-25 23:20:00+00:00,0.017374192072987252,0.4079331,exit_signal,bear_high_vol,23.4558
3,ADA/USDT,2022-01-26 07:05:00+00:00,2022-01-26 09:05:00+00:00,0.020008231613647474,0.4763116,roi,bear_high_vol,23.782
3,AVAX/USDT,2022-01-26 06:25:00+00:00,2022-01-26 09:20:00+00:00,0.020012403227323297,0.4736865,roi,bear_high_vol,23.646
3,DOGE/USDT,2022-01-26 06:35:00+00:00,2022-01-26 10:00:00+00:00,0.0202261204348887,0.480051,roi,bear_high_vol,23.7105
3,LINK/USDT,2022-01-26 17:35:00+00:00,2022-01-26 19:00:00+00:00,0.020095653871744956,0.4865859,roi,bear_high_vol,24.1893
3,AAVE/USDT,2022-01-26 17:50:00+00:00,2022-01-26 19:00:00+00:00,0.01979523366806604,0.4812912,roi,bear_high_vol,24.2892
3,AVAX/USDT,2022-01-26 18:00:00+00:00,2022-01-26 19:00:00+00:00,0.02006294101155761,0.4801545,roi,bear_high_vol,23.9085
3,ADA/USDT,2022-01-26 21:50:00+00:00,2022-01-26 23:00:00+00:00,0.019967592216396046,0.4950219,roi,bear_high_vol,24.7665
3,ETH/USDT,2022-01-26 21:50:00+00:00,2022-01-27 00:05:00+00:00,0.020001152327927745,0.49582771,roi,bear_high_vol,24.765192
3,UNI/USDT,2022-01-26 21:50:00+00:00,2022-01-27 07:45:00+00:00,-0.018156129584701013,-0.4484505,exit_signal,bear_high_vol,24.675
3,LINK/USDT,2022-01-27 18:05:00+00:00,2022-01-28 00:05:00+00:00,0.019972689085430914,0.4974854,roi,bear,24.8834
3,AVAX/USDT,2022-01-27 18:20:00+00:00,2022-01-28 00:10:00+00:00,0.01052339853455095,0.2584266,exit_signal,bear,24.5328
3,SOL/USDT,2022-01-27 17:20:00+00:00,2022-01-28 01:00:00+00:00,0.0199824646988162,0.49810694,roi,bear,24.9023
3,ETH/USDT,2022-01-28 08:00:00+00:00,2022-01-28 15:50:00+00:00,0.02000112150386335,0.50728091,roi,bear,25.337286
3,SOL/USDT,2022-01-28 07:00:00+00:00,2022-01-28 16:20:00+00:00,0.018472705062912386,0.46782162,exit_signal,bear,25.29972
3,SOL/USDT,2022-01-28 23:00:00+00:00,2022-01-29 00:10:00+00:00,0.019978582886627592,0.51326468,roi,bear,25.66508
3,TRX/USDT,2022-01-29 01:50:00+00:00,2022-01-29 04:20:00+00:00,0.010929032458876673,0.282875,exit_signal,bear,25.857038
3,ADA/USDT,2022-01-29 01:45:00+00:00,2022-01-29 06:30:00+00:00,0.016269857310319737,0.4209345,exit_signal,bear,25.8462
3,BNB/USDT,2022-01-28 07:00:00+00:00,2022-01-29 07:30:00+00:00,0.012990117081261568,0.326417,exit_signal,bear,25.103
3,ETH/USDT,2022-01-29 15:00:00+00:00,2022-01-29 18:50:00+00:00,0.018607009742931845,0.48754813,exit_signal,bear,26.176214
3,BTC/USDT,2022-01-29 15:00:00+00:00,2022-01-29 20:30:00+00:00,0.019999933475743754,0.51967398,roi,bear,25.9578276
3,BNB/USDT,2022-01-29 14:55:00+00:00,2022-01-29 20:40:00+00:00,0.003406340951467305,0.0885941,exit_signal,bear,25.9826
3,LINK/USDT,2022-01-29 23:30:00+00:00,2022-01-30 04:20:00+00:00,0.020276066153313517,0.5369032,roi,bear,26.4532
3,AVAX/USDT,2022-01-30 00:45:00+00:00,2022-01-30 05:10:00+00:00,0.020051043702084635,0.5243714,roi,bear,26.1257
3,AAVE/USDT,2022-01-29 23:20:00+00:00,2022-01-30 05:15:00+00:00,0.0045334246904927536,0.1199582,exit_signal,bear,26.4344
3,ZEC/USDT,2022-01-30 08:45:00+00:00,2022-01-30 11:25:00+00:00,0.014652709126118928,0.3952546,exit_signal,bear,26.9479
3,AVAX/USDT,2022-01-30 10:00:00+00:00,2022-01-30 23:15:00+00:00,-0.022845848197560574,-0.6115226,exit_signal,bear,26.7406
3,LINK/USDT,2022-01-31 00:45:00+00:00,2022-01-31 08:15:00+00:00,0.008625319092498277,0.22922,exit_signal,bear,26.5487
3,UNI/USDT,2022-01-30 14:20:00+00:00,2022-01-31 10:00:00+00:00,-0.04875124875124875,-1.3162824,exit_signal,bear,26.973
3,DOGE/USDT,2022-01-30 14:20:00+00:00,2022-01-31 10:50:00+00:00,-0.024583620057453154,-0.6646036,exit_signal,bear,27.0074
3,LINK/USDT,2022-01-31 11:50:00+00:00,2022-01-31 15:00:00+00:00,0.019929595345272305,0.524082,roi,bear,26.2704
3,NEAR/USDT,2022-01-31 20:15:00+00:00,2022-01-31 23:45:00+00:00,0.019987662811886242,0.5209512,roi,bear,26.0376
3,BNB/USDT,2022-01-31 21:50:00+00:00,2022-02-01 03:10:00+00:00,0.0022107570868772765,0.0579324,exit_signal,bear,26.1786
3,AVAX/USDT,2022-02-01 06:10:00+00:00,2022-02-01 08:05:00+00:00,0.019982497082847144,0.5211206,roi,bear,26.0528
3,UNI/USDT,2022-02-01 05:10:00+00:00,2022-02-01 09:05:00+00:00,0.006718172657037285,0.17864,exit_signal,bear,26.564
3,BTC/USDT,2022-02-01 06:15:00+00:00,2022-02-01 09:05:00+00:00,0.016536975890261745,0.43731771,exit_signal,bear,26.4184233
3,SOL/USDT,2022-02-01 19:50:00+00:00,2022-02-01 20:45:00+00:00,0.02001674795792443,0.54064,roi,bear,26.9824
3,DOGE/USDT,2022-02-01 09:45:00+00:00,2022-02-02 10:00:00+00:00,0.014223938605564047,0.3848077,exit_signal,bear,27.0265
3,AAVE/USDT,2022-02-01 19:20:00+00:00,2022-02-02 12:30:00+00:00,-0.0013823314255146458,-0.0372338,exit_signal,bear,26.9086
3,ADA/USDT,2022-02-02 05:15:00+00:00,2022-02-02 12:50:00+00:00,0.0007793690539516141,0.0211932,exit_signal,bear,27.1656
3,ETH/USDT,2022-02-02 14:35:00+00:00,2022-02-02 19:35:00+00:00,-0.012718445844063432,-0.34566444,exit_signal,bear,27.151047
3,NEAR/USDT,2022-02-02 20:40:00+00:00,2022-02-03 08:30:00+00:00,-0.056407822348724365,-1.5030891,exit_signal,bear,26.6202
3,ADA/USDT,2022-02-03 10:00:00+00:00,2022-02-03 15:15:00+00:00,0.020439970586598154,0.523275,roi,bear,25.575
3,UNI/USDT,2022-02-03 19:45:00+00:00,2022-02-03 23:55:00+00:00,0.02001674795792443,0.5232,roi,bear,26.112
3,XRP/USDT,2022-02-02 14:35:00+00:00,2022-02-04 00:00:00+00:00,-0.020776746572822483,-0.56771041,exit_signal,bear,27.29702
3,DOGE/USDT,2022-02-02 14:00:00+00:00,2022-02-04 02:40:00+00:00,-0.03885800610539287,-1.060523,exit_signal,bear,27.265
3,ZEC/USDT,2022-02-04 04:05:00+00:00,2022-02-04 05:20:00+00:00,0.01702109324977931,0.4518542,exit_signal,bear,26.5202
3,BTC/USDT,2022-02-04 13:35:00+00:00,2022-02-04 15:05:00+00:00,0.020000128496918672,0.53391849,roi,bear,26.6690839
3,ETH/USDT,2022-02-04 13:35:00+00:00,2022-02-04 15:05:00+00:00,0.019998992517497247,0.53134127,roi,bear,26.54186
3,XRP/USDT,2022-02-04 11:15:00+00:00,2022-02-04 15:15:00+00:00,0.020078815134117668,0.53628512,roi,bear,26.68232
3,BNB/USDT,2022-02-05 14:25:00+00:00,2022-02-06 01:20:00+00:00,-0.0022362454923925443,-0.0600128,exit_signal,bear,26.8096
3,ADA/USDT,2022-02-05 12:10:00+00:00,2022-02-06 02:00:00+00:00,-0.011544108065847197,-0.3136204,exit_signal,bear,27.14
3,BNB/USDT,2022-02-06 04:10:00+00:00,2022-02-06 10:00:00+00:00,0.007385334048786316,0.1993225,exit_signal,bear,26.962
3,NEAR/USDT,2022-02-06 12:50:00+00:00,2022-02-06 14:20:00+00:00,0.01999570241079675,0.530416,roi,bear,26.5
3,XRP/USDT,2022-02-05 16:50:00+00:00,2022-02-06 14:30:00+00:00,0.019946017837584103,0.54222766,roi,bear,27.1576
3,BTC/USDT,2022-02-06 14:50:00+00:00,2022-02-06 23:10:00+00:00,0.01307054319848107,0.35665784,exit_signal,bear,27.2598876
3,ETH/USDT,2022-02-06 04:10:00+00:00,2022-02-06 23:20:00+00:00,0.007988813546965191,0.2156229,exit_signal,bear,26.96364
3,TRX/USDT,2022-02-06 14:45:00+00:00,2022-02-06 23:35:00+00:00,0.013950401166135646,0.38414976,exit_signal,bear,27.509316
3,BNB/USDT,2022-02-07 09:35:00+00:00,2022-02-07 13:15:00+00:00,0.012872888700703272,0.3541265,exit_signal,bear,27.482
3,NEAR/USDT,2022-02-07 09:30:00+00:00,2022-02-07 14:10:00+00:00,0.02002997002997003,0.534132,roi,bear,26.64
3,SOL/USDT,2022-02-07 08:20:00+00:00,2022-02-07 14:25:00+00:00,0.02001611811928523,0.55558958,roi,bear,27.72938
3,DOGE/USDT,2022-02-08 00:10:00+00:00,2022-02-08 02:55:00+00:00,0.020070838252656438,0.5658484,roi,bear,28.1644
3,ZEC/USDT,2022-02-08 02:55:00+00:00,2022-02-08 04:25:00+00:00,0.017740961570075497,0.5050575,exit_signal,bear,28.44
3,BNB/USDT,2022-02-08 00:15:00+00:00,2022-02-08 05:45:00+00:00,0.01587319657087099,0.4440995,exit_signal,bear,27.95
3,SOL/USDT,2022-02-07 20:55:00+00:00,2022-02-08 06:15:00+00:00,0.01995939839976537,0.5644728,roi,bear,28.2528
3,ETH/USDT,2022-02-08 08:15:00+00:00,2022-02-08 20:35:00+00:00,-0.015018227026042687,-0.43390558,exit_signal,bear,28.863068
3,UNI/USDT,2022-02-08 08:10:00+00:00,2022-02-08 20:40:00+00:00,-0.038539979142094685,-1.1142055,exit_signal,bear,28.8815
3,LINK/USDT,2022-02-08 08:10:00+00:00,2022-02-08 20:50:00+00:00,-0.018051653440393386,-0.52235,exit_signal,bear,28.9075
3,NEAR/USDT,2022-02-09 02:00:00+00:00,2022-02-09 09:30:00+00:00,0.003333375283622453,0.0920678,exit_signal,bear,27.5924
3,ETH/USDT,2022-02-09 02:10:00+00:00,2022-02-09 10:30:00+00:00,0.016079313795985962,0.45104405,exit_signal,bear,28.023177
3,BTC/USDT,2022-02-09 02:05:00+00:00,2022-02-09 12:45:00+00:00,0.009875297777932524,0.27691416,exit_signal,bear,28.0130816
3,AVAX/USDT,2022-02-09 21:20:00+00:00,2022-02-10 06:05:00+00:00,-0.010490228083332295,-0.2945651,exit_signal,bear,28.0519
3,BNB/USDT,2022-02-09 22:05:00+00:00,2022-02-10 07:55:00+00:00,-0.003655419313782303,-0.1033341,exit_signal,bear,28.2405
3,UNI/USDT,2022-02-09 15:40:00+00:00,2022-02-10 08:40:00+00:00,-0.008510249945812752,-0.2433452,exit_signal,bear,28.5658
3,BTC/USDT,2022-02-10 13:35:00+00:00,2022-02-10 15:00:00+00:00,0.019999911958058808,0.56388513,roi,bear,28.1662144
3,ETH/USDT,2022-02-10 13:35:00+00:00,2022-02-10 15:05:00+00:00,0.02000094312349783,0.56423437,roi,bear,28.182206
3,AVAX/USDT,2022-02-10 19:10:00+00:00,2022-02-10 21:25:00+00:00,0.01996507014112648,0.5630344,roi,bear,28.1728
3,XRP/USDT,2022-02-10 13:35:00+00:00,2022-02-11 13:45:00+00:00,-0.03759124240072195,-1.06566061,exit_signal,bear,28.32032
3,TRX/USDT,2022-02-10 19:10:00+00:00,2022-02-11 14:05:00+00:00,-0.046305849357853264,-1.33206082,exit_signal,bear,28.73784
3,AVAX/USDT,2022-02-11 17:40:00+00:00,2022-02-12 01:45:00+00:00,-0.059219786985024,-1.6281572,exit_signal,bear,27.466
3,NEAR/USDT,2022-02-11 16:35:00+00:00,2022-02-12 06:10:00+00:00,-0.10175582379404036,-2.7585579,stop_loss,bear,27.0825
3,BTC/USDT,2022-02-10 22:05:00+00:00,2022-02-12 16:40:00+00:00,-0.027397333546992787,-0.79143008,exit_signal,bear,28.8582624
3,TRX/USDT,2022-02-12 21:10:00+00:00,2022-02-13 06:40:00+00:00,0.004572947040418431,0.1209464,exit_signal,bear,26.421818
3,ZEC/USDT,2022-02-12 19:25:00+00:00,2022-02-13 06:55:00+00:00,-0.012061887692139794,-0.3189696,exit_signal,bear,26.418
3,LINK/USDT,2022-02-13 14:35:00+00:00,2022-02-14 07:00:00+00:00,-0.03312719719457087,-0.8717584,exit_signal,bear,26.2892
3,XRP/USDT,2022-02-13 14:35:00+00:00,2022-02-14 08:05:00+00:00,-0.02860005136051874,-0.7526816,exit_signal,bear,26.2912
3,SOL/USDT,2022-02-14 09:50:00+00:00,2022-02-14 12:45:00+00:00,0.020035808347496662,0.51703164,roi,bear,25.7796
3,ZEC/USDT,2022-02-14 12:20:00+00:00,2022-02-14 12:50:00+00:00,0.019754439109277818,0.498982,roi,bear,25.234
3,AAVE/USDT,2022-02-12 19:55:00+00:00,2022-02-14 13:00:00+00:00,-0.04133707408419355,-1.091728,exit_signal,bear,26.384
3,TRX/USDT,2022-02-14 18:25:00+00:00,2022-02-14 22:15:00+00:00,-0.00014211714203969745,-0.00367016,exit_signal,bear,25.799094
3,SOL/USDT,2022-02-14 18:25:00+00:00,2022-02-14 22:15:00+00:00,0.00719343450897611,0.1857654,exit_signal,bear,25.7985
3,BTC/USDT,2022-02-14 18:55:00+00:00,2022-02-14 22:15:00+00:00,0.005151245106382409,0.13301599,exit_signal,bear,25.7963083
3,ZEC/USDT,2022-02-15 06:25:00+00:00,2022-02-15 07:45:00+00:00,0.019803012521459124,0.5120709,roi,bear,25.8324
3,XRP/USDT,2022-02-15 17:30:00+00:00,2022-02-15 20:25:00+00:00,0.013472064369171656,0.35134866,exit_signal,bear,26.05374
3,ZEC/USDT,2022-02-15 12:45:00+00:00,2022-02-15 22:40:00+00:00,-0.019164572722039492,-0.4980808,exit_signal,bear,25.9637
3,BTC/USDT,2022-02-15 17:30:00+00:00,2022-02-15 22:40:00+00:00,0.008462670689981371,0.21927593,exit_signal,bear,25.8850759
3,LINK/USDT,2022-02-15 22:05:00+00:00,2022-02-15 23:15:00+00:00,0.020073769625473154,0.5244252,roi,bear,26.0988
3,LINK/USDT,2022-02-16 02:40:00+00:00,2022-02-16 06:25:00+00:00,0.013346795132720619,0.350176,exit_signal,bear,26.2105
3,TRX/USDT,2022-02-16 01:15:00+00:00,2022-02-16 08:20:00+00:00,0.0032736655881786692,0.08607033,exit_signal,bear,26.265464
3,UNI/USDT,2022-02-16 02:35:00+00:00,2022-02-16 08:20:00+00:00,0.007803803339517626,0.2047266,exit_signal,bear,26.208
3,AAVE/USDT,2022-02-16 10:25:00+00:00,2022-02-16 18:40:00+00:00,-0.014406552594829682,-0.3799692,exit_signal,bear,26.3484
3,XRP/USDT,2022-02-16 10:25:00+00:00,2022-02-16 19:05:00+00:00,0.0005451410620686194,0.01443537,exit_signal,bear,26.45361
3,SOL/USDT,2022-02-16 10:25:00+00:00,2022-02-16 19:20:00+00:00,-0.0053344885203292286,-0.1411956,exit_signal,bear,26.442
3,UNI/USDT,2022-02-17 03:20:00+00:00,2022-02-17 06:45:00+00:00,-0.008241088670043095,-0.2169285,exit_signal,bear,26.2965
3,ZEC/USDT,2022-02-17 02:25:00+00:00,2022-02-17 07:55:00+00:00,-0.007627344452485467,-0.20087,exit_signal,bear,26.3092
3,SOL/USDT,2022-02-17 02:25:00+00:00,2022-02-18 09:00:00+00:00,-0.05195722523921576,-1.36427991,exit_signal,bear,26.23152
3,XRP/USDT,2022-02-18 10:25:00+00:00,2022-02-18 23:05:00+00:00,0.0012957339690012957,0.03331068,exit_signal,bear,25.68228
3,BTC/USDT,2022-02-18 11:10:00+00:00,2022-02-19 06:55:00+00:00,-0.0036622910408820935,-0.09353867,exit_signal,bear,25.5155103
3,LINK/USDT,2022-02-18 11:05:00+00:00,2022-02-19 13:55:00+00:00,-0.03296829832611973,-0.8441658,exit_signal,bear,25.5798
3,AAVE/USDT,2022-02-19 08:50:00+00:00,2022-02-19 16:10:00+00:00,-0.008104064528265752,-0.2076342,exit_signal,bear,25.5954
3,BTC/USDT,2022-02-19 08:55:00+00:00,2022-02-19 16:10:00+00:00,0.001849603314451798,0.04742414,exit_signal,bear,25.6145536
3,BTC/USDT,2022-02-19 21:25:00+00:00,2022-02-20 12:20:00+00:00,-0.0341724210189086,-0.8588288,exit_signal,bear,25.1071128
3,ZEC/USDT,2022-02-19 18:35:00+00:00,2022-02-20 22:55:00+00:00,-0.026014092859012645,-0.6603042,exit_signal,bear,25.3572
3,XRP/USDT,2022-02-19 19:10:00+00:00,2022-02-20 23:00:00+00:00,-0.03635305124562937,-0.92113518,exit_signal,bear,25.31328
3,ETH/USDT,2022-02-20 20:30:00+00:00,2022-02-20 23:00:00+00:00,0.008043666845880823,0.19662079,exit_signal,bear,24.419754
3,XRP/USDT,2022-02-21 08:45:00+00:00,2022-02-21 14:20:00+00:00,-0.009960783896954109,-0.24484719,exit_signal,bear,24.55656
3,BNB/USDT,2022-02-21 08:55:00+00:00,2022-02-21 14:20:00+00:00,-0.029270033910405138,-0.7160076,exit_signal,bear,24.4377
3,ADA/USDT,2022-02-21 10:00:00+00:00,2022-02-21 14:20:00+00:00,-0.013409667255821102,-0.3305728,exit_signal,bear,24.6272
3,ETH/USDT,2022-02-21 18:05:00+00:00,2022-02-22 10:25:00+00:00,-0.03704951643803885,-0.88952796,exit_signal,bear,23.98518
3,ZEC/USDT,2022-02-23 01:50:00+00:00,2022-02-23 04:10:00+00:00,0.01991421751900794,0.4753812,roi,bear,23.8476
3,BTC/USDT,2022-02-23 02:35:00+00:00,2022-02-23 08:25:00+00:00,0.01999991986534591,0.47541189,roi,bear,23.7469428
3,TRX/USDT,2022-02-23 06:45:00+00:00,2022-02-23 09:15:00+00:00,0.01301435019428029,0.31358362,exit_signal,bear,24.071148
3,ADA/USDT,2022-02-23 14:55:00+00:00,2022-02-23 17:10:00+00:00,0.019697693610737088,0.478896,roi,bear,24.288
3,NEAR/USDT,2022-02-23 14:15:00+00:00,2022-02-24 03:00:00+00:00,-0.10172191028366631,-2.4242374,stop_loss,bear,23.8082
3,XRP/USDT,2022-02-23 14:55:00+00:00,2022-02-24 03:05:00+00:00,-0.10167463572333568,-2.47097208,stop_loss,bear,24.27846
3,BTC/USDT,2022-02-23 17:55:00+00:00,2022-02-24 08:10:00+00:00,-0.061627315504941556,-1.50515809,exit_signal,bear,24.3991552
3,XRP/USDT,2022-02-24 22:55:00+00:00,2022-02-24 23:15:00+00:00,0.019992873142828778,0.4465791,roi,bear_high_vol,22.3146
3,BNB/USDT,2022-02-24 22:55:00+00:00,2022-02-24 23:45:00+00:00,0.020035441490295722,0.4463928,roi,bear_high_vol,22.2579
3,ZEC/USDT,2022-02-25 04:35:00+00:00,2022-02-25 11:40:00+00:00,0.004891558145996016,0.1107195,exit_signal,bear_high_vol,22.6122
3,AVAX/USDT,2022-02-25 03:30:00+00:00,2022-02-25 12:00:00+00:00,0.02004031835402285,0.449673,roi,bear_high_vol,22.416
3,BTC/USDT,2022-02-25 05:10:00+00:00,2022-02-25 12:05:00+00:00,0.02000006933434956,0.45265455,roi,bear_high_vol,22.610039
3,DOGE/USDT,2022-02-25 18:10:00+00:00,2022-02-25 21:30:00+00:00,0.01985605635240672,0.4558302,roi,bear_high_vol,22.9338
3,TRX/USDT,2022-02-25 14:45:00+00:00,2022-02-25 22:05:00+00:00,-0.049754752798047974,-1.14570842,exit_signal,bear_high_vol,23.004111
3,BTC/USDT,2022-02-25 18:10:00+00:00,2022-02-25 22:45:00+00:00,0.020000097667938452,0.45597704,roi,bear_high_vol,22.7759647
3,XRP/USDT,2022-02-26 05:40:00+00:00,2022-02-26 07:50:00+00:00,0.01997347430449252,0.45771,roi,bear_high_vol,22.893
3,AVAX/USDT,2022-02-26 05:35:00+00:00,2022-02-26 15:20:00+00:00,0.020054521749437004,0.4477032,roi,bear_high_vol,22.302
3,ETH/USDT,2022-02-26 08:55:00+00:00,2022-02-26 19:00:00+00:00,0.020001292629097465,0.45684146,roi,bear_high_vol,22.817779
3,NEAR/USDT,2022-02-26 16:50:00+00:00,2022-02-26 21:20:00+00:00,0.01996507014112648,0.45406,roi,bear_high_vol,22.72
3,AVAX/USDT,2022-02-26 23:05:00+00:00,2022-02-26 23:55:00+00:00,0.01994694619771828,0.4687328,roi,bear_high_vol,23.4755
3,BNB/USDT,2022-02-26 05:35:00+00:00,2022-02-27 06:35:00+00:00,-0.014996964757730307,-0.33885,exit_signal,bear_high_vol,22.572
3,ETH/USDT,2022-02-26 23:05:00+00:00,2022-02-27 07:25:00+00:00,-0.015089941473727489,-0.35284435,exit_signal,bear_high_vol,23.359392
3,DOGE/USDT,2022-02-27 00:40:00+00:00,2022-02-27 10:45:00+00:00,0.01959338738184892,0.4626153,exit_signal,bear_high_vol,23.5872
3,TRX/USDT,2022-02-27 13:35:00+00:00,2022-02-28 01:30:00+00:00,-0.014711403161800753,-0.34764619,exit_signal,bear_high_vol,23.607462
3,ETH/USDT,2022-02-27 13:40:00+00:00,2022-02-28 01:30:00+00:00,-0.03809002398980909,-0.89588886,exit_signal,bear_high_vol,23.496805
3,AVAX/USDT,2022-02-27 13:40:00+00:00,2022-02-28 07:35:00+00:00,-0.060527065550298,-1.3991311,exit_signal,bear_high_vol,23.0927
3,UNI/USDT,2022-02-28 13:25:00+00:00,2022-02-28 14:25:00+00:00,0.020006012795981448,0.45420813,roi,bear_high_vol,22.6809
3,BNB/USDT,2022-03-01 03:15:00+00:00,2022-03-01 06:30:00+00:00,0.01995293708848696,0.4529452,roi,bear_high_vol,22.678
3,ZEC/USDT,2022-03-01 03:25:00+00:00,2022-03-01 09:00:00+00:00,0.01773892487564027,0.4047596,exit_signal,bear_high_vol,22.7948
3,UNI/USDT,2022-03-01 09:40:00+00:00,2022-03-01 11:15:00+00:00,0.019591028440585963,0.4527288,roi,bear_high_vol,23.0859
3,XRP/USDT,2022-03-01 02:10:00+00:00,2022-03-01 12:25:00+00:00,0.01910856767253634,0.43662364,exit_signal,bear_high_vol,22.8268
3,ETH/USDT,2022-03-01 09:40:00+00:00,2022-03-01 12:25:00+00:00,0.01945683054487041,0.45022944,exit_signal,bear_high_vol,23.1168
3,LINK/USDT,2022-03-02 00:35:00+00:00,2022-03-02 03:30:00+00:00,0.02001674795792443,0.4706075,roi,bear_high_vol,23.4872
3,ZEC/USDT,2022-03-02 00:20:00+00:00,2022-03-02 10:05:00+00:00,0.020198791798449623,0.4750836,roi,bear_high_vol,23.4969
3,NEAR/USDT,2022-03-02 06:35:00+00:00,2022-03-02 10:10:00+00:00,0.019976518493639014,0.4672521,roi,bear_high_vol,23.3667
3,XRP/USDT,2022-03-02 00:35:00+00:00,2022-03-02 10:35:00+00:00,0.005257367583733934,0.12404628,exit_signal,bear_high_vol,23.57118
3,ETH/USDT,2022-03-02 13:20:00+00:00,2022-03-02 14:40:00+00:00,0.020000622262401277,0.47746681,roi,bear_high_vol,23.848749
3,TRX/USDT,2022-03-02 12:35:00+00:00,2022-03-02 14:45:00+00:00,0.007046845453046118,0.17011616,exit_signal,bear_high_vol,24.116637
3,BNB/USDT,2022-03-02 13:20:00+00:00,2022-03-02 22:00:00+00:00,0.004867859413313958,0.1170088,exit_signal,bear_high_vol,24.013
3,ZEC/USDT,2022-03-03 14:45:00+00:00,2022-03-03 19:35:00+00:00,0.01239625758856528,0.301977,exit_signal,sideways_high_vol,24.336
3,DOGE/USDT,2022-03-03 14:50:00+00:00,2022-03-04 06:50:00+00:00,-0.033897609240075,-0.824841,exit_signal,sideways_high_vol,24.309
3,UNI/USDT,2022-03-03 14:45:00+00:00,2022-03-04 19:10:00+00:00,-0.10179820179820179,-2.4816726,stop_loss,sideways_high_vol,24.354
3,AVAX/USDT,2022-03-04 19:10:00+00:00,2022-03-05 06:20:00+00:00,-0.02544874232085326,-0.5555004,exit_signal,sideways_high_vol,21.8064
3,BNB/USDT,2022-03-04 14:20:00+00:00,2022-03-05 07:20:00+00:00,-0.038479158877931886,-0.9191541,exit_signal,sideways_high_vol,23.8632
3,DOGE/USDT,2022-03-05 13:25:00+00:00,2022-03-05 16:15:00+00:00,0.012642614109606773,0.2857152,exit_signal,sideways_high_vol,22.5768
3,ZEC/USDT,2022-03-04 08:30:00+00:00,2022-03-05 16:30:00+00:00,-0.06987829983781402,-1.684527,exit_signal,sideways_high_vol,24.0825
3,NEAR/USDT,2022-03-05 13:05:00+00:00,2022-03-05 16:45:00+00:00,0.010226328695228219,0.2246412,exit_signal,sideways_high_vol,21.945
3,AAVE/USDT,2022-03-05 21:55:00+00:00,2022-03-06 13:45:00+00:00,-0.02769073243731329,-0.6236174,exit_signal,sideways_high_vol,22.4983
3,XRP/USDT,2022-03-05 21:55:00+00:00,2022-03-06 16:20:00+00:00,-0.0038696735280794223,-0.08703716,exit_signal,sideways_high_vol,22.46965
3,BNB/USDT,2022-03-06 19:45:00+00:00,2022-03-07 05:40:00+00:00,-0.01573076301840525,-0.3451348,exit_signal,bear_high_vol,21.9182
3,AVAX/USDT,2022-03-05 22:00:00+00:00,2022-03-07 09:10:00+00:00,-0.04384212965717668,-0.9743739,exit_signal,sideways_high_vol,22.2024
3,NEAR/USDT,2022-03-06 19:45:00+00:00,2022-03-07 12:25:00+00:00,-0.033871464164063135,-0.7446222,exit_signal,bear_high_vol,21.9618
3,BNB/USDT,2022-03-07 17:15:00+00:00,2022-03-07 20:55:00+00:00,0.001981272316200546,0.0425277,exit_signal,bear_high_vol,21.4434
3,NEAR/USDT,2022-03-07 17:35:00+00:00,2022-03-07 22:25:00+00:00,-0.01176653820447968,-0.2451183,exit_signal,bear_high_vol,20.811
3,BTC/USDT,2022-03-07 18:05:00+00:00,2022-03-08 02:45:00+00:00,0.01102273454736523,0.23643768,exit_signal,bear_high_vol,21.4285736
3,BTC/USDT,2022-03-08 06:35:00+00:00,2022-03-08 08:30:00+00:00,0.019999913942455143,0.4263064,roi,bear_high_vol,21.2941176
3,AAVE/USDT,2022-03-08 06:35:00+00:00,2022-03-08 08:30:00+00:00,0.019917582417582416,0.4296292,roi,bear_high_vol,21.5488
3,UNI/USDT,2022-03-08 05:40:00+00:00,2022-03-08 08:35:00+00:00,0.01805641167343295,0.3899205,exit_signal,bear_high_vol,21.573
3,DOGE/USDT,2022-03-08 14:35:00+00:00,2022-03-08 18:05:00+00:00,0.010764171889491584,0.2363493,exit_signal,bear_high_vol,21.9351
3,LINK/USDT,2022-03-08 20:45:00+00:00,2022-03-09 00:10:00+00:00,0.015009003390103312,0.3316716,exit_signal,bear_high_vol,22.0761
3,AAVE/USDT,2022-03-08 21:40:00+00:00,2022-03-09 00:50:00+00:00,0.020363868496648577,0.4495029,roi,bear_high_vol,22.0515
3,AVAX/USDT,2022-03-08 21:55:00+00:00,2022-03-09 01:25:00+00:00,0.01999956236076914,0.435966,roi,bear_high_vol,21.777
3,UNI/USDT,2022-03-09 12:00:00+00:00,2022-03-09 14:25:00+00:00,0.01996023778201996,0.4486014,roi,sideways_high_vol,22.4523
3,ZEC/USDT,2022-03-09 15:15:00+00:00,2022-03-09 15:40:00+00:00,0.01966629607729463,0.4434578,roi,sideways_high_vol,22.5266
3,ADA/USDT,2022-03-09 12:45:00+00:00,2022-03-09 16:00:00+00:00,0.0169664065151001,0.38181,exit_signal,sideways_high_vol,22.4814
3,UNI/USDT,2022-03-09 18:15:00+00:00,2022-03-10 00:20:00+00:00,0.007786331315743081,0.1781595,exit_signal,sideways_high_vol,22.8582
3,ZEC/USDT,2022-03-10 01:55:00+00:00,2022-03-10 02:15:00+00:00,0.01965063136429731,0.4515864,roi,sideways_high_vol,22.9578
3,ETH/USDT,2022-03-09 18:20:00+00:00,2022-03-10 13:35:00+00:00,-0.034617448376797484,-0.79331095,exit_signal,sideways_high_vol,22.893612
3,XRP/USDT,2022-03-10 04:30:00+00:00,2022-03-10 13:35:00+00:00,-0.01079097114339405,-0.24922128,exit_signal,sideways_high_vol,23.07228
3,DOGE/USDT,2022-03-09 12:45:00+00:00,2022-03-10 23:10:00+00:00,-0.034881099131510995,-0.784178,exit_signal,sideways_high_vol,22.459
3,LINK/USDT,2022-03-10 22:05:00+00:00,2022-03-11 05:40:00+00:00,-0.0035228331637804523,-0.0798568,exit_signal,sideways_high_vol,22.6457
3,ETH/USDT,2022-03-11 01:05:00+00:00,2022-03-11 06:10:00+00:00,-0.001877598749224504,-0.04201569,exit_signal,sideways_high_vol,22.354998
3,NEAR/USDT,2022-03-11 00:30:00+00:00,2022-03-11 07:05:00+00:00,-0.01565535712553743,-0.338964,exit_signal,sideways_high_vol,21.63
3,XRP/USDT,2022-03-11 15:10:00+00:00,2022-03-11 19:40:00+00:00,0.0037431408476470795,0.08370936,exit_signal,sideways_high_vol,22.34106
3,ZEC/USDT,2022-03-12 02:10:00+00:00,2022-03-12 03:05:00+00:00,0.020208848742880158,0.451286,roi,sideways,22.3088
3,ETH/USDT,2022-03-11 15:10:00+00:00,2022-03-12 17:05:00+00:00,0.006889987767495541,0.15338143,exit_signal,sideways_high_vol,22.239256
3,ADA/USDT,2022-03-11 15:10:00+00:00,2022-03-12 17:20:00+00:00,0.001758592724715686,0.039284,exit_signal,sideways_high_vol,22.316
3,XRP/USDT,2022-03-12 03:55:00+00:00,2022-03-12 20:20:00+00:00,-0.02027732562459053,-0.45738517,exit_signal,sideways,22.53395
3,LINK/USDT,2022-03-12 22:15:00+00:00,2022-03-13 02:15:00+00:00,0.004045916233652797,0.090415,exit_signal,sideways,22.3249
3,SOL/USDT,2022-03-13 00:00:00+00:00,2022-03-13 03:20:00+00:00,0.005235673417491599,0.11731775,exit_signal,sideways,22.385
3,ZEC/USDT,2022-03-13 06:00:00+00:00,2022-03-13 09:55:00+00:00,-0.010030211237454697,-0.226047,exit_signal,sideways,22.5141
3,SOL/USDT,2022-03-13 08:00:00+00:00,2022-03-13 15:05:00+00:00,-0.0038291983246111685,-0.08617125,exit_signal,sideways,22.48125
3,LINK/USDT,2022-03-13 10:15:00+00:00,2022-03-13 17:25:00+00:00,0.0032904264546959475,0.0735319,exit_signal,sideways,22.3249
3,TRX/USDT,2022-03-13 19:50:00+00:00,2022-03-14 04:05:00+00:00,7.024439702392807e-06,0.00015779,exit_signal,sideways,22.440561
3,ETH/USDT,2022-03-12 23:50:00+00:00,2022-03-14 04:10:00+00:00,-0.013345985296181155,-0.29908251,exit_signal,sideways,22.387536
3,ADA/USDT,2022-03-13 19:50:00+00:00,2022-03-14 04:15:00+00:00,-0.001998001998001998,-0.0448632,exit_signal,sideways,22.4316
3,UNI/USDT,2022-03-14 11:30:00+00:00,2022-03-14 22:30:00+00:00,-0.011457736576219988,-0.255552,exit_signal,sideways,22.2816
3,ADA/USDT,2022-03-14 11:30:00+00:00,2022-03-14 22:50:00+00:00,0.007982017982017982,0.1783368,exit_signal,sideways,22.32
3,TRX/USDT,2022-03-14 11:30:00+00:00,2022-03-14 22:50:00+00:00,0.0043300600617470295,0.0967606,exit_signal,sideways,22.323925
3,BTC/USDT,2022-03-15 01:35:00+00:00,2022-03-15 12:35:00+00:00,4.7772490957522876e-05,0.00105766,exit_signal,sideways,22.1174022
3,ETH/USDT,2022-03-15 01:25:00+00:00,2022-03-15 14:40:00+00:00,0.0034778098644997883,0.07705973,exit_signal,sideways,22.13541
3,BNB/USDT,2022-03-15 03:45:00+00:00,2022-03-15 14:50:00+00:00,0.0034451504317880104,0.075876,exit_signal,sideways,22.002
3,AVAX/USDT,2022-03-16 00:25:00+00:00,2022-03-16 02:05:00+00:00,0.020026274028870306,0.4447392,roi,sideways,22.1856
3,AVAX/USDT,2022-03-16 03:50:00+00:00,2022-03-16 08:05:00+00:00,0.02001138922418315,0.438896,roi,sideways,21.9104
3,BNB/USDT,2022-03-16 04:20:00+00:00,2022-03-16 08:40:00+00:00,0.01800528831948117,0.4059062,exit_signal,sideways,22.5212
3,SOL/USDT,2022-03-16 13:15:00+00:00,2022-03-16 14:20:00+00:00,0.019946707877117446,0.454476,roi,sideways,22.76175
3,UNI/USDT,2022-03-16 13:15:00+00:00,2022-03-16 19:05:00+00:00,0.01987286070331053,0.4535961,roi,sideways,22.8021
3,TRX/USDT,2022-03-16 03:15:00+00:00,2022-03-16 19:50:00+00:00,0.003962195556584928,0.0893681,exit_signal,sideways,22.532664
3,BTC/USDT,2022-03-16 16:30:00+00:00,2022-03-16 20:05:00+00:00,0.01999998337504567,0.45799787,roi,sideways,22.8770355
3,LINK/USDT,2022-03-17 04:10:00+00:00,2022-03-17 08:55:00+00:00,0.003515821195379206,0.081536,exit_signal,sideways,23.168
3,SOL/USDT,2022-03-17 06:50:00+00:00,2022-03-17 12:05:00+00:00,0.01556114079113159,0.36166485,exit_signal,sideways,23.21832
3,XRP/USDT,2022-03-17 10:05:00+00:00,2022-03-17 12:20:00+00:00,0.01097793220164157,0.25603776,exit_signal,sideways,23.29965
3,NEAR/USDT,2022-03-17 06:50:00+00:00,2022-03-17 13:30:00+00:00,0.01995544830146649,0.4519515,roi,sideways,22.6254
3,AVAX/USDT,2022-03-17 20:40:00+00:00,2022-03-17 22:50:00+00:00,0.015642165565868515,0.369399,exit_signal,sideways,23.592
3,LINK/USDT,2022-03-17 17:15:00+00:00,2022-03-18 05:50:00+00:00,-0.006829270314747493,-0.1611255,exit_signal,sideways,23.5698
3,UNI/USDT,2022-03-17 17:15:00+00:00,2022-03-18 06:05:00+00:00,-0.005255897530108629,-0.1242595,exit_signal,sideways,23.6183
3,SOL/USDT,2022-03-18 00:05:00+00:00,2022-03-18 06:10:00+00:00,-0.007245240757642176,-0.17195492,exit_signal,sideways,23.70979
3,AAVE/USDT,2022-03-18 10:55:00+00:00,2022-03-18 15:20:00+00:00,0.019885098290413905,0.4703249,roi,sideways,23.6285
3,SOL/USDT,2022-03-18 22:55:00+00:00,2022-03-19 00:15:00+00:00,0.01661850903338711,0.39525612,exit_signal,sideways,23.76033
3,ADA/USDT,2022-03-19 08:10:00+00:00,2022-03-19 11:30:00+00:00,0.0060970315894997235,0.1458959,exit_signal,sideways,23.9051
3,ZEC/USDT,2022-03-19 05:45:00+00:00,2022-03-19 11:35:00+00:00,0.000335141188443351,0.0079786,exit_signal,sideways,23.7829
3,AVAX/USDT,2022-03-19 08:50:00+00:00,2022-03-19 11:45:00+00:00,0.018352772838906607,0.4256847,exit_signal,sideways,23.1714
3,ETH/USDT,2022-03-19 22:10:00+00:00,2022-03-20 19:40:00+00:00,-0.02264199348580155,-0.54410936,exit_signal,sideways,24.006976
3,BNB/USDT,2022-03-19 19:35:00+00:00,2022-03-20 20:05:00+00:00,-0.02123840105813065,-0.509466,exit_signal,sideways,23.964
3,ADA/USDT,2022-03-21 02:35:00+00:00,2022-03-21 05:45:00+00:00,0.019923429171984086,0.4692272,roi,sideways,23.528
3,XRP/USDT,2022-03-19 22:10:00+00:00,2022-03-21 05:55:00+00:00,-0.011071862159219327,-0.26700384,exit_signal,sideways,24.09144
3,AAVE/USDT,2022-03-20 23:55:00+00:00,2022-03-21 06:00:00+00:00,-0.0026550145049157557,-0.0629772,exit_signal,sideways,23.6964
3,ZEC/USDT,2022-03-21 12:05:00+00:00,2022-03-21 16:50:00+00:00,0.01924864018299855,0.456148,exit_signal,sideways,23.674
3,TRX/USDT,2022-03-21 12:45:00+00:00,2022-03-22 01:35:00+00:00,0.008929622428560163,0.21287294,exit_signal,sideways,23.815148
3,BTC/USDT,2022-03-21 12:45:00+00:00,2022-03-22 02:00:00+00:00,0.02000007254449687,0.47532048,roi,sideways,23.7421956
3,AVAX/USDT,2022-03-21 16:50:00+00:00,2022-03-22 02:30:00+00:00,0.012149081758393732,0.2849121,exit_signal,sideways,23.4279
3,SOL/USDT,2022-03-22 06:10:00+00:00,2022-03-22 10:55:00+00:00,0.014698020791528437,0.35722393,exit_signal,sideways,24.27994
3,XRP/USDT,2022-03-22 06:10:00+00:00,2022-03-22 14:35:00+00:00,0.01151574402554329,0.27949824,exit_signal,sideways,24.24672
3,ADA/USDT,2022-03-22 20:00:00+00:00,2022-03-22 21:40:00+00:00,0.019878868521874784,0.4861065,exit_signal,sideways,24.429
3,AVAX/USDT,2022-03-22 12:25:00+00:00,2022-03-23 06:10:00+00:00,-0.02443787713949467,-0.5970664,exit_signal,sideways,24.4076
3,AAVE/USDT,2022-03-22 12:30:00+00:00,2022-03-23 06:25:00+00:00,-0.027928345418839713,-0.679371,exit_signal,sideways,24.3012
3,TRX/USDT,2022-03-23 04:00:00+00:00,2022-03-23 06:25:00+00:00,0.005860281450832633,0.14464175,exit_signal,sideways,24.65705
3,ETH/USDT,2022-03-23 17:50:00+00:00,2022-03-23 21:55:00+00:00,0.007669447246734043,0.18468964,exit_signal,sideways,24.057162
3,BTC/USDT,2022-03-23 17:50:00+00:00,2022-03-23 23:50:00+00:00,0.015486720428356486,0.37225335,exit_signal,sideways,24.0129258
3,BNB/USDT,2022-03-23 17:45:00+00:00,2022-03-24 00:05:00+00:00,0.010831689941702301,0.263148,exit_signal,sideways,24.27
3,ETH/USDT,2022-03-24 12:40:00+00:00,2022-03-24 14:50:00+00:00,0.011243833339690366,0.27607473,exit_signal,sideways,24.528906
3,XRP/USDT,2022-03-24 02:45:00+00:00,2022-03-24 15:00:00+00:00,0.010279914272195058,0.25253536,exit_signal,sideways,24.54136
3,DOGE/USDT,2022-03-24 12:40:00+00:00,2022-03-24 19:30:00+00:00,0.014158027403060516,0.34668,exit_signal,sideways,24.462
3,ADA/USDT,2022-03-24 21:30:00+00:00,2022-03-25 03:55:00+00:00,-0.008904590219469112,-0.2205056,exit_signal,sideways,24.7384
3,LINK/USDT,2022-03-25 00:20:00+00:00,2022-03-25 05:00:00+00:00,0.01112538056808564,0.2756675,exit_signal,sideways,24.7535
3,AAVE/USDT,2022-03-24 21:10:00+00:00,2022-03-25 05:05:00+00:00,0.006378513572758177,0.15762,exit_signal,sideways,24.6864
3,BNB/USDT,2022-03-25 07:55:00+00:00,2022-03-25 11:00:00+00:00,0.0074422303381798905,0.18429,exit_signal,sideways,24.738
3,BTC/USDT,2022-03-25 08:05:00+00:00,2022-03-25 11:10:00+00:00,0.007775934623273809,0.19108109,exit_signal,sideways,24.5488432
3,ADA/USDT,2022-03-25 07:55:00+00:00,2022-03-25 11:45:00+00:00,0.005036373318311645,0.1253118,exit_signal,sideways,24.8565
3,LINK/USDT,2022-03-25 15:10:00+00:00,2022-03-26 00:00:00+00:00,-0.03178910641597209,-0.793104,force_exit,sideways,24.924
3,SOL/USDT,2022-03-25 15:10:00+00:00,2022-03-26 00:00:00+00:00,-0.03289437834892381,-0.8241861,force_exit,sideways,25.0305
3,AAVE/USDT,2022-03-25 13:40:00+00:00,2022-03-26 00:00:00+00:00,-0.041516993644653215,-1.0406916,force_exit,sideways,25.0416
4,LINK/USDT,2022-03-26 13:20:00+00:00,2022-03-26 17:30:00+00:00,0.008877660800737725,0.2925093,exit_signal,sideways,32.916
4,BNB/USDT,2022-03-26 13:45:00+00:00,2022-03-26 20:35:00+00:00,0.008188166632881093,0.269824,exit_signal,sideways,32.92
4,UNI/USDT,2022-03-26 12:35:00+00:00,2022-03-27 00:00:00+00:00,0.00366709922055239,0.121056,exit_signal,sideways,32.9784
4,LINK/USDT,2022-03-27 08:30:00+00:00,2022-03-27 15:35:00+00:00,-0.002620585901933375,-0.0870435,exit_signal,sideways,33.1821
4,SOL/USDT,2022-03-26 21:10:00+00:00,2022-03-27 18:05:00+00:00,0.003106365455140905,0.10306164,exit_signal,sideways,33.14442
4,DOGE/USDT,2022-03-27 20:20:00+00:00,2022-03-27 20:35:00+00:00,0.020259596518589322,0.6737171,roi,sideways,33.221
4,ZEC/USDT,2022-03-26 19:25:00+00:00,2022-03-27 21:35:00+00:00,-0.02330420671032025,-0.769248,exit_signal,sideways,32.976
4,UNI/USDT,2022-03-28 07:20:00+00:00,2022-03-28 11:00:00+00:00,0.020199551338341372,0.6704465,roi,bear,33.158
4,BTC/USDT,2022-03-28 06:15:00+00:00,2022-03-28 13:40:00+00:00,0.014873279972113336,0.49424289,exit_signal,bear,33.1970582
4,ZEC/USDT,2022-03-28 06:15:00+00:00,2022-03-28 13:40:00+00:00,0.01268569586372431,0.4194504,exit_signal,bear,33.0318
4,ETH/USDT,2022-03-28 21:35:00+00:00,2022-03-29 05:55:00+00:00,0.006277632654816031,0.2103649,exit_signal,bear,33.476751
4,DOGE/USDT,2022-03-28 21:35:00+00:00,2022-03-29 05:55:00+00:00,-0.018062420476907398,-0.6092508,exit_signal,bear,33.6966
4,BTC/USDT,2022-03-28 21:40:00+00:00,2022-03-29 11:50:00+00:00,0.006884635965538221,0.22914306,exit_signal,bear,33.25
4,ZEC/USDT,2022-03-29 13:50:00+00:00,2022-03-29 21:30:00+00:00,0.012844078997925152,0.4312212,exit_signal,bear,33.54
4,TRX/USDT,2022-03-29 10:15:00+00:00,2022-03-30 04:20:00+00:00,-0.028902501903308547,-0.97180544,exit_signal,bear,33.589985
4,ETH/USDT,2022-03-29 13:50:00+00:00,2022-03-30 06:05:00+00:00,-0.006198582384293096,-0.20832428,exit_signal,bear,33.5748
4,BNB/USDT,2022-03-30 13:40:00+00:00,2022-03-30 16:10:00+00:00,0.015434347312076569,0.5108872,exit_signal,bear,33.0676
4,AAVE/USDT,2022-03-30 13:20:00+00:00,2022-03-30 18:15:00+00:00,0.0154572144078047,0.5166356,exit_signal,bear,33.3902
4,UNI/USDT,2022-03-30 19:05:00+00:00,2022-03-30 20:50:00+00:00,0.01979243463959621,0.666939,roi,bear,33.663
4,TRX/USDT,2022-03-30 19:05:00+00:00,2022-03-30 23:10:00+00:00,0.020023967540318405,0.67655607,roi,bear,33.75356
4,ZEC/USDT,2022-03-30 19:00:00+00:00,2022-03-31 01:30:00+00:00,0.0031729928102985096,0.106662,exit_signal,bear,33.582
4,TRX/USDT,2022-03-31 04:00:00+00:00,2022-03-31 06:30:00+00:00,0.019961275196671124,0.68400504,roi,bear,34.232368
4,BNB/USDT,2022-03-31 04:25:00+00:00,2022-03-31 08:55:00+00:00,0.012914411827701392,0.43967,exit_signal,bear,34.0109
4,ZEC/USDT,2022-03-31 07:35:00+00:00,2022-04-01 00:30:00+00:00,-0.06030939071269992,-2.078239,exit_signal,bear,34.4252
4,BNB/USDT,2022-03-31 11:40:00+00:00,2022-04-01 07:25:00+00:00,-0.045369851944947644,-1.5530053,exit_signal,bear,34.1957
4,DOGE/USDT,2022-03-31 11:40:00+00:00,2022-04-01 07:45:00+00:00,-0.06329695149570927,-2.1850542,exit_signal,bear,34.4862
4,AAVE/USDT,2022-04-01 10:20:00+00:00,2022-04-01 13:00:00+00:00,0.01989600892708754,0.6492824,roi,bear,32.6012
4,ADA/USDT,2022-04-01 11:50:00+00:00,2022-04-01 14:30:00+00:00,0.02004267816988665,0.6540768,roi,bear,32.6016
4,XRP/USDT,2022-04-01 09:45:00+00:00,2022-04-01 14:55:00+00:00,0.009855333842109891,0.322276,exit_signal,bear,32.668
4,AAVE/USDT,2022-04-01 20:55:00+00:00,2022-04-02 00:35:00+00:00,0.01991421751900794,0.659142,roi,bear,33.066
4,UNI/USDT,2022-04-01 20:45:00+00:00,2022-04-02 01:00:00+00:00,0.002248815014772462,0.074589,exit_signal,bear,33.135
4,ZEC/USDT,2022-04-01 20:50:00+00:00,2022-04-02 10:05:00+00:00,0.002769523470160413,0.0919248,exit_signal,bear,33.1584
4,XRP/USDT,2022-04-02 12:05:00+00:00,2022-04-03 04:10:00+00:00,-0.010336524301671115,-0.34587714,exit_signal,bear,33.42822
4,TRX/USDT,2022-04-02 10:10:00+00:00,2022-04-03 05:00:00+00:00,-0.034881751832922935,-1.16944968,exit_signal,bear,33.492624
4,BNB/USDT,2022-04-02 12:05:00+00:00,2022-04-03 08:05:00+00:00,-0.0040119073751360744,-0.1343325,exit_signal,bear,33.45
4,DOGE/USDT,2022-04-03 08:55:00+00:00,2022-04-03 12:45:00+00:00,0.017976305324411114,0.591589,exit_signal,bear,32.8765
4,LINK/USDT,2022-04-03 09:10:00+00:00,2022-04-03 16:10:00+00:00,0.020116815003178638,0.6627467,roi,bear,32.912
4,ZEC/USDT,2022-04-03 16:35:00+00:00,2022-04-03 21:40:00+00:00,0.011642116425715514,0.388816,exit_signal,bear,33.364
4,NEAR/USDT,2022-04-03 12:00:00+00:00,2022-04-03 23:10:00+00:00,0.02001719636916704,0.655818,roi,bear,32.73
4,AAVE/USDT,2022-04-04 00:15:00+00:00,2022-04-04 19:00:00+00:00,-0.024397049334705198,-0.822612,exit_signal,bear,33.684
4,BTC/USDT,2022-04-04 00:30:00+00:00,2022-04-04 19:45:00+00:00,-0.004824586322727795,-0.16210541,exit_signal,bear,33.5662906
4,ETH/USDT,2022-04-04 00:30:00+00:00,2022-04-04 19:50:00+00:00,-0.0028731112680899485,-0.09634925,exit_signal,bear,33.501312
4,TRX/USDT,2022-04-05 06:55:00+00:00,2022-04-05 12:25:00+00:00,0.0006708279964719752,0.02239507,exit_signal,bear,33.35087
4,AAVE/USDT,2022-04-05 00:40:00+00:00,2022-04-05 12:30:00+00:00,-0.0024223225753838,-0.0804123,exit_signal,bear,33.1632
4,UNI/USDT,2022-04-05 06:00:00+00:00,2022-04-05 12:30:00+00:00,0.009138500983994546,0.3047902,exit_signal,bear,33.319
4,ZEC/USDT,2022-04-05 13:15:00+00:00,2022-04-06 05:10:00+00:00,-0.0014170928024245838,-0.0472778,exit_signal,bear,33.3292
4,NEAR/USDT,2022-04-06 11:05:00+00:00,2022-04-06 12:15:00+00:00,0.020000898605904326,0.6618549,roi,bear,33.0582
4,UNI/USDT,2022-04-05 13:30:00+00:00,2022-04-06 14:00:00+00:00,-0.10118913344719796,-3.380838,stop_loss,bear,33.3777
4,NEAR/USDT,2022-04-06 22:35:00+00:00,2022-04-07 07:55:00+00:00,-0.012891975702155306,-0.3863498,exit_signal,bear,29.9383
4,ZEC/USDT,2022-04-06 13:50:00+00:00,2022-04-07 11:35:00+00:00,-0.0038114520246561433,-0.1278697,exit_signal,bear,33.5153
4,ETH/USDT,2022-04-05 13:15:00+00:00,2022-04-07 11:45:00+00:00,-0.06572698764473976,-2.19759878,exit_signal,bear,33.401856
4,TRX/USDT,2022-04-07 09:10:00+00:00,2022-04-07 12:00:00+00:00,0.003312180909011895,0.1003369,exit_signal,bear,30.26304
4,AVAX/USDT,2022-04-07 15:10:00+00:00,2022-04-07 16:55:00+00:00,0.019999167100269163,0.618344,roi,bear,30.8876
4,AAVE/USDT,2022-04-07 15:00:00+00:00,2022-04-07 17:05:00+00:00,0.019830119016283818,0.6283025,roi,bear,31.6526
4,XRP/USDT,2022-04-07 21:25:00+00:00,2022-04-07 23:15:00+00:00,0.01211619442527131,0.38865608,exit_signal,bear,32.04536
4,ETH/USDT,2022-04-07 13:10:00+00:00,2022-04-08 02:50:00+00:00,0.016993868667853337,0.53560116,exit_signal,bear,31.485832
4,ZEC/USDT,2022-04-08 05:10:00+00:00,2022-04-08 08:35:00+00:00,0.019936107848195765,0.6452248,roi,sideways,32.3323
4,BNB/USDT,2022-04-08 04:45:00+00:00,2022-04-08 14:30:00+00:00,-0.01070617098171633,-0.3453728,exit_signal,sideways,32.227
4,UNI/USDT,2022-04-08 10:50:00+00:00,2022-04-08 14:40:00+00:00,-0.007839964913135645,-0.2549948,exit_signal,sideways,32.4925
4,NEAR/USDT,2022-04-08 17:10:00+00:00,2022-04-09 14:35:00+00:00,-0.10175961995700217,-3.1354868,stop_loss,sideways,30.7819
4,BTC/USDT,2022-04-09 15:35:00+00:00,2022-04-09 17:35:00+00:00,0.004428855242071848,0.12939411,exit_signal,sideways,29.1869655
4,AVAX/USDT,2022-04-08 17:20:00+00:00,2022-04-09 23:40:00+00:00,-0.03501718659131367,-1.1328697,exit_signal,sideways,32.3195
4,XRP/USDT,2022-04-08 06:15:00+00:00,2022-04-10 03:10:00+00:00,-0.025605832549747087,-0.8283294,exit_signal,sideways,32.31693
4,AAVE/USDT,2022-04-10 04:20:00+00:00,2022-04-10 16:05:00+00:00,0.0007589095986886042,0.0232375,exit_signal,sideways,30.589
4,ADA/USDT,2022-04-10 05:30:00+00:00,2022-04-10 17:00:00+00:00,0.0018257604464501016,0.0560952,exit_signal,sideways,30.6936
4,NEAR/USDT,2022-04-10 04:10:00+00:00,2022-04-10 17:05:00+00:00,-0.019607368769545334,-0.596664,exit_signal,sideways,30.4002
4,ZEC/USDT,2022-04-10 21:35:00+00:00,2022-04-11 16:30:00+00:00,-0.1017982017982018,-3.1141659,stop_loss,sideways,30.561
4,XRP/USDT,2022-04-10 21:50:00+00:00,2022-04-11 21:30:00+00:00,-0.1017982017982018,-3.11034465,stop_loss,sideways,30.5235
4,BTC/USDT,2022-04-10 21:55:00+00:00,2022-04-12 05:20:00+00:00,-0.06957519375817535,-2.12032749,exit_signal,sideways,30.4448923
4,BTC/USDT,2022-04-12 14:25:00+00:00,2022-04-12 23:25:00+00:00,0.0024871103150018586,0.06860446,exit_signal,sideways,27.5564472
4,DOGE/USDT,2022-04-12 14:20:00+00:00,2022-04-13 01:30:00+00:00,0.020291667986192485,0.56386,roi,sideways,27.76
4,AVAX/USDT,2022-04-12 14:20:00+00:00,2022-04-13 09:00:00+00:00,0.017184306279494563,0.4736052,exit_signal,sideways,27.5328
4,XRP/USDT,2022-04-13 06:55:00+00:00,2022-04-13 13:45:00+00:00,0.001506218500600523,0.04218855,exit_signal,sideways,27.9816
4,TRX/USDT,2022-04-13 01:10:00+00:00,2022-04-13 13:50:00+00:00,0.020019219581361717,0.55807717,roi,sideways,27.84922
4,AAVE/USDT,2022-04-13 09:10:00+00:00,2022-04-13 13:50:00+00:00,0.00580827115123144,0.1633047,exit_signal,sideways,28.0878
4,NEAR/USDT,2022-04-13 22:20:00+00:00,2022-04-13 22:30:00+00:00,0.020015410244492094,0.5605291,roi,sideways,27.9769
4,UNI/USDT,2022-04-13 22:05:00+00:00,2022-04-14 02:00:00+00:00,0.019970595442293557,0.5683158,exit_signal,sideways,28.4292
4,DOGE/USDT,2022-04-14 06:35:00+00:00,2022-04-14 10:10:00+00:00,0.020163933487715724,0.5804462,roi,sideways,28.7576
4,UNI/USDT,2022-04-14 06:40:00+00:00,2022-04-14 21:35:00+00:00,-0.016491806948238485,-0.4742372,exit_signal,sideways,28.7272
4,SOL/USDT,2022-04-14 10:50:00+00:00,2022-04-14 21:35:00+00:00,-0.0373542581508878,-1.08173486,exit_signal,sideways,28.92988
4,BNB/USDT,2022-04-14 03:25:00+00:00,2022-04-15 03:50:00+00:00,-0.012640203398497238,-0.363086,exit_signal,sideways,28.696
4,AAVE/USDT,2022-04-15 06:40:00+00:00,2022-04-15 17:10:00+00:00,0.0049285590060604515,0.139892,exit_signal,sideways,28.3556
4,ZEC/USDT,2022-04-15 19:20:00+00:00,2022-04-16 00:10:00+00:00,0.007598171059709521,0.215943,exit_signal,sideways,28.392
4,BNB/USDT,2022-04-15 06:40:00+00:00,2022-04-16 21:35:00+00:00,-0.001276554770530674,-0.0360604,exit_signal,sideways,28.22
4,TRX/USDT,2022-04-16 00:10:00+00:00,2022-04-16 21:35:00+00:00,-0.0008622495098429336,-0.02459129,exit_signal,sideways,28.491432
4,UNI/USDT,2022-04-15 06:40:00+00:00,2022-04-16 21:50:00+00:00,-0.011267370400497335,-0.3191268,exit_signal,sideways,28.2948
4,XRP/USDT,2022-04-17 02:30:00+00:00,2022-04-17 04:30:00+00:00,0.007693847004995522,0.21828793,exit_signal,sideways,28.34341
4,BTC/USDT,2022-04-17 02:35:00+00:00,2022-04-17 09:10:00+00:00,0.004118621438083167,0.11611725,exit_signal,sideways,28.165067
4,ETH/USDT,2022-04-17 02:30:00+00:00,2022-04-17 13:45:00+00:00,0.008107990541443986,0.22980328,exit_signal,sideways,28.314501
4,BTC/USDT,2022-04-17 17:00:00+00:00,2022-04-17 19:50:00+00:00,0.003238777549267354,0.09253363,exit_signal,sideways,28.542
4,DOGE/USDT,2022-04-17 17:00:00+00:00,2022-04-17 21:10:00+00:00,0.0007955655261463519,0.0226462,exit_signal,sideways,28.4371
4,AAVE/USDT,2022-04-17 23:05:00+00:00,2022-04-18 02:55:00+00:00,-0.014792899408284023,-0.421806,exit_signal,sideways,28.4856
4,NEAR/USDT,2022-04-17 23:00:00+00:00,2022-04-18 12:35:00+00:00,-0.049145250655485306,-1.3400947,exit_signal,sideways,27.2408
4,TRX/USDT,2022-04-17 16:40:00+00:00,2022-04-18 12:55:00+00:00,-0.02945269006200237,-0.84171777,exit_signal,sideways,28.550088
4,AVAX/USDT,2022-04-18 16:15:00+00:00,2022-04-18 17:05:00+00:00,0.02005953368665233,0.5479219,roi,sideways,27.2875
4,LINK/USDT,2022-04-19 02:45:00+00:00,2022-04-19 11:15:00+00:00,0.008061053417424907,0.22416,exit_signal,sideways,27.78
4,UNI/USDT,2022-04-19 03:00:00+00:00,2022-04-19 11:20:00+00:00,0.010949050949050949,0.3051538,exit_signal,sideways,27.8425
4,BTC/USDT,2022-04-19 03:00:00+00:00,2022-04-19 13:50:00+00:00,0.015032978776714048,0.41555817,exit_signal,sideways,27.6154868
4,BNB/USDT,2022-04-19 13:20:00+00:00,2022-04-19 14:05:00+00:00,0.009731932735050988,0.2721071,exit_signal,sideways,27.9323
4,LINK/USDT,2022-04-19 19:05:00+00:00,2022-04-19 22:40:00+00:00,0.005793354977173289,0.16342,exit_signal,sideways,28.18
4,NEAR/USDT,2022-04-19 20:15:00+00:00,2022-04-19 23:30:00+00:00,0.020023750104856974,0.5377504,roi,sideways,26.8288
4,AVAX/USDT,2022-04-19 17:25:00+00:00,2022-04-19 23:55:00+00:00,0.013777193974462565,0.3817065,exit_signal,sideways,27.678
4,TRX/USDT,2022-04-20 00:30:00+00:00,2022-04-20 05:30:00+00:00,0.0059529379359237414,0.17083406,exit_signal,sideways,28.668768
4,ETH/USDT,2022-04-20 00:30:00+00:00,2022-04-20 06:10:00+00:00,0.01067225035497033,0.30472994,exit_signal,sideways,28.52496
4,XRP/USDT,2022-04-20 00:30:00+00:00,2022-04-20 10:45:00+00:00,0.005444901820670498,0.15621375,exit_signal,sideways,28.66125
4,TRX/USDT,2022-04-20 09:35:00+00:00,2022-04-20 22:20:00+00:00,-0.003906531645987406,-0.11272757,exit_signal,sideways,28.82735
4,LINK/USDT,2022-04-20 13:40:00+00:00,2022-04-21 02:10:00+00:00,-0.001998001998001998,-0.05757,exit_signal,sideways,28.785
4,ADA/USDT,2022-04-21 05:40:00+00:00,2022-04-21 08:00:00+00:00,0.006486605848986295,0.186966,exit_signal,sideways,28.7946
4,ZEC/USDT,2022-04-21 09:40:00+00:00,2022-04-21 10:35:00+00:00,0.020138826053798325,0.5791086,roi,sideways,28.7271
4,LINK/USDT,2022-04-21 05:55:00+00:00,2022-04-21 11:10:00+00:00,0.015110603682032254,0.434108,exit_signal,sideways,28.7
4,DOGE/USDT,2022-04-20 13:35:00+00:00,2022-04-22 06:15:00+00:00,-0.04030233548726221,-1.1620011,exit_signal,sideways,28.8033
4,BTC/USDT,2022-04-21 15:50:00+00:00,2022-04-22 06:20:00+00:00,-0.03653613103214271,-1.06532618,exit_signal,sideways,29.1290262
4,ZEC/USDT,2022-04-22 07:35:00+00:00,2022-04-23 08:50:00+00:00,-0.044038379203214364,-1.2491811,exit_signal,bear,28.3374
4,ZEC/USDT,2022-04-23 14:35:00+00:00,2022-04-23 20:55:00+00:00,0.006383151731988942,0.1730925,exit_signal,bear,27.09
4,ETH/USDT,2022-04-21 15:45:00+00:00,2022-04-23 21:55:00+00:00,-0.05029022724933763,-1.46035742,exit_signal,sideways,29.009583
4,SOL/USDT,2022-04-23 23:00:00+00:00,2022-04-24 18:55:00+00:00,-0.011347197324911554,-0.3110049,exit_signal,bear,27.3807
4,BNB/USDT,2022-04-23 23:00:00+00:00,2022-04-24 19:05:00+00:00,-0.0054547135200277205,-0.150076,exit_signal,bear,27.4856
4,AVAX/USDT,2022-04-22 08:50:00+00:00,2022-04-24 19:20:00+00:00,-0.04250390011891862,-1.1907377,exit_signal,bear,27.9868
4,TRX/USDT,2022-04-25 00:20:00+00:00,2022-04-25 11:25:00+00:00,-0.03486724665014893,-0.94599583,exit_signal,bear,27.104256
4,ZEC/USDT,2022-04-25 00:10:00+00:00,2022-04-25 16:45:00+00:00,-0.041368149696264914,-1.1176139,exit_signal,bear,26.9893
4,NEAR/USDT,2022-04-25 00:05:00+00:00,2022-04-25 16:50:00+00:00,-0.04564182056659489,-1.2298608,exit_signal,bear,26.919
4,DOGE/USDT,2022-04-26 01:50:00+00:00,2022-04-26 02:15:00+00:00,0.019958041958041958,0.5184291,roi,bear,25.95
4,ADA/USDT,2022-04-26 02:00:00+00:00,2022-04-26 05:25:00+00:00,0.00791779068848054,0.20568014,exit_signal,bear,25.95101
4,BNB/USDT,2022-04-26 02:40:00+00:00,2022-04-27 05:45:00+00:00,-0.03071748395489403,-0.7932544,exit_signal,bear,25.7984
4,ETH/USDT,2022-04-26 02:40:00+00:00,2022-04-27 06:50:00+00:00,-0.043049620176222166,-1.12160696,exit_signal,bear,26.02779
4,XRP/USDT,2022-04-26 05:40:00+00:00,2022-04-27 07:00:00+00:00,-0.048828878311985444,-1.28301733,exit_signal,bear,26.24954
4,ZEC/USDT,2022-04-27 11:25:00+00:00,2022-04-27 12:00:00+00:00,0.019921053551801664,0.4997288,roi,bear,25.0604
4,AAVE/USDT,2022-04-27 13:10:00+00:00,2022-04-27 13:25:00+00:00,0.019789791772811784,0.4997898,roi,bear,25.2297
4,DOGE/USDT,2022-04-27 11:10:00+00:00,2022-04-27 13:30:00+00:00,0.020339948859804453,0.5104019,roi,bear,25.0685
4,ETH/USDT,2022-04-27 14:30:00+00:00,2022-04-27 16:30:00+00:00,0.020000360063964304,0.50991858,roi,bear,25.47
4,TRX/USDT,2022-04-27 14:20:00+00:00,2022-04-27 22:00:00+00:00,0.00855778828772627,0.22012357,exit_signal,bear,25.69632
4,AVAX/USDT,2022-04-27 17:15:00+00:00,2022-04-27 22:05:00+00:00,0.0018757837906774077,0.0483257,exit_signal,bear,25.7372
4,LINK/USDT,2022-04-28 01:55:00+00:00,2022-04-28 07:40:00+00:00,0.008307022604083765,0.2156614,exit_signal,bear,25.9354
4,XRP/USDT,2022-04-27 08:55:00+00:00,2022-04-28 08:30:00+00:00,0.005082209585602552,0.12798568,exit_signal,bear,25.15792
4,ADA/USDT,2022-04-28 05:45:00+00:00,2022-04-28 08:30:00+00:00,0.012125796966286293,0.31475066,exit_signal,bear,25.93118
4,LINK/USDT,2022-04-28 12:15:00+00:00,2022-04-28 15:10:00+00:00,0.008209728902097115,0.2141225,exit_signal,bear,26.0555
4,SOL/USDT,2022-04-28 12:55:00+00:00,2022-04-28 17:55:00+00:00,0.010157929768161194,0.2654664,exit_signal,bear,26.1078
4,UNI/USDT,2022-04-28 12:55:00+00:00,2022-04-28 18:30:00+00:00,0.007726743414928555,0.20193,exit_signal,bear,26.1078
4,UNI/USDT,2022-04-28 21:45:00+00:00,2022-04-30 02:10:00+00:00,-0.043786262998085655,-1.156675,exit_signal,bear,26.39
4,BNB/USDT,2022-04-29 02:35:00+00:00,2022-04-30 05:50:00+00:00,-0.015554462825393921,-0.4097795,exit_signal,bear,26.3185
4,ZEC/USDT,2022-04-30 08:25:00+00:00,2022-04-30 11:30:00+00:00,0.019816249324446047,0.513282,roi,bear,25.8762
4,BNB/USDT,2022-04-30 13:45:00+00:00,2022-05-01 05:15:00+00:00,-0.027017550694430917,-0.6941935,exit_signal,bear,25.6685
4,DOGE/USDT,2022-04-30 08:35:00+00:00,2022-05-01 05:25:00+00:00,-0.024241731522563616,-0.620578,exit_signal,bear,25.574
4,BTC/USDT,2022-04-29 03:00:00+00:00,2022-05-01 15:25:00+00:00,-0.03520882781431282,-0.91932657,exit_signal,bear,26.0845992
4,UNI/USDT,2022-05-01 18:30:00+00:00,2022-05-01 21:00:00+00:00,0.0022548474253019707,0.0570451,exit_signal,bear,25.2736
4,LINK/USDT,2022-05-01 18:45:00+00:00,2022-05-01 23:25:00+00:00,0.007795059534577822,0.1968075,exit_signal,bear,25.2225
4,AVAX/USDT,2022-05-01 18:25:00+00:00,2022-05-02 00:30:00+00:00,0.011721984736241356,0.290367,exit_signal,bear,24.7464
4,DOGE/USDT,2022-05-02 01:55:00+00:00,2022-05-02 05:55:00+00:00,0.011631767322207382,0.2961778,exit_signal,bear,25.4374
4,LINK/USDT,2022-05-02 02:25:00+00:00,2022-05-02 14:35:00+00:00,0.002453389607716102,0.0624931,exit_signal,bear,25.4467
4,ZEC/USDT,2022-05-02 08:25:00+00:00,2022-05-02 19:25:00+00:00,-0.005291737965005291,-0.135462,exit_signal,bear,25.5732
4,BNB/USDT,2022-05-02 02:00:00+00:00,2022-05-02 21:40:00+00:00,0.0026342919586859765,0.066469,exit_signal,bear,25.207
4,AAVE/USDT,2022-05-03 00:55:00+00:00,2022-05-03 02:05:00+00:00,0.018983119193350446,0.4853764,exit_signal,bear,25.5433
4,LINK/USDT,2022-05-03 01:20:00+00:00,2022-05-03 02:05:00+00:00,0.015146697786842451,0.3873639,exit_signal,bear,25.5486
4,TRX/USDT,2022-05-03 05:50:00+00:00,2022-05-03 07:55:00+00:00,0.019986969552186946,0.51768,roi,bear,25.875
4,XRP/USDT,2022-05-03 06:00:00+00:00,2022-05-04 00:10:00+00:00,-0.012539134573583714,-0.3244206,exit_signal,bear,25.8468
4,ETH/USDT,2022-05-03 00:50:00+00:00,2022-05-04 02:25:00+00:00,-0.015295474600356466,-0.39175254,exit_signal,bear,25.58673
4,BNB/USDT,2022-05-03 10:10:00+00:00,2022-05-04 06:10:00+00:00,-0.0027698519577869928,-0.0720585,exit_signal,bear,25.9893
4,AVAX/USDT,2022-05-04 05:20:00+00:00,2022-05-04 06:45:00+00:00,0.020019219581361717,0.5116699,roi,bear,25.5334
4,XRP/USDT,2022-05-04 04:50:00+00:00,2022-05-04 07:50:00+00:00,0.009652465259173579,0.2491636,exit_signal,bear,25.78768
4,BNB/USDT,2022-05-04 14:00:00+00:00,2022-05-04 16:00:00+00:00,0.013708427795115101,0.3563529,exit_signal,bear,25.9692
4,ZEC/USDT,2022-05-04 14:00:00+00:00,2022-05-04 18:00:00+00:00,0.019979363282567886,0.51842496,roi,bear,25.9221
4,XRP/USDT,2022-05-04 14:00:00+00:00,2022-05-04 18:40:00+00:00,0.02003474857113451,0.52119875,roi,bear,25.98875
4,UNI/USDT,2022-05-05 04:15:00+00:00,2022-05-05 07:40:00+00:00,0.011968947083450901,0.3173529,exit_signal,bear_high_vol,26.4882
4,ADA/USDT,2022-05-05 04:15:00+00:00,2022-05-05 15:50:00+00:00,-0.10169577258184853,-2.69583924,stop_loss,bear_high_vol,26.48238
4,XRP/USDT,2022-05-05 08:35:00+00:00,2022-05-06 01:20:00+00:00,-0.043041712001837096,-1.14619232,exit_signal,bear_high_vol,26.6032
4,XRP/USDT,2022-05-06 07:40:00+00:00,2022-05-06 20:55:00+00:00,0.0018359792871234328,0.04456215,exit_signal,bear_high_vol,24.24735
4,DOGE/USDT,2022-05-05 05:35:00+00:00,2022-05-06 22:35:00+00:00,-0.04542139276652551,-1.2022335,exit_signal,bear_high_vol,26.442
4,TRX/USDT,2022-05-07 04:50:00+00:00,2022-05-07 08:05:00+00:00,0.013013187765768744,0.32495609,exit_signal,bear_high_vol,24.946344
4,ETH/USDT,2022-05-06 07:40:00+00:00,2022-05-07 08:50:00+00:00,-0.012660000797529982,-0.32036138,exit_signal,bear_high_vol,25.279725
4,TRX/USDT,2022-05-07 12:30:00+00:00,2022-05-07 13:25:00+00:00,0.02002386556217788,0.50009905,roi,bear_high_vol,24.9502
4,BNB/USDT,2022-05-07 20:35:00+00:00,2022-05-08 07:10:00+00:00,-0.03711830691302832,-0.919842,exit_signal,bear_high_vol,24.7566
4,SOL/USDT,2022-05-07 20:30:00+00:00,2022-05-08 11:10:00+00:00,-0.022943722943722943,-0.576693,exit_signal,bear_high_vol,25.11
4,AVAX/USDT,2022-05-07 20:35:00+00:00,2022-05-08 17:05:00+00:00,-0.10179820179820179,-2.5287504,stop_loss,bear_high_vol,24.816
4,NEAR/USDT,2022-05-08 17:05:00+00:00,2022-05-08 18:40:00+00:00,0.019994368641687875,0.4475812,roi,bear_high_vol,22.363
4,SOL/USDT,2022-05-08 13:15:00+00:00,2022-05-09 00:40:00+00:00,-0.015111000039507059,-0.36871136,exit_signal,bear_high_vol,24.37582
4,XRP/USDT,2022-05-08 22:35:00+00:00,2022-05-09 01:35:00+00:00,0.012761182479492338,0.29094956,exit_signal,bear_high_vol,22.7768
4,AAVE/USDT,2022-05-08 13:00:00+00:00,2022-05-09 10:40:00+00:00,-0.10133616383616383,-2.497797,stop_loss,bear_high_vol,24.624
4,NEAR/USDT,2022-05-09 10:50:00+00:00,2022-05-09 11:40:00+00:00,0.020044552065622206,0.4559499,roi,bear_high_vol,22.7241
4,ZEC/USDT,2022-05-09 02:20:00+00:00,2022-05-09 15:30:00+00:00,-0.1017982017982018,-2.4309264,stop_loss,bear_high_vol,23.856
4,ZEC/USDT,2022-05-10 14:35:00+00:00,2022-05-10 17:35:00+00:00,0.01999877673347061,0.44729952,roi,bear_high_vol,22.344
4,BTC/USDT,2022-05-10 14:50:00+00:00,2022-05-10 17:35:00+00:00,0.020000121504778777,0.4466156,roi,bear_high_vol,22.308336
4,AVAX/USDT,2022-05-10 19:40:00+00:00,2022-05-11 00:25:00+00:00,0.0030159879439040646,0.0677229,exit_signal,bear_high_vol,22.4322
4,LINK/USDT,2022-05-10 19:45:00+00:00,2022-05-11 00:30:00+00:00,0.012949032534285991,0.2936511,exit_signal,bear_high_vol,22.6548
4,DOGE/USDT,2022-05-10 14:45:00+00:00,2022-05-11 07:35:00+00:00,-0.1017982017982018,-2.28534187,stop_loss,bear_high_vol,22.4273
4,ETH/USDT,2022-05-11 06:50:00+00:00,2022-05-11 08:55:00+00:00,0.020001853003089418,0.4562686,roi,bear_high_vol,22.788528
4,BTC/USDT,2022-05-11 06:50:00+00:00,2022-05-11 09:00:00+00:00,0.019999897380247274,0.4554858,roi,bear_high_vol,22.7516552
4,ADA/USDT,2022-05-11 12:35:00+00:00,2022-05-11 12:50:00+00:00,-0.10173171265776197,-2.28055184,stop_loss,bear_high_vol,22.39492
4,ADA/USDT,2022-05-11 12:55:00+00:00,2022-05-11 13:05:00+00:00,0.02002338410368796,0.4089258,roi,bear_high_vol,20.40201
4,BTC/USDT,2022-05-11 12:35:00+00:00,2022-05-11 13:45:00+00:00,0.02000010762837143,0.44728224,roi,bear_high_vol,22.34165
4,ETH/USDT,2022-05-11 12:35:00+00:00,2022-05-11 13:45:00+00:00,0.02000053485829429,0.44419682,roi,bear_high_vol,22.18706
4,TRX/USDT,2022-05-12 04:15:00+00:00,2022-05-12 04:30:00+00:00,0.020037751445107485,0.44266931,roi,bear_high_vol,22.069696
4,TRX/USDT,2022-05-12 05:15:00+00:00,2022-05-12 05:15:00+00:00,0.020065723907462384,0.44622767,roi,bear_high_vol,22.216088
4,NEAR/USDT,2022-05-12 18:45:00+00:00,2022-05-12 19:05:00+00:00,0.020043373569166283,0.445137,roi,bear_high_vol,22.1865
4,LINK/USDT,2022-05-12 18:40:00+00:00,2022-05-12 19:25:00+00:00,0.0200044607451517,0.44688599,roi,bear_high_vol,22.317
4,AAVE/USDT,2022-05-12 18:15:00+00:00,2022-05-12 23:05:00+00:00,0.020563213382362316,0.4597263,roi,bear_high_vol,22.3344
4,NEAR/USDT,2022-05-12 21:20:00+00:00,2022-05-12 23:05:00+00:00,0.019990784384480105,0.4479372,roi,bear_high_vol,22.3848
4,ADA/USDT,2022-05-12 21:20:00+00:00,2022-05-12 23:35:00+00:00,0.020094025896733828,0.45578817,roi,bear_high_vol,22.66011
4,DOGE/USDT,2022-05-13 10:00:00+00:00,2022-05-13 10:35:00+00:00,0.02005352278700798,0.46352698,roi,bear_high_vol,23.0914
4,XRP/USDT,2022-05-13 15:45:00+00:00,2022-05-13 21:50:00+00:00,-0.0022272696290614965,-0.0518247,exit_signal,bear_high_vol,23.24502
4,ZEC/USDT,2022-05-13 23:15:00+00:00,2022-05-13 23:15:00+00:00,0.01997927604310583,0.46434271,roi,bear_high_vol,23.218
4,TRX/USDT,2022-05-14 03:40:00+00:00,2022-05-14 07:35:00+00:00,0.005547308098948439,0.12992967,exit_signal,bear_high_vol,23.398713
4,AAVE/USDT,2022-05-13 16:15:00+00:00,2022-05-14 14:10:00+00:00,-0.10145127178730887,-2.357516,stop_loss,bear_high_vol,23.2147
4,ZEC/USDT,2022-05-14 11:00:00+00:00,2022-05-14 16:30:00+00:00,0.019970595442293553,0.4672395,roi,bear_high_vol,23.373
4,BTC/USDT,2022-05-13 16:35:00+00:00,2022-05-14 16:50:00+00:00,-0.019515644621915327,-0.4497956,exit_signal,bear_high_vol,23.024925
4,AAVE/USDT,2022-05-15 02:45:00+00:00,2022-05-15 05:20:00+00:00,0.019541609469667022,0.4421094,roi,bear_high_vol,22.6014
4,BNB/USDT,2022-05-15 02:40:00+00:00,2022-05-15 10:55:00+00:00,0.020000041352231764,0.45269718,roi,bear_high_vol,22.6122
4,ETH/USDT,2022-05-15 03:20:00+00:00,2022-05-15 11:00:00+00:00,0.018254301356970728,0.41217243,exit_signal,bear_high_vol,22.556912
4,ZEC/USDT,2022-05-15 13:55:00+00:00,2022-05-15 15:10:00+00:00,0.019998384675959265,0.46174002,roi,bear_high_vol,23.0658
4,AAVE/USDT,2022-05-15 18:10:00+00:00,2022-05-15 20:10:00+00:00,0.020128063301925615,0.4679357,roi,bear_high_vol,23.2247
4,ZEC/USDT,2022-05-16 00:25:00+00:00,2022-05-16 08:35:00+00:00,-0.009282688114804904,-0.2169192,exit_signal,bear_high_vol,23.3448
4,AVAX/USDT,2022-05-16 23:45:00+00:00,2022-05-17 00:40:00+00:00,0.020043759921060535,0.4643968,roi,bear_high_vol,23.146
4,AAVE/USDT,2022-05-16 00:55:00+00:00,2022-05-17 00:45:00+00:00,-0.003133385385945113,-0.0733362,exit_signal,bear_high_vol,23.3814
4,UNI/USDT,2022-05-16 01:20:00+00:00,2022-05-17 00:45:00+00:00,-0.01904167938323536,-0.445998,exit_signal,bear_high_vol,23.3988
4,XRP/USDT,2022-05-17 07:30:00+00:00,2022-05-17 13:40:00+00:00,0.02009197698852871,0.46872303,roi,bear_high_vol,23.30556
4,BTC/USDT,2022-05-17 11:40:00+00:00,2022-05-17 21:35:00+00:00,0.0031467862144644353,0.07256955,exit_signal,bear_high_vol,23.0384424
4,LINK/USDT,2022-05-17 14:40:00+00:00,2022-05-17 21:45:00+00:00,-0.005896447302697302,-0.1382565,exit_signal,bear_high_vol,23.424
4,BNB/USDT,2022-05-17 14:40:00+00:00,2022-05-17 22:05:00+00:00,0.002266963805425344,0.0531531,exit_signal,bear_high_vol,23.4234
4,AVAX/USDT,2022-05-18 01:55:00+00:00,2022-05-18 15:20:00+00:00,-0.10176877089292308,-2.3835567,stop_loss,bear_high_vol,23.3979
4,XRP/USDT,2022-05-18 02:00:00+00:00,2022-05-18 19:05:00+00:00,-0.039166246661041945,-0.9186087,exit_signal,bear_high_vol,23.43066
4,TRX/USDT,2022-05-19 02:05:00+00:00,2022-05-19 03:10:00+00:00,0.019990670533706914,0.44780528,roi,bear_high_vol,22.378335
4,AAVE/USDT,2022-05-19 09:35:00+00:00,2022-05-19 10:40:00+00:00,0.01996292216341116,0.4364382,roi,bear_high_vol,21.8406
4,BTC/USDT,2022-05-18 01:55:00+00:00,2022-05-19 11:50:00+00:00,-0.026264297709968264,-0.61149454,exit_signal,bear_high_vol,23.2590897
4,SOL/USDT,2022-05-19 08:55:00+00:00,2022-05-19 11:55:00+00:00,0.020072810181374717,0.45173784,roi,bear_high_vol,22.48248
4,AVAX/USDT,2022-05-19 22:20:00+00:00,2022-05-19 23:00:00+00:00,0.019853564157361624,0.447293,roi,bear_high_vol,22.5071
4,SOL/USDT,2022-05-19 22:05:00+00:00,2022-05-19 23:45:00+00:00,0.019998141121605136,0.45261153,roi,bear_high_vol,22.61007
4,ZEC/USDT,2022-05-19 19:35:00+00:00,2022-05-20 00:50:00+00:00,0.017231323589705094,0.3885168,exit_signal,bear_high_vol,22.5246
4,AVAX/USDT,2022-05-20 03:45:00+00:00,2022-05-20 05:55:00+00:00,0.02014254652910115,0.4618768,roi,bear,22.9075
4,SOL/USDT,2022-05-20 04:25:00+00:00,2022-05-20 06:00:00+00:00,0.019910313128658874,0.45859484,roi,bear,23.01002
4,AAVE/USDT,2022-05-20 06:30:00+00:00,2022-05-20 08:25:00+00:00,0.02010613970746861,0.4688892,roi,bear,23.2974
4,ETH/USDT,2022-05-20 06:35:00+00:00,2022-05-20 11:00:00+00:00,0.019997972278153916,0.46557563,roi,bear,23.257884
4,XRP/USDT,2022-05-20 12:50:00+00:00,2022-05-20 20:20:00+00:00,-0.022577801435350618,-0.5339656,exit_signal,bear,23.6264
4,DOGE/USDT,2022-05-20 12:50:00+00:00,2022-05-20 20:25:00+00:00,-0.019405013591060102,-0.4593875,exit_signal,bear,23.65
4,ZEC/USDT,2022-05-21 01:30:00+00:00,2022-05-21 02:40:00+00:00,0.020008231613647474,0.465957,roi,bear,23.265
4,TRX/USDT,2022-05-20 06:35:00+00:00,2022-05-21 13:40:00+00:00,-0.014069512939471625,-0.32880847,exit_signal,bear,23.346934
4,SOL/USDT,2022-05-21 11:35:00+00:00,2022-05-21 14:40:00+00:00,0.01994503867468037,0.46876504,roi,bear,23.47936
4,AAVE/USDT,2022-05-21 11:35:00+00:00,2022-05-21 14:40:00+00:00,0.02032866462396664,0.4766304,roi,bear,23.4228
4,ZEC/USDT,2022-05-22 02:20:00+00:00,2022-05-22 08:35:00+00:00,0.015409009595056106,0.3645222,exit_signal,bear,23.6328
4,LINK/USDT,2022-05-22 04:20:00+00:00,2022-05-22 08:40:00+00:00,0.015208929002032448,0.360264,exit_signal,bear,23.664
4,BTC/USDT,2022-05-22 04:20:00+00:00,2022-05-22 08:50:00+00:00,0.007055172692603471,0.16545201,exit_signal,bear,23.427736
4,ETH/USDT,2022-05-22 15:20:00+00:00,2022-05-22 22:05:00+00:00,0.01090176686996443,0.26031238,exit_signal,bear,23.854145
4,AAVE/USDT,2022-05-22 11:35:00+00:00,2022-05-22 22:25:00+00:00,0.002262412080981985,0.054111,exit_signal,bear,23.8935
4,DOGE/USDT,2022-05-22 15:20:00+00:00,2022-05-22 22:25:00+00:00,0.008531913572945225,0.2047085,exit_signal,bear,23.9693
4,UNI/USDT,2022-05-23 02:05:00+00:00,2022-05-23 04:10:00+00:00,0.02017982017982018,0.4875876,roi,bear,24.138
4,XRP/USDT,2022-05-23 02:10:00+00:00,2022-05-23 07:25:00+00:00,0.011830023774600937,0.2860189,exit_signal,bear,24.15322
4,ZEC/USDT,2022-05-23 14:10:00+00:00,2022-05-23 14:45:00+00:00,0.020002980134312218,0.4866546,roi,bear,24.3048
4,SOL/USDT,2022-05-23 14:05:00+00:00,2022-05-23 15:05:00+00:00,0.020074110827209016,0.4900821,roi,bear,24.38925
4,TRX/USDT,2022-05-23 01:35:00+00:00,2022-05-23 16:45:00+00:00,0.00020052510407942147,0.00484682,exit_signal,bear,24.146493
4,SOL/USDT,2022-05-23 18:55:00+00:00,2022-05-24 15:45:00+00:00,-0.04744890006227439,-1.17406225,exit_signal,bear,24.719
4,XRP/USDT,2022-05-23 17:40:00+00:00,2022-05-24 15:50:00+00:00,-0.03714895290335557,-0.91878528,exit_signal,bear,24.70776
4,DOGE/USDT,2022-05-23 18:25:00+00:00,2022-05-25 02:40:00+00:00,-0.02399572585187434,-0.592163,exit_signal,bear,24.6532
4,AVAX/USDT,2022-05-25 05:35:00+00:00,2022-05-26 06:05:00+00:00,-0.10176331882029191,-2.4189188,stop_loss,bear,23.7463
4,ZEC/USDT,2022-05-25 05:10:00+00:00,2022-05-26 06:25:00+00:00,-0.1017982017982018,-2.42632052,stop_loss,bear,23.8108
4,ETH/USDT,2022-05-25 05:50:00+00:00,2022-05-26 13:05:00+00:00,-0.1017956939831633,-2.41261005,stop_loss,bear,23.676835
4,XRP/USDT,2022-05-26 06:05:00+00:00,2022-05-26 16:20:00+00:00,-0.0047370294376282394,-0.102627,exit_signal,bear,21.6432
4,LINK/USDT,2022-05-26 19:40:00+00:00,2022-05-26 22:30:00+00:00,0.01999416886714983,0.4286013,roi,bear,21.4149
4,AAVE/USDT,2022-05-26 19:25:00+00:00,2022-05-26 23:05:00+00:00,0.019892370839529362,0.4254036,roi,bear,21.3639
4,DOGE/USDT,2022-05-26 19:40:00+00:00,2022-05-26 23:10:00+00:00,0.01999618216178726,0.42738544,roi,bear,21.352
4,BTC/USDT,2022-05-27 00:00:00+00:00,2022-05-27 12:45:00+00:00,-0.00037974152184625334,-0.00821404,exit_signal,bear,21.608999
4,DOGE/USDT,2022-05-27 00:00:00+00:00,2022-05-27 12:45:00+00:00,0.01081332018430863,0.236096,exit_signal,bear,21.812
4,AAVE/USDT,2022-05-27 00:40:00+00:00,2022-05-27 12:45:00+00:00,-0.0009744102051794358,-0.0213024,exit_signal,bear,21.84
4,BTC/USDT,2022-05-27 15:00:00+00:00,2022-05-27 19:55:00+00:00,0.005336704787824683,0.11687553,exit_signal,bear,21.8784392
4,SOL/USDT,2022-05-27 23:25:00+00:00,2022-05-28 00:40:00+00:00,0.020000572535473344,0.43896528,roi,bear,21.92571
4,TRX/USDT,2022-05-27 14:45:00+00:00,2022-05-28 10:25:00+00:00,0.014173038727444808,0.31073952,exit_signal,bear,21.90279
4,UNI/USDT,2022-05-27 16:10:00+00:00,2022-05-28 13:15:00+00:00,0.0209685711777762,0.4595114,roi,bear,21.8924
4,ETH/USDT,2022-05-28 17:05:00+00:00,2022-05-28 19:55:00+00:00,0.015907685149556275,0.35449596,exit_signal,bear,22.26231
4,BTC/USDT,2022-05-28 17:10:00+00:00,2022-05-29 08:25:00+00:00,0.007984897554832632,0.1774636,exit_signal,bear,22.2027036
4,XRP/USDT,2022-05-28 17:25:00+00:00,2022-05-29 11:00:00+00:00,0.002678914420648344,0.059843,exit_signal,bear,22.31621
4,TRX/USDT,2022-05-28 21:35:00+00:00,2022-05-29 12:15:00+00:00,0.010295691094173685,0.23149829,exit_signal,bear,22.462506
4,AAVE/USDT,2022-05-29 15:05:00+00:00,2022-05-29 16:15:00+00:00,0.020250450186755923,0.45828,roi,bear,22.608
4,BNB/USDT,2022-05-29 15:05:00+00:00,2022-05-29 22:20:00+00:00,0.00658270301127444,0.1474524,exit_signal,bear,22.3776
4,UNI/USDT,2022-05-29 15:05:00+00:00,2022-05-30 01:25:00+00:00,0.020544137587258735,0.464696,roi,bear,22.5968
4,TRX/USDT,2022-05-29 18:30:00+00:00,2022-05-30 01:35:00+00:00,0.0049179874178599155,0.11206589,exit_signal,bear,22.764177
4,TRX/USDT,2022-05-30 09:05:00+00:00,2022-05-30 17:30:00+00:00,0.0022364590100583917,0.05150446,exit_signal,bear,23.006461
4,ZEC/USDT,2022-05-30 09:15:00+00:00,2022-05-30 20:25:00+00:00,0.019981177936920825,0.45934262,roi,bear,22.9658
4,BNB/USDT,2022-05-30 09:10:00+00:00,2022-05-30 21:20:00+00:00,0.01443001443001443,0.328536,exit_signal,bear,22.7448
4,ETH/USDT,2022-05-31 06:15:00+00:00,2022-05-31 15:55:00+00:00,0.0067106200487868995,0.15509497,exit_signal,bear,23.08878
4,DOGE/USDT,2022-05-31 06:20:00+00:00,2022-05-31 18:15:00+00:00,0.005907885218230045,0.13757044,exit_signal,bear,23.26264
4,ZEC/USDT,2022-05-31 05:40:00+00:00,2022-06-01 09:50:00+00:00,-0.034854034854034856,-0.8104968,exit_signal,bear,23.2308
4,AVAX/USDT,2022-06-01 03:35:00+00:00,2022-06-01 13:15:00+00:00,0.02001617799676052,0.4643388,roi,bear,23.175
4,LINK/USDT,2022-06-01 03:35:00+00:00,2022-06-01 13:20:00+00:00,0.019378212149296487,0.453537,roi,bear,23.3811
4,ETH/USDT,2022-06-01 14:35:00+00:00,2022-06-01 23:10:00+00:00,-0.03967889707228006,-0.92841512,exit_signal,bear,23.374834
4,NEAR/USDT,2022-06-01 14:35:00+00:00,2022-06-02 06:50:00+00:00,-0.06524672806185412,-1.492248,exit_signal,bear,22.848
4,DOGE/USDT,2022-06-01 14:35:00+00:00,2022-06-02 07:05:00+00:00,-0.04856598202405711,-1.13486919,exit_signal,bear,23.34423
4,XRP/USDT,2022-06-02 13:15:00+00:00,2022-06-02 21:35:00+00:00,0.018508888371902073,0.4119174,exit_signal,bear,22.23288
4,BTC/USDT,2022-06-02 13:15:00+00:00,2022-06-02 22:05:00+00:00,0.019999901213501977,0.44081353,roi,bear,22.0187666
4,ETH/USDT,2022-06-02 13:15:00+00:00,2022-06-02 22:05:00+00:00,0.019998193872806554,0.44406948,roi,bear,22.183296
4,AAVE/USDT,2022-06-03 04:20:00+00:00,2022-06-03 21:50:00+00:00,-0.022733364196778832,-0.5138964,exit_signal,bear,22.5828
4,LINK/USDT,2022-06-03 03:40:00+00:00,2022-06-03 21:55:00+00:00,-0.027370934150595164,-0.620736,exit_signal,bear,22.656
4,UNI/USDT,2022-06-03 01:05:00+00:00,2022-06-04 04:15:00+00:00,-0.030566761482792013,-0.6926256,exit_signal,bear,22.6368
4,NEAR/USDT,2022-06-03 23:20:00+00:00,2022-06-04 04:15:00+00:00,0.0052615837455041135,0.1155588,exit_signal,bear,21.9408
4,SOL/USDT,2022-06-04 00:55:00+00:00,2022-06-04 05:00:00+00:00,-0.012036137499345548,-0.2685562,exit_signal,bear,22.2902
4,ADA/USDT,2022-06-04 11:55:00+00:00,2022-06-04 21:40:00+00:00,0.019999512682439508,0.43990776,roi,bear,21.97395
4,ZEC/USDT,2022-06-04 11:20:00+00:00,2022-06-04 22:10:00+00:00,0.002472331699655328,0.054366,exit_signal,bear,21.9678
4,DOGE/USDT,2022-06-05 01:10:00+00:00,2022-06-05 08:25:00+00:00,0.008097749770584708,0.17937738,exit_signal,bear,22.12938
4,BNB/USDT,2022-06-04 12:10:00+00:00,2022-06-05 16:00:00+00:00,0.002022147037252778,0.044019,exit_signal,bear,21.7467
4,AAVE/USDT,2022-06-05 01:05:00+00:00,2022-06-05 16:00:00+00:00,0.00942950179591401,0.2087212,exit_signal,bear,22.1128
4,ETH/USDT,2022-06-05 09:15:00+00:00,2022-06-05 16:00:00+00:00,0.015378831342335421,0.33986118,exit_signal,bear,22.077208
4,ADA/USDT,2022-06-05 21:20:00+00:00,2022-06-06 00:45:00+00:00,0.01996507014112648,0.44838425,roi,bear,22.436
4,BTC/USDT,2022-06-05 21:10:00+00:00,2022-06-06 00:50:00+00:00,0.011858298976525487,0.26603898,exit_signal,bear,22.4124225
4,ETH/USDT,2022-06-05 21:10:00+00:00,2022-06-06 00:50:00+00:00,0.016055327747020218,0.35980336,exit_signal,bear,22.387828
4,XRP/USDT,2022-06-06 06:15:00+00:00,2022-06-06 09:20:00+00:00,0.019963532341626865,0.45471066,roi,bear,22.75431
4,ADA/USDT,2022-06-06 11:50:00+00:00,2022-06-06 20:00:00+00:00,-0.03279166876289179,-0.75146022,exit_signal,bear,22.8933
4,AAVE/USDT,2022-06-06 11:50:00+00:00,2022-06-07 01:50:00+00:00,-0.10142993537827485,-2.322266,stop_loss,bear,22.8724
4,TRX/USDT,2022-06-06 12:20:00+00:00,2022-06-07 07:55:00+00:00,-0.03222594730400037,-0.73994572,exit_signal,bear,22.93824
4,BTC/USDT,2022-06-07 00:25:00+00:00,2022-06-07 08:40:00+00:00,-0.035327752391508795,-0.78240365,exit_signal,bear,22.1248728
4,BTC/USDT,2022-06-07 22:50:00+00:00,2022-06-07 22:50:00+00:00,0.020000125074225543,0.4253277,roi,bear,21.245007
4,ETH/USDT,2022-06-07 22:50:00+00:00,2022-06-07 22:50:00+00:00,0.020002621366512003,0.43016273,roi,bear,21.483834
4,ADA/USDT,2022-06-07 22:50:00+00:00,2022-06-07 22:50:00+00:00,0.020047217356634398,0.43497,roi,bear,21.6756
4,BNB/USDT,2022-06-07 22:50:00+00:00,2022-06-07 22:55:00+00:00,0.020094101260650803,0.435062,roi,bear,21.6296
4,SOL/USDT,2022-06-07 22:45:00+00:00,2022-06-08 02:05:00+00:00,0.020044692550404662,0.42916005,roi,bear,21.38877
4,XRP/USDT,2022-06-08 03:10:00+00:00,2022-06-08 13:40:00+00:00,-0.0012535947394226856,-0.0277585,exit_signal,bear,22.121
4,BTC/USDT,2022-06-08 03:20:00+00:00,2022-06-08 13:40:00+00:00,0.0003015017401791576,0.00664502,exit_signal,bear,22.0177224
4,DOGE/USDT,2022-06-07 22:45:00+00:00,2022-06-08 13:50:00+00:00,-0.0027395514702016253,-0.0586816,exit_signal,bear,21.39875
4,ADA/USDT,2022-06-08 18:35:00+00:00,2022-06-08 21:55:00+00:00,0.019982360657149784,0.44178975,roi,bear,22.0869
4,BNB/USDT,2022-06-08 18:20:00+00:00,2022-06-09 07:30:00+00:00,0.0018032521495125375,0.0396188,exit_signal,bear,21.9488
4,TRX/USDT,2022-06-09 00:25:00+00:00,2022-06-09 07:55:00+00:00,0.015440874562257307,0.34389257,exit_signal,bear,22.249324
4,SOL/USDT,2022-06-08 18:20:00+00:00,2022-06-09 08:00:00+00:00,0.013635824883898843,0.30136617,exit_signal,bear,22.07898
4,BTC/USDT,2022-06-09 11:50:00+00:00,2022-06-10 03:05:00+00:00,-0.0009999149978732536,-0.02244801,exit_signal,bear,22.4274908
4,ZEC/USDT,2022-06-09 11:50:00+00:00,2022-06-10 03:05:00+00:00,-0.003075757935369167,-0.0689942,exit_signal,bear,22.4092
4,BNB/USDT,2022-06-10 09:10:00+00:00,2022-06-10 12:10:00+00:00,0.002838283212114988,0.0632016,exit_signal,bear,22.2453
4,TRX/USDT,2022-06-09 11:05:00+00:00,2022-06-11 01:35:00+00:00,-0.01680332268551286,-0.37810518,exit_signal,bear,22.479331
4,BNB/USDT,2022-06-10 16:30:00+00:00,2022-06-11 04:20:00+00:00,0.009141190166652323,0.2046252,exit_signal,bear,22.3626
4,ZEC/USDT,2022-06-10 06:35:00+00:00,2022-06-11 04:25:00+00:00,-0.04557887527319842,-1.023904,exit_signal,bear,22.442
4,NEAR/USDT,2022-06-11 05:55:00+00:00,2022-06-11 14:40:00+00:00,-0.10164623281873661,-2.245128,stop_loss,bear,22.0656
4,XRP/USDT,2022-06-11 08:40:00+00:00,2022-06-12 02:35:00+00:00,-0.10179820179820179,-2.24603904,stop_loss,bear,22.0416
4,TRX/USDT,2022-06-12 13:50:00+00:00,2022-06-12 14:30:00+00:00,0.020065319906463673,0.41360235,roi,bear,20.592204
4,BTC/USDT,2022-06-11 08:40:00+00:00,2022-06-12 15:20:00+00:00,-0.03562088164067103,-0.78075546,exit_signal,bear,21.89658
4,SOL/USDT,2022-06-12 18:40:00+00:00,2022-06-13 00:55:00+00:00,-0.10164629890657287,-2.08232766,stop_loss,bear,20.46555
4,ETH/USDT,2022-06-12 19:20:00+00:00,2022-06-13 03:00:00+00:00,-0.10179416745651772,-2.07198937,stop_loss,bear,20.334362
4,BTC/USDT,2022-06-12 19:20:00+00:00,2022-06-13 07:40:00+00:00,-0.10179809348415536,-2.08097943,stop_loss,bear,20.4218022
4,ZEC/USDT,2022-06-13 01:00:00+00:00,2022-06-13 07:40:00+00:00,-0.10075861638361638,-1.874532,stop_loss,bear,18.5856
4,UNI/USDT,2022-06-13 22:20:00+00:00,2022-06-13 23:55:00+00:00,0.020241596843268154,0.360063,roi,bear,17.7705
4,TRX/USDT,2022-06-13 22:00:00+00:00,2022-06-14 00:10:00+00:00,0.020078199457125183,0.35756482,roi,bear,17.790819
4,NEAR/USDT,2022-06-14 01:25:00+00:00,2022-06-14 02:20:00+00:00,0.020077618234300258,0.359799,roi,bear,17.9025
4,AVAX/USDT,2022-06-14 01:30:00+00:00,2022-06-14 03:05:00+00:00,0.01998297560427738,0.3590091,roi,bear,17.9478
4,DOGE/USDT,2022-06-13 22:10:00+00:00,2022-06-14 03:30:00+00:00,-0.0047327535453220515,-0.08428225,exit_signal,bear,17.7905
4,ETH/USDT,2022-06-14 10:00:00+00:00,2022-06-14 12:40:00+00:00,0.019999556753087486,0.36478092,roi,bear,18.221229
4,XRP/USDT,2022-06-14 10:05:00+00:00,2022-06-14 13:15:00+00:00,0.020122826097769882,0.3674513,roi,bear,18.24218
4,NEAR/USDT,2022-06-14 09:45:00+00:00,2022-06-14 15:45:00+00:00,0.020050879353204935,0.3659332,roi,bear,18.232
4,ADA/USDT,2022-06-14 19:10:00+00:00,2022-06-14 23:40:00+00:00,0.015284319269297363,0.28452428,exit_signal,bear,18.59684
4,ETH/USDT,2022-06-14 19:25:00+00:00,2022-06-14 23:40:00+00:00,0.014424414364397354,0.26752396,exit_signal,bear,18.52808
4,ETH/USDT,2022-06-15 03:45:00+00:00,2022-06-15 08:00:00+00:00,-0.10179057158857314,-1.90715205,stop_loss,bear_high_vol,18.717321
4,BNB/USDT,2022-06-15 03:30:00+00:00,2022-06-15 11:30:00+00:00,-0.03219888776972684,-0.6045456,exit_signal,bear_high_vol,18.7566
4,AVAX/USDT,2022-06-15 03:35:00+00:00,2022-06-15 11:30:00+00:00,-0.0220206126162239,-0.4113486,exit_signal,bear_high_vol,18.6615
4,LINK/USDT,2022-06-15 16:40:00+00:00,2022-06-15 17:15:00+00:00,0.02061045750366139,0.3672,roi,bear_high_vol,17.7984
4,BNB/USDT,2022-06-15 16:40:00+00:00,2022-06-15 17:50:00+00:00,0.020094438766238575,0.355283,roi,bear_high_vol,17.663
4,BTC/USDT,2022-06-15 16:40:00+00:00,2022-06-15 17:55:00+00:00,0.01999998882517375,0.35408137,roi,bear_high_vol,17.686392
4,ETH/USDT,2022-06-16 04:50:00+00:00,2022-06-16 22:50:00+00:00,-0.1017906690128027,-1.84673236,stop_loss,bear_high_vol,18.124328
4,LINK/USDT,2022-06-16 23:00:00+00:00,2022-06-17 00:15:00+00:00,0.01993610784819576,0.3292408,roi,bear_high_vol,16.4983
4,TRX/USDT,2022-06-16 05:50:00+00:00,2022-06-17 01:15:00+00:00,-0.014070606537671617,-0.25594957,exit_signal,bear_high_vol,18.1722
4,BTC/USDT,2022-06-16 05:50:00+00:00,2022-06-17 02:05:00+00:00,-0.04625813783440033,-0.83433612,exit_signal,bear_high_vol,18.0185078
4,NEAR/USDT,2022-06-17 10:05:00+00:00,2022-06-17 10:50:00+00:00,0.020005666336080107,0.344786,roi,bear_high_vol,17.2172
4,XRP/USDT,2022-06-17 10:00:00+00:00,2022-06-18 00:20:00+00:00,-0.01233684049040539,-0.2135931,exit_signal,bear_high_vol,17.29614
4,TRX/USDT,2022-06-17 12:45:00+00:00,2022-06-18 00:20:00+00:00,0.014212010246049837,0.24791036,exit_signal,bear_high_vol,17.426296
4,DOGE/USDT,2022-06-18 01:45:00+00:00,2022-06-18 10:20:00+00:00,-0.02574307794478249,-0.4484517,exit_signal,bear_high_vol,17.40288
4,ADA/USDT,2022-06-17 09:50:00+00:00,2022-06-18 10:30:00+00:00,-0.030185532846195965,-0.52262436,exit_signal,bear_high_vol,17.29644
4,SOL/USDT,2022-06-18 18:35:00+00:00,2022-06-18 21:25:00+00:00,0.020034467085174226,0.3430142,roi,bear_high_vol,17.1041
4,TRX/USDT,2022-06-18 19:05:00+00:00,2022-06-18 21:25:00+00:00,0.01999102538255685,0.3425143,roi,bear_high_vol,17.116287
4,NEAR/USDT,2022-06-19 01:55:00+00:00,2022-06-19 03:10:00+00:00,0.019877830571952124,0.3414984,roi,bear_high_vol,17.1627
4,ZEC/USDT,2022-06-19 05:25:00+00:00,2022-06-19 06:15:00+00:00,0.02064427718877981,0.3599664,roi,bear_high_vol,17.4192
4,TRX/USDT,2022-06-19 01:55:00+00:00,2022-06-19 08:25:00+00:00,0.014699371117559056,0.25521929,exit_signal,bear_high_vol,17.345254
4,BTC/USDT,2022-06-19 01:55:00+00:00,2022-06-19 09:15:00+00:00,0.02000003162346836,0.34418417,roi,bear_high_vol,17.1919893
4,TRX/USDT,2022-06-19 16:10:00+00:00,2022-06-19 17:35:00+00:00,0.01991980966582584,0.35441593,roi,bear_high_vol,17.77436
4,AAVE/USDT,2022-06-20 00:45:00+00:00,2022-06-20 05:50:00+00:00,0.01919509062366205,0.3433785,roi,bear_high_vol,17.871
4,ETH/USDT,2022-06-20 00:40:00+00:00,2022-06-20 08:15:00+00:00,0.00046964067368961235,0.00839858,exit_signal,bear_high_vol,17.865126
4,DOGE/USDT,2022-06-20 00:45:00+00:00,2022-06-20 08:30:00+00:00,0.00495967219313589,0.08875888,exit_signal,bear_high_vol,17.87824
4,ZEC/USDT,2022-06-20 13:50:00+00:00,2022-06-20 14:20:00+00:00,0.019333338417307885,0.34859,roi,bear_high_vol,18.0125
4,ETH/USDT,2022-06-20 13:50:00+00:00,2022-06-20 14:35:00+00:00,0.02000022245216545,0.36004905,roi,bear_high_vol,17.984268
4,ADA/USDT,2022-06-20 18:00:00+00:00,2022-06-20 20:15:00+00:00,0.019931560976337092,0.36380988,roi,bear_high_vol,18.23472
4,BTC/USDT,2022-06-20 16:55:00+00:00,2022-06-20 20:55:00+00:00,0.00835682897633367,0.15261143,exit_signal,bear_high_vol,18.243639
4,LINK/USDT,2022-06-20 22:20:00+00:00,2022-06-20 22:45:00+00:00,0.020081688223281144,0.3707088,roi,bear_high_vol,18.4416
4,XRP/USDT,2022-06-20 18:00:00+00:00,2022-06-20 23:35:00+00:00,0.02003294718526507,0.36626688,roi,bear_high_vol,18.26496
4,LINK/USDT,2022-06-21 11:45:00+00:00,2022-06-21 13:30:00+00:00,0.0201183857693553,0.375132,roi,bear_high_vol,18.6276
4,BTC/USDT,2022-06-21 11:55:00+00:00,2022-06-21 13:35:00+00:00,0.019999769390858745,0.37287771,roi,bear_high_vol,18.625475
4,UNI/USDT,2022-06-21 11:50:00+00:00,2022-06-21 13:40:00+00:00,0.020429009193054137,0.38129,roi,bear_high_vol,18.6455
4,LINK/USDT,2022-06-21 18:05:00+00:00,2022-06-22 09:50:00+00:00,-0.04247640471416696,-0.8086666,exit_signal,bear_high_vol,19.019
4,LINK/USDT,2022-06-22 15:45:00+00:00,2022-06-22 23:10:00+00:00,-0.0034787171285687603,-0.0636037,exit_signal,bear_high_vol,18.2654
4,ADA/USDT,2022-06-21 18:05:00+00:00,2022-06-23 00:30:00+00:00,-0.04169010675231356,-0.79389068,exit_signal,bear_high_vol,19.02364
4,ETH/USDT,2022-06-21 17:40:00+00:00,2022-06-23 00:55:00+00:00,-0.06489696050549904,-1.23675651,exit_signal,bear_high_vol,19.038195
4,ZEC/USDT,2022-06-23 04:00:00+00:00,2022-06-23 06:30:00+00:00,0.020109637198244792,0.3638492,roi,bear_high_vol,18.0752
4,UNI/USDT,2022-06-23 04:10:00+00:00,2022-06-23 07:10:00+00:00,0.019360017414492125,0.3506272,roi,bear_high_vol,18.0928
4,ZEC/USDT,2022-06-23 14:10:00+00:00,2022-06-23 19:35:00+00:00,0.02007471201783998,0.367608,roi,bear_high_vol,18.2937
4,AAVE/USDT,2022-06-23 13:55:00+00:00,2022-06-23 19:40:00+00:00,-0.017119244391971666,-0.313287,exit_signal,bear_high_vol,18.282
4,TRX/USDT,2022-06-23 09:30:00+00:00,2022-06-23 20:15:00+00:00,-0.006083022879670816,-0.11162471,exit_signal,bear_high_vol,18.331872
5,AAVE/USDT,2022-06-24 04:40:00+00:00,2022-06-24 05:15:00+00:00,0.020615336325306117,0.6803178,roi,bear,32.9676
5,LINK/USDT,2022-06-24 06:00:00+00:00,2022-06-24 08:30:00+00:00,0.019387755102040816,0.643929,roi,bear,33.18
5,UNI/USDT,2022-06-24 03:35:00+00:00,2022-06-24 11:20:00+00:00,0.001585488120497097,0.0523328,exit_signal,bear,32.9744
5,BTC/USDT,2022-06-24 06:50:00+00:00,2022-06-24 11:20:00+00:00,0.017106782832240305,0.56628561,exit_signal,bear,33.0699171
5,LINK/USDT,2022-06-24 15:10:00+00:00,2022-06-24 17:15:00+00:00,0.01929649298070351,0.6490762,roi,bear,33.6034
5,ADA/USDT,2022-06-24 15:10:00+00:00,2022-06-24 19:55:00+00:00,0.01600406079530522,0.53828283,exit_signal,bear,33.60054
5,XRP/USDT,2022-06-24 14:00:00+00:00,2022-06-24 20:05:00+00:00,-0.00826959925320581,-0.27842943,exit_signal,bear,33.6354
5,LINK/USDT,2022-06-25 00:10:00+00:00,2022-06-25 01:35:00+00:00,0.02024159684326815,0.6866656,roi,bear,33.8896
5,LINK/USDT,2022-06-25 02:55:00+00:00,2022-06-25 05:20:00+00:00,0.02039755475940609,0.6973282,roi,bear,34.1527
5,ADA/USDT,2022-06-25 00:10:00+00:00,2022-06-25 07:10:00+00:00,0.020013778208840937,0.67918802,roi,bear,33.90212
5,BNB/USDT,2022-06-25 02:20:00+00:00,2022-06-25 19:00:00+00:00,-0.004523523713738813,-0.1545984,exit_signal,bear,34.1424
5,NEAR/USDT,2022-06-25 11:45:00+00:00,2022-06-25 21:05:00+00:00,-0.010817221946909076,-0.3717634,exit_signal,bear,34.3334
5,LINK/USDT,2022-06-25 11:45:00+00:00,2022-06-25 21:15:00+00:00,-0.01591713725604939,-0.5506368,exit_signal,bear,34.5594
5,SOL/USDT,2022-06-26 01:35:00+00:00,2022-06-26 11:55:00+00:00,0.015502276583620958,0.53139144,exit_signal,bear,34.24404
5,ETH/USDT,2022-06-26 13:25:00+00:00,2022-06-26 20:50:00+00:00,0.002130355163969601,0.07335245,exit_signal,bear,34.397631
5,AAVE/USDT,2022-06-26 13:45:00+00:00,2022-06-26 21:00:00+00:00,0.0008822346484684147,0.0303552,exit_signal,bear,34.3728
5,NEAR/USDT,2022-06-26 13:55:00+00:00,2022-06-27 07:30:00+00:00,-0.03623602674697565,-1.2373557,exit_signal,bear,34.113
5,UNI/USDT,2022-06-26 22:50:00+00:00,2022-06-27 07:30:00+00:00,0.008470550428592388,0.29197,exit_signal,bear,34.4344
5,LINK/USDT,2022-06-27 11:35:00+00:00,2022-06-27 22:15:00+00:00,-0.03400389697765791,-1.16283,exit_signal,bear,34.1628
5,AAVE/USDT,2022-06-27 11:35:00+00:00,2022-06-27 22:15:00+00:00,-0.012471786084979489,-0.4263424,exit_signal,bear,34.1504
5,AAVE/USDT,2022-06-28 02:15:00+00:00,2022-06-28 04:20:00+00:00,0.02007471201783998,0.675432,roi,bear,33.6123
5,ZEC/USDT,2022-06-27 11:40:00+00:00,2022-06-28 07:10:00+00:00,-0.05794659885568976,-1.9792311,exit_signal,bear,34.122
5,DOGE/USDT,2022-06-28 14:30:00+00:00,2022-06-29 14:55:00+00:00,-0.03791363071612434,-1.2589514,exit_signal,bear,33.1726
5,BTC/USDT,2022-06-28 14:30:00+00:00,2022-06-29 20:00:00+00:00,-0.03151520403448843,-1.04531947,exit_signal,bear,33.1356
5,ETH/USDT,2022-06-28 14:35:00+00:00,2022-06-30 01:20:00+00:00,-0.10178989128744204,-3.37718347,stop_loss,bear,33.14484
5,ZEC/USDT,2022-06-29 16:40:00+00:00,2022-06-30 08:50:00+00:00,-0.10111463878587167,-3.245139,stop_loss,bear,32.0616
5,XRP/USDT,2022-06-30 01:25:00+00:00,2022-06-30 12:35:00+00:00,-0.02641489820182914,-0.78890196,exit_signal,bear,29.83596
5,AAVE/USDT,2022-06-29 23:35:00+00:00,2022-06-30 13:40:00+00:00,-0.1016293351318732,-3.2646789,stop_loss,bear,32.0913
5,DOGE/USDT,2022-06-30 20:50:00+00:00,2022-06-30 21:35:00+00:00,0.019932615155545095,0.5763892,roi,bear,28.888
5,XRP/USDT,2022-06-30 20:55:00+00:00,2022-06-30 21:55:00+00:00,0.02008168822328114,0.58132228,roi,bear,28.91896
5,ETH/USDT,2022-07-01 03:55:00+00:00,2022-07-01 08:10:00+00:00,0.020000386102614464,0.58521842,roi,bear,29.231125
5,ETH/USDT,2022-07-01 10:40:00+00:00,2022-07-01 13:45:00+00:00,0.019999699808893545,0.58873612,roi,bear,29.40784
5,BTC/USDT,2022-07-01 03:55:00+00:00,2022-07-01 13:50:00+00:00,-0.015322515078030029,-0.44717706,exit_signal,bear,29.1551568
5,XRP/USDT,2022-07-01 03:55:00+00:00,2022-07-01 20:15:00+00:00,-0.02202582844756355,-0.64557352,exit_signal,bear,29.28056
5,AAVE/USDT,2022-07-01 23:55:00+00:00,2022-07-02 12:40:00+00:00,0.019426012270377206,0.569588,roi,bear,29.2916
5,ETH/USDT,2022-07-02 02:35:00+00:00,2022-07-02 12:45:00+00:00,0.014592970692989087,0.42839377,exit_signal,bear,29.326846
5,UNI/USDT,2022-07-02 15:15:00+00:00,2022-07-02 18:50:00+00:00,0.020590520590520592,0.611037,roi,bear,29.646
5,ADA/USDT,2022-07-02 15:25:00+00:00,2022-07-02 18:50:00+00:00,0.019916449224089826,0.59080064,roi,bear,29.63432
5,LINK/USDT,2022-07-02 15:25:00+00:00,2022-07-02 18:50:00+00:00,0.020052778645250003,0.59482825,roi,bear,29.6335
5,TRX/USDT,2022-07-02 23:25:00+00:00,2022-07-03 16:20:00+00:00,-0.018628802083821283,-0.56414647,exit_signal,bear,30.253308
5,AVAX/USDT,2022-07-02 23:55:00+00:00,2022-07-03 18:00:00+00:00,-0.009336251983310808,-0.282162,exit_signal,bear,30.192
5,ZEC/USDT,2022-07-03 00:10:00+00:00,2022-07-03 19:35:00+00:00,0.010987154109830689,0.3325354,exit_signal,bear,30.2356
5,UNI/USDT,2022-07-04 02:40:00+00:00,2022-07-04 06:20:00+00:00,-0.0061305154472856335,-0.1843608,exit_signal,bear,30.0426
5,BNB/USDT,2022-07-04 02:45:00+00:00,2022-07-04 09:30:00+00:00,0.0035285434454793018,0.1056252,exit_signal,bear,29.9046
5,ADA/USDT,2022-07-04 02:45:00+00:00,2022-07-04 09:50:00+00:00,0.0020011155362891784,0.06019662,exit_signal,bear,30.05148
5,ADA/USDT,2022-07-04 15:55:00+00:00,2022-07-04 17:45:00+00:00,0.020067043281723804,0.6041791,roi,bear,30.07795
5,SOL/USDT,2022-07-05 03:00:00+00:00,2022-07-05 05:20:00+00:00,0.019973252826766798,0.60493944,roi,bear,30.25722
5,BTC/USDT,2022-07-05 08:10:00+00:00,2022-07-05 16:25:00+00:00,-0.020889464154483547,-0.63401865,exit_signal,bear,30.3208
5,XRP/USDT,2022-07-05 08:10:00+00:00,2022-07-05 18:35:00+00:00,-0.00879343497727899,-0.2681892,exit_signal,bear,30.46833
5,DOGE/USDT,2022-07-05 07:25:00+00:00,2022-07-05 18:40:00+00:00,-0.0207623596342442,-0.63311292,exit_signal,bear,30.46284
5,ETH/USDT,2022-07-06 01:50:00+00:00,2022-07-06 04:05:00+00:00,0.019997666376089344,0.59830732,roi,bear,29.888968
5,BTC/USDT,2022-07-06 01:45:00+00:00,2022-07-06 04:15:00+00:00,0.012859478139990914,0.3853472,exit_signal,bear,29.93607
5,NEAR/USDT,2022-07-05 23:30:00+00:00,2022-07-06 07:40:00+00:00,0.019884115884115885,0.5911488,roi,bear,29.7
5,SOL/USDT,2022-07-06 12:05:00+00:00,2022-07-06 13:20:00+00:00,0.0199052495056997,0.60758412,roi,bear,30.49332
5,ETH/USDT,2022-07-07 02:40:00+00:00,2022-07-07 08:50:00+00:00,0.011667065231625614,0.3579968,exit_signal,bear,30.653738
5,XRP/USDT,2022-07-07 02:25:00+00:00,2022-07-07 14:10:00+00:00,0.010465623319720183,0.32123062,exit_signal,bear,30.66322
5,ZEC/USDT,2022-07-07 03:10:00+00:00,2022-07-07 14:20:00+00:00,0.015179312941791428,0.4661184,exit_signal,bear,30.6768
5,BNB/USDT,2022-07-07 22:55:00+00:00,2022-07-08 01:25:00+00:00,0.019995389226158455,0.6209673,roi,bear,31.0245
5,AAVE/USDT,2022-07-08 05:00:00+00:00,2022-07-08 14:45:00+00:00,-0.015897751273795842,-0.497031,exit_signal,bear,31.233
5,BTC/USDT,2022-07-08 05:55:00+00:00,2022-07-08 14:50:00+00:00,-0.0011448805856828616,-0.03571607,exit_signal,bear,31.1651626
5,BTC/USDT,2022-07-09 00:00:00+00:00,2022-07-09 07:15:00+00:00,0.000697720490725735,0.02171832,exit_signal,bear,31.09644
5,ETH/USDT,2022-07-09 00:00:00+00:00,2022-07-09 07:20:00+00:00,0.007291243389198136,0.22594632,exit_signal,bear,30.957765
5,BTC/USDT,2022-07-09 12:00:00+00:00,2022-07-09 17:30:00+00:00,0.01999990390485703,0.62259039,roi,bear,31.0985705
5,XRP/USDT,2022-07-09 12:00:00+00:00,2022-07-10 07:45:00+00:00,-0.004921265026713181,-0.15354834,exit_signal,bear,31.16982
5,DOGE/USDT,2022-07-08 05:50:00+00:00,2022-07-10 20:00:00+00:00,-0.051341228343629815,-1.60439328,exit_signal,bear,31.21839
5,ETH/USDT,2022-07-09 19:15:00+00:00,2022-07-10 20:25:00+00:00,-0.02821131953039114,-0.88551064,exit_signal,bear,31.35713
5,AVAX/USDT,2022-07-11 00:20:00+00:00,2022-07-11 10:25:00+00:00,-0.016775398055144223,-0.4985378,exit_signal,bear,29.6887
5,LINK/USDT,2022-07-11 12:05:00+00:00,2022-07-11 15:35:00+00:00,0.019964501517899576,0.58417392,roi,bear,29.2314
5,AAVE/USDT,2022-07-10 14:15:00+00:00,2022-07-11 22:35:00+00:00,-0.1008991008991009,-3.1626231,stop_loss,bear,31.3131
5,SOL/USDT,2022-07-10 22:25:00+00:00,2022-07-12 05:40:00+00:00,-0.07295374198125493,-2.22775311,exit_signal,bear,30.50601
5,TRX/USDT,2022-07-12 06:55:00+00:00,2022-07-12 12:35:00+00:00,0.00629691987885742,0.17859167,exit_signal,bear,28.333417
5,ETH/USDT,2022-07-11 19:20:00+00:00,2022-07-13 02:10:00+00:00,-0.076631270990014,-2.28016464,exit_signal,bear,29.72529
5,AVAX/USDT,2022-07-12 18:55:00+00:00,2022-07-13 07:50:00+00:00,-0.015017880587931636,-0.4266983,exit_signal,bear,28.3843
5,ZEC/USDT,2022-07-11 22:35:00+00:00,2022-07-13 08:05:00+00:00,-0.060082774368488655,-1.6982298,exit_signal,bear,28.2366
5,ETH/USDT,2022-07-13 12:40:00+00:00,2022-07-13 14:35:00+00:00,0.019995252376093904,0.54683598,roi,bear,27.32097
5,BTC/USDT,2022-07-13 12:40:00+00:00,2022-07-13 14:40:00+00:00,0.019999812761617164,0.54632133,roi,bear,27.2890332
5,XRP/USDT,2022-07-13 12:40:00+00:00,2022-07-13 16:50:00+00:00,0.020085999259445403,0.5498954,roi,bear,27.3497
5,DOGE/USDT,2022-07-14 05:00:00+00:00,2022-07-14 15:05:00+00:00,-0.005110614926767257,-0.1427357,exit_signal,bear,27.90136
5,ETH/USDT,2022-07-14 06:30:00+00:00,2022-07-14 15:05:00+00:00,0.001337487199301805,0.03734181,exit_signal,bear,27.891486
5,ADA/USDT,2022-07-14 06:30:00+00:00,2022-07-14 15:05:00+00:00,-0.010155421411843646,-0.28337379,exit_signal,bear,27.87582
5,AAVE/USDT,2022-07-14 22:00:00+00:00,2022-07-14 23:15:00+00:00,0.019574282372917185,0.5442468,roi,bear,27.7764
5,NEAR/USDT,2022-07-14 22:25:00+00:00,2022-07-15 01:55:00+00:00,0.020031667432190235,0.552304,roi,bear,27.544
5,TRX/USDT,2022-07-14 22:15:00+00:00,2022-07-15 02:00:00+00:00,0.002933723957982718,0.08158176,exit_signal,bear,27.78048
5,BNB/USDT,2022-07-15 00:25:00+00:00,2022-07-15 02:00:00+00:00,0.010710003069935158,0.2980444,exit_signal,bear,27.8008
5,BTC/USDT,2022-07-15 16:25:00+00:00,2022-07-15 18:50:00+00:00,0.013573910701513802,0.38226152,exit_signal,bear,28.1333544
5,AAVE/USDT,2022-07-15 15:35:00+00:00,2022-07-15 19:40:00+00:00,0.020155205504817048,0.5689714,roi,bear,28.2013
5,XRP/USDT,2022-07-15 06:55:00+00:00,2022-07-16 09:35:00+00:00,0.004232093708907027,0.1197084,exit_signal,bear,28.2576
5,ETH/USDT,2022-07-15 23:35:00+00:00,2022-07-16 12:55:00+00:00,-0.015126619675176617,-0.4323378,exit_signal,bear,28.552704
5,TRX/USDT,2022-07-16 00:20:00+00:00,2022-07-16 12:55:00+00:00,-0.0005068888977450161,-0.01450092,exit_signal,bear,28.57911
5,SOL/USDT,2022-07-16 20:25:00+00:00,2022-07-16 22:55:00+00:00,0.020071468772934448,0.57195552,roi,bear,28.46748
5,BTC/USDT,2022-07-16 20:15:00+00:00,2022-07-17 03:30:00+00:00,0.013361693679453952,0.38067355,exit_signal,bear,28.461456
5,ADA/USDT,2022-07-17 01:20:00+00:00,2022-07-17 06:25:00+00:00,0.019943414347145194,0.5717322,roi,bear,28.63908
5,DOGE/USDT,2022-07-16 20:25:00+00:00,2022-07-17 06:30:00+00:00,0.01996714180333108,0.56830686,roi,bear,28.43367
5,XRP/USDT,2022-07-17 08:40:00+00:00,2022-07-17 17:20:00+00:00,0.0031068675569954343,0.09061632,exit_signal,bear,29.13732
5,SOL/USDT,2022-07-17 09:30:00+00:00,2022-07-18 02:20:00+00:00,0.00026903939069512013,0.00785312,exit_signal,bear,29.16032
5,TRX/USDT,2022-07-17 08:35:00+00:00,2022-07-18 02:45:00+00:00,-0.007226945663854411,-0.21100197,exit_signal,bear,29.167395
5,UNI/USDT,2022-07-18 11:50:00+00:00,2022-07-18 15:40:00+00:00,0.020303718627740972,0.5908112,roi,bear,29.0696
5,BTC/USDT,2022-07-18 11:50:00+00:00,2022-07-18 15:55:00+00:00,0.019999971687706463,0.58132686,roi,bear,29.0373468
5,TRX/USDT,2022-07-18 11:50:00+00:00,2022-07-18 23:10:00+00:00,-0.014354490956349358,-0.41848656,exit_signal,bear,29.124578
5,SOL/USDT,2022-07-18 17:40:00+00:00,2022-07-18 23:10:00+00:00,0.010419197781969189,0.3078072,exit_signal,bear,29.5128
5,ADA/USDT,2022-07-18 18:00:00+00:00,2022-07-18 23:10:00+00:00,0.014489274840592281,0.42793269,exit_signal,bear,29.50494
5,ADA/USDT,2022-07-19 04:05:00+00:00,2022-07-19 05:50:00+00:00,0.0200630947999369,0.59431085,roi,bear,29.5925
5,BNB/USDT,2022-07-19 04:10:00+00:00,2022-07-19 10:45:00+00:00,0.020153911509051697,0.5957805,roi,bear,29.532
5,XRP/USDT,2022-07-19 02:15:00+00:00,2022-07-19 11:25:00+00:00,0.013140230555960893,0.38959232,exit_signal,bear,29.6192
5,ZEC/USDT,2022-07-20 00:15:00+00:00,2022-07-20 01:50:00+00:00,0.0198674564871748,0.5985468,roi,bear,30.0969
5,ETH/USDT,2022-07-19 23:40:00+00:00,2022-07-20 03:30:00+00:00,0.01607894160479724,0.4843452,exit_signal,bear,30.09286
5,BNB/USDT,2022-07-20 00:15:00+00:00,2022-07-20 06:05:00+00:00,0.01034610067593576,0.3094672,exit_signal,bear,29.8816
5,AAVE/USDT,2022-07-20 07:40:00+00:00,2022-07-20 08:00:00+00:00,0.019878868521874784,0.6081097,roi,bear,30.5602
5,ETH/USDT,2022-07-20 07:40:00+00:00,2022-07-20 10:20:00+00:00,0.014445695902058103,0.44241318,exit_signal,bear,30.595356
5,NEAR/USDT,2022-07-20 07:40:00+00:00,2022-07-20 13:40:00+00:00,0.004871017082384756,0.1471387,exit_signal,bear,30.1768
5,SOL/USDT,2022-07-20 16:25:00+00:00,2022-07-21 02:45:00+00:00,-0.1017982017982018,-3.1585943,stop_loss,bear,30.997
5,AAVE/USDT,2022-07-20 12:40:00+00:00,2022-07-21 13:55:00+00:00,-0.024916628256920533,-0.7717762,exit_signal,bear,30.9434
5,XRP/USDT,2022-07-20 08:00:00+00:00,2022-07-21 16:20:00+00:00,-0.043436606254715016,-1.33906575,exit_signal,bear,30.79725
5,ZEC/USDT,2022-07-21 22:20:00+00:00,2022-07-22 00:30:00+00:00,0.020720742671962184,0.60591,roi,bear,29.2125
5,ADA/USDT,2022-07-22 01:55:00+00:00,2022-07-22 06:00:00+00:00,0.0038406217546826786,0.11319858,exit_signal,bear,29.44458
5,AVAX/USDT,2022-07-22 02:10:00+00:00,2022-07-22 07:30:00+00:00,0.01982066516479472,0.5831714,roi,bear,29.393
5,XRP/USDT,2022-07-22 02:15:00+00:00,2022-07-22 09:15:00+00:00,0.013703381906528471,0.40403661,exit_signal,bear,29.45499
5,TRX/USDT,2022-07-22 13:25:00+00:00,2022-07-23 02:10:00+00:00,-0.015838905452411366,-0.47275756,exit_signal,bear,29.81805
5,ETH/USDT,2022-07-22 13:35:00+00:00,2022-07-23 02:15:00+00:00,-0.02816573366872172,-0.83787758,exit_signal,bear,29.7184
5,DOGE/USDT,2022-07-22 13:25:00+00:00,2022-07-23 04:55:00+00:00,-0.0182048720510259,-0.54240624,exit_signal,bear,29.7648
5,ADA/USDT,2022-07-23 08:55:00+00:00,2022-07-23 20:35:00+00:00,0.0019060618195886883,0.05569467,exit_signal,bear,29.19057
5,ETH/USDT,2022-07-23 08:55:00+00:00,2022-07-23 22:25:00+00:00,-0.011754207003227771,-0.3421079,exit_signal,bear,29.076069
5,ZEC/USDT,2022-07-23 07:10:00+00:00,2022-07-23 22:30:00+00:00,-0.03629921633194956,-1.0612078,exit_signal,bear,29.2058
5,NEAR/USDT,2022-07-24 03:55:00+00:00,2022-07-24 05:15:00+00:00,0.01996177979324047,0.5719254,roi,bear,28.6224
5,XRP/USDT,2022-07-24 03:45:00+00:00,2022-07-24 05:20:00+00:00,0.010288536309800998,0.29593632,exit_signal,bear,28.73496
5,AAVE/USDT,2022-07-24 10:40:00+00:00,2022-07-24 11:10:00+00:00,0.02017982017982018,0.585396,roi,bear,28.98
5,LINK/USDT,2022-07-24 10:40:00+00:00,2022-07-24 11:20:00+00:00,0.01994714110264556,0.57934227,roi,bear,29.01486
5,ETH/USDT,2022-07-24 13:00:00+00:00,2022-07-24 14:20:00+00:00,0.019998100550966284,0.58755838,roi,bear,29.351358
5,ZEC/USDT,2022-07-24 13:05:00+00:00,2022-07-24 22:40:00+00:00,0.019954664624715387,0.587889,roi,bear,29.4318
5,XRP/USDT,2022-07-24 23:05:00+00:00,2022-07-25 10:45:00+00:00,-0.02765214667980804,-0.82521978,exit_signal,bear,29.81307
5,TRX/USDT,2022-07-24 23:00:00+00:00,2022-07-25 20:50:00+00:00,-0.03001000207592834,-0.89577802,exit_signal,bear,29.819496
5,DOGE/USDT,2022-07-24 10:40:00+00:00,2022-07-26 09:50:00+00:00,-0.08982335471132641,-2.61067588,exit_signal,bear,29.03552
5,BTC/USDT,2022-07-25 22:25:00+00:00,2022-07-26 17:10:00+00:00,-0.032261702090765704,-0.94010409,exit_signal,bear,29.11083
5,BNB/USDT,2022-07-25 19:10:00+00:00,2022-07-26 22:35:00+00:00,-0.01749863040185621,-0.5146011,exit_signal,bear,29.3787
5,XRP/USDT,2022-07-27 02:35:00+00:00,2022-07-27 05:15:00+00:00,0.007292707292707293,0.20370942,exit_signal,sideways,27.9054
5,NEAR/USDT,2022-07-27 03:30:00+00:00,2022-07-27 05:15:00+00:00,0.017694007828291194,0.491188,exit_signal,sideways,27.7324
5,ADA/USDT,2022-07-27 03:40:00+00:00,2022-07-27 05:15:00+00:00,0.011027910527584228,0.30802822,exit_signal,sideways,27.90379
5,ADA/USDT,2022-07-27 17:05:00+00:00,2022-07-27 18:00:00+00:00,0.019950295500101453,0.56406798,roi,sideways,28.24542
5,TRX/USDT,2022-07-27 17:25:00+00:00,2022-07-27 18:00:00+00:00,0.019954408314121132,0.56407856,roi,sideways,28.240128
5,TRX/USDT,2022-07-28 02:10:00+00:00,2022-07-28 02:50:00+00:00,0.00977956982185518,0.280114,exit_signal,sideways,28.614159
5,ZEC/USDT,2022-07-28 04:45:00+00:00,2022-07-28 09:05:00+00:00,0.0028623973429168234,0.082249,exit_signal,sideways,28.7056
5,BNB/USDT,2022-07-28 09:20:00+00:00,2022-07-28 11:55:00+00:00,0.011128668400370767,0.3171801,exit_signal,sideways,28.4727
5,BTC/USDT,2022-07-28 07:35:00+00:00,2022-07-28 15:25:00+00:00,0.018679750398770897,0.5353232,exit_signal,sideways,28.6293125
5,DOGE/USDT,2022-07-28 12:40:00+00:00,2022-07-28 15:25:00+00:00,0.02005813116924228,0.57830787,roi,sideways,28.80279
5,ADA/USDT,2022-07-28 07:35:00+00:00,2022-07-28 15:30:00+00:00,0.015356819874109499,0.44067711,exit_signal,sideways,28.66719
5,TRX/USDT,2022-07-29 00:25:00+00:00,2022-07-29 04:25:00+00:00,0.010813504971877972,0.31774053,exit_signal,sideways,29.354322
5,ETH/USDT,2022-07-29 00:20:00+00:00,2022-07-29 04:30:00+00:00,0.019997956632972203,0.58488772,roi,sideways,29.218156
5,ZEC/USDT,2022-07-29 07:05:00+00:00,2022-07-29 10:40:00+00:00,0.019563769563769564,0.579933,roi,sideways,29.6136
5,UNI/USDT,2022-07-28 23:30:00+00:00,2022-07-29 14:10:00+00:00,-0.02789210789210789,-0.8186842,exit_signal,sideways,29.3225
5,AAVE/USDT,2022-07-29 07:15:00+00:00,2022-07-29 14:15:00+00:00,2.6342825531466503e-05,0.00078,exit_signal,sideways,29.58
5,NEAR/USDT,2022-07-29 11:25:00+00:00,2022-07-29 14:15:00+00:00,0.012246041251566113,0.3621,exit_signal,sideways,29.5392
5,DOGE/USDT,2022-07-29 23:55:00+00:00,2022-07-30 01:45:00+00:00,0.020008175235978972,0.59387249,roi,sideways,29.65184
5,AAVE/USDT,2022-07-30 10:15:00+00:00,2022-07-30 11:40:00+00:00,0.020132982118198594,0.6011775,roi,bear,29.8305
5,ETH/USDT,2022-07-30 01:50:00+00:00,2022-07-30 13:05:00+00:00,0.017119998734364733,0.51155122,exit_signal,bear,29.85048
5,UNI/USDT,2022-07-30 18:55:00+00:00,2022-07-31 01:50:00+00:00,0.01952531010419773,0.5906117,roi,bear,30.2183
5,UNI/USDT,2022-07-31 09:00:00+00:00,2022-07-31 10:15:00+00:00,0.019623478004321793,0.5977769,roi,bear,30.4319
5,ETH/USDT,2022-07-30 19:25:00+00:00,2022-07-31 11:00:00+00:00,0.002681529096436421,0.08116176,exit_signal,bear,30.236733
5,TRX/USDT,2022-07-30 19:25:00+00:00,2022-07-31 11:05:00+00:00,-0.010083009656631031,-0.3053645,exit_signal,bear,30.2548
5,UNI/USDT,2022-07-31 12:40:00+00:00,2022-07-31 17:05:00+00:00,0.019549768413404774,0.5975687,roi,bear,30.536
5,AVAX/USDT,2022-07-31 21:45:00+00:00,2022-08-01 01:30:00+00:00,-0.001175585848020953,-0.0359856,exit_signal,bear,30.5802
5,DOGE/USDT,2022-07-31 21:45:00+00:00,2022-08-01 02:05:00+00:00,0.00684902743810379,0.2105005,exit_signal,bear,30.70366
5,XRP/USDT,2022-07-31 21:45:00+00:00,2022-08-02 01:10:00+00:00,-0.011248277983602391,-0.34635744,exit_signal,bear,30.76128
5,UNI/USDT,2022-08-02 01:55:00+00:00,2022-08-02 14:45:00+00:00,0.020234715779270235,0.621908,roi,sideways,30.704
5,AVAX/USDT,2022-08-02 01:50:00+00:00,2022-08-02 16:25:00+00:00,0.019208458497270292,0.5897087,exit_signal,sideways,30.6698
5,BTC/USDT,2022-08-02 01:55:00+00:00,2022-08-02 16:30:00+00:00,0.01355588726651071,0.41481639,exit_signal,sideways,30.5698904
5,LINK/USDT,2022-08-02 19:05:00+00:00,2022-08-03 05:25:00+00:00,0.0033668605687902724,0.1051393,exit_signal,sideways,31.1965
5,BTC/USDT,2022-08-02 19:05:00+00:00,2022-08-03 06:10:00+00:00,0.001855450762315351,0.05788926,exit_signal,sideways,31.1683984
5,SOL/USDT,2022-08-02 19:05:00+00:00,2022-08-03 11:10:00+00:00,-0.03135813857914515,-0.97990695,exit_signal,sideways,31.21767
5,ETH/USDT,2022-08-03 20:35:00+00:00,2022-08-04 01:05:00+00:00,0.008850642979999,0.27341666,exit_signal,sideways,30.861432
5,BTC/USDT,2022-08-03 20:35:00+00:00,2022-08-04 01:40:00+00:00,-0.003931119493974491,-0.12169521,exit_signal,sideways,30.925958
5,NEAR/USDT,2022-08-04 06:20:00+00:00,2022-08-04 08:00:00+00:00,0.020005534740308806,0.6146379,roi,sideways,30.6927
5,TRX/USDT,2022-08-03 20:35:00+00:00,2022-08-04 13:45:00+00:00,-0.0017062313338170635,-0.05291684,exit_signal,sideways,30.982889
5,ETH/USDT,2022-08-04 06:20:00+00:00,2022-08-04 13:50:00+00:00,0.005425411517187068,0.16813214,exit_signal,sideways,30.95879
5,BNB/USDT,2022-08-04 09:00:00+00:00,2022-08-04 13:50:00+00:00,0.020009392545309687,0.6234592,roi,sideways,31.1272
5,TRX/USDT,2022-08-05 00:25:00+00:00,2022-08-05 02:30:00+00:00,0.008496542224398407,0.2677017,exit_signal,sideways,31.475659
5,XRP/USDT,2022-08-05 08:55:00+00:00,2022-08-05 11:55:00+00:00,0.01195256356546679,0.37742784,exit_signal,sideways,31.5456
5,UNI/USDT,2022-08-05 12:45:00+00:00,2022-08-05 14:10:00+00:00,0.02032866462396664,0.6439968,roi,sideways,31.6476
5,DOGE/USDT,2022-08-05 12:40:00+00:00,2022-08-05 21:00:00+00:00,0.006255932111997114,0.19809981,exit_signal,sideways,31.63428
5,BTC/USDT,2022-08-05 12:50:00+00:00,2022-08-05 21:05:00+00:00,0.0022960081337171845,0.07277129,exit_signal,sideways,31.6630374
5,TRX/USDT,2022-08-05 15:40:00+00:00,2022-08-05 23:15:00+00:00,0.007396658374210873,0.2361975,exit_signal,sideways,31.9011
5,BNB/USDT,2022-08-06 04:20:00+00:00,2022-08-06 13:10:00+00:00,0.012004577055597465,0.3843768,exit_signal,sideways,31.9872
5,AAVE/USDT,2022-08-06 03:55:00+00:00,2022-08-07 10:20:00+00:00,-0.002991038811934334,-0.0959871,exit_signal,sideways,32.0595
5,LINK/USDT,2022-08-06 17:00:00+00:00,2022-08-07 12:00:00+00:00,-0.0022534741592721884,-0.07261088,exit_signal,sideways,32.18956
5,ETH/USDT,2022-08-06 05:20:00+00:00,2022-08-07 12:05:00+00:00,-0.013266877949516642,-0.42570564,exit_signal,sideways,32.055798
5,NEAR/USDT,2022-08-07 22:05:00+00:00,2022-08-08 01:05:00+00:00,0.007087312054658186,0.2258424,exit_signal,sideways,31.8339
5,ADA/USDT,2022-08-08 01:35:00+00:00,2022-08-08 02:40:00+00:00,0.012106686285448698,0.38833848,exit_signal,sideways,32.04432
5,UNI/USDT,2022-08-07 22:30:00+00:00,2022-08-08 06:05:00+00:00,0.006993006993006993,0.223776,exit_signal,sideways,31.968
5,ZEC/USDT,2022-08-07 19:30:00+00:00,2022-08-08 12:05:00+00:00,0.02046055210612173,0.65529,roi,sideways,31.995
5,AAVE/USDT,2022-08-08 14:35:00+00:00,2022-08-08 20:45:00+00:00,-0.005829103717779342,-0.189088,exit_signal,sideways,32.4062
5,BNB/USDT,2022-08-08 14:50:00+00:00,2022-08-08 20:55:00+00:00,0.006573794303855653,0.2123748,exit_signal,sideways,32.274
5,UNI/USDT,2022-08-08 14:35:00+00:00,2022-08-09 14:05:00+00:00,-0.10102796872366884,-3.2837192,stop_loss,sideways,32.4706
5,LINK/USDT,2022-08-09 06:50:00+00:00,2022-08-09 15:50:00+00:00,0.008749532101984403,0.2843236,exit_signal,sideways,32.4634
5,ZEC/USDT,2022-08-09 06:55:00+00:00,2022-08-09 19:25:00+00:00,0.0056203338646086745,0.1826286,exit_signal,sideways,32.4618
5,XRP/USDT,2022-08-10 00:35:00+00:00,2022-08-10 12:10:00+00:00,-8.297623429202377e-05,-0.00262095,exit_signal,sideways,31.5552
5,LINK/USDT,2022-08-10 00:25:00+00:00,2022-08-10 12:30:00+00:00,0.020045047858533893,0.63184496,roi,sideways,31.48976
5,ZEC/USDT,2022-08-10 00:35:00+00:00,2022-08-10 12:40:00+00:00,-0.025147532879491643,-0.7930804,exit_signal,sideways,31.5056
5,BTC/USDT,2022-08-10 18:20:00+00:00,2022-08-10 21:00:00+00:00,0.002111698157568454,0.06639615,exit_signal,sideways,31.410654
5,UNI/USDT,2022-08-10 17:55:00+00:00,2022-08-11 00:00:00+00:00,0.007839914740243327,0.2471925,exit_signal,sideways,31.4985
5,UNI/USDT,2022-08-11 00:30:00+00:00,2022-08-11 01:05:00+00:00,0.02000865727436841,0.6321768,roi,sideways,31.5636
5,AVAX/USDT,2022-08-10 18:20:00+00:00,2022-08-11 01:25:00+00:00,0.020095435522623346,0.6338786,roi,sideways,31.5119
5,ADA/USDT,2022-08-11 07:55:00+00:00,2022-08-11 12:25:00+00:00,0.0041235715956905545,0.13213165,exit_signal,sideways,32.011
5,DOGE/USDT,2022-08-11 07:55:00+00:00,2022-08-11 12:25:00+00:00,0.012719724096128591,0.4079475,exit_signal,sideways,32.04
5,SOL/USDT,2022-08-11 10:00:00+00:00,2022-08-11 14:05:00+00:00,0.02004348110905488,0.64238751,roi,sideways,32.01768
5,NEAR/USDT,2022-08-11 15:20:00+00:00,2022-08-11 17:40:00+00:00,0.020075535749516944,0.6461784,roi,sideways,32.1552
5,LINK/USDT,2022-08-12 00:15:00+00:00,2022-08-12 01:30:00+00:00,0.02004167972457893,0.65366505,roi,sideways,32.5827
5,AVAX/USDT,2022-08-11 14:45:00+00:00,2022-08-12 02:50:00+00:00,-0.0019980019980019984,-0.064602,exit_signal,sideways,32.301
5,NEAR/USDT,2022-08-12 10:30:00+00:00,2022-08-12 12:50:00+00:00,0.009060191885676652,0.2933504,exit_signal,sideways,32.3456
5,ADA/USDT,2022-08-12 10:50:00+00:00,2022-08-12 18:55:00+00:00,0.010278706910046804,0.33761907,exit_signal,sideways,32.81364
5,NEAR/USDT,2022-08-12 18:10:00+00:00,2022-08-12 20:45:00+00:00,0.020007899077666518,0.6510672,roi,sideways,32.508
5,TRX/USDT,2022-08-11 14:45:00+00:00,2022-08-12 23:10:00+00:00,-0.004267800429847339,-0.13854894,exit_signal,sideways,32.43135
5,AAVE/USDT,2022-08-12 21:40:00+00:00,2022-08-12 23:20:00+00:00,0.019599877129182812,0.6505642,roi,sideways,33.1591
5,ZEC/USDT,2022-08-12 22:05:00+00:00,2022-08-13 01:10:00+00:00,0.014807731128974651,0.492049,exit_signal,sideways,33.196
5,ZEC/USDT,2022-08-13 05:10:00+00:00,2022-08-14 00:35:00+00:00,-0.008428427242860232,-0.2828304,exit_signal,bear,33.5232
5,TRX/USDT,2022-08-13 07:40:00+00:00,2022-08-14 04:20:00+00:00,-0.003131451172337032,-0.10529952,exit_signal,bear,33.592836
5,AAVE/USDT,2022-08-13 05:55:00+00:00,2022-08-14 07:35:00+00:00,-0.011653254397317722,-0.3912585,exit_signal,bear,33.5415
5,BTC/USDT,2022-08-14 11:45:00+00:00,2022-08-15 01:45:00+00:00,-0.001853180642960404,-0.06143761,exit_signal,bear,33.1194015
5,ZEC/USDT,2022-08-14 10:45:00+00:00,2022-08-15 02:25:00+00:00,-0.020285996725787302,-0.6764104,exit_signal,bear,33.3104
5,UNI/USDT,2022-08-14 11:40:00+00:00,2022-08-15 02:50:00+00:00,-0.02033966033966034,-0.677988,exit_signal,bear,33.3
5,ZEC/USDT,2022-08-15 06:10:00+00:00,2022-08-15 11:00:00+00:00,-0.004695304695304696,-0.1544232,exit_signal,bear,32.856
5,ADA/USDT,2022-08-15 06:05:00+00:00,2022-08-16 01:10:00+00:00,-0.01678582486485115,-0.55152066,exit_signal,bear,32.82351
5,ZEC/USDT,2022-08-15 18:10:00+00:00,2022-08-16 01:15:00+00:00,0.019786489090718284,0.6489546,roi,bear,32.7651
5,XRP/USDT,2022-08-16 03:10:00+00:00,2022-08-16 09:30:00+00:00,0.01999279284371776,0.65695331,roi,bear,32.82668
5,ETH/USDT,2022-08-15 06:10:00+00:00,2022-08-16 11:20:00+00:00,-0.019486186833938997,-0.64092388,exit_signal,bear,32.858332
5,BNB/USDT,2022-08-16 03:10:00+00:00,2022-08-16 20:55:00+00:00,0.002105105520665293,0.0686289,exit_signal,bear,32.5686
5,AAVE/USDT,2022-08-16 12:50:00+00:00,2022-08-16 22:45:00+00:00,0.02032450308312377,0.667998,roi,bear,32.8338
5,ADA/USDT,2022-08-16 12:50:00+00:00,2022-08-17 03:10:00+00:00,0.01520275057079366,0.49925996,exit_signal,bear,32.8073
5,BTC/USDT,2022-08-17 07:30:00+00:00,2022-08-17 18:40:00+00:00,-0.020066577077216475,-0.66682526,exit_signal,bear,33.1974456
5,XRP/USDT,2022-08-17 07:30:00+00:00,2022-08-17 20:25:00+00:00,-0.005912758789327828,-0.19668077,exit_signal,bear,33.23056
5,NEAR/USDT,2022-08-18 04:55:00+00:00,2022-08-18 07:30:00+00:00,0.020091374228961466,0.6555835,roi,bear,32.5975
5,ADA/USDT,2022-08-17 07:30:00+00:00,2022-08-18 23:15:00+00:00,-0.10171011689105246,-3.38560468,stop_loss,bear,33.25355
5,LINK/USDT,2022-08-18 13:35:00+00:00,2022-08-19 06:30:00+00:00,-0.10177356585650835,-3.37586146,stop_loss,bear,33.13718
5,XRP/USDT,2022-08-18 03:15:00+00:00,2022-08-19 06:35:00+00:00,-0.10171821232467773,-3.35759672,stop_loss,bear,32.97583
5,ETH/USDT,2022-08-18 23:20:00+00:00,2022-08-19 16:35:00+00:00,-0.07045857913492774,-2.12067564,exit_signal,bear,30.068121
5,AVAX/USDT,2022-08-19 21:55:00+00:00,2022-08-19 22:10:00+00:00,0.019862569259082443,0.578201,roi,bear,29.081
5,BNB/USDT,2022-08-19 21:50:00+00:00,2022-08-20 01:20:00+00:00,0.015380142245813886,0.4462269,exit_signal,bear,28.9842
5,SOL/USDT,2022-08-19 21:50:00+00:00,2022-08-20 06:50:00+00:00,0.019990474961557307,0.58271716,roi,bear,29.12062
5,ZEC/USDT,2022-08-20 17:10:00+00:00,2022-08-21 00:20:00+00:00,0.02032153150364013,0.6035916,roi,bear,29.6724
5,UNI/USDT,2022-08-20 17:00:00+00:00,2022-08-21 07:55:00+00:00,0.019387755102040816,0.576004,roi,bear,29.68
5,LINK/USDT,2022-08-20 13:20:00+00:00,2022-08-21 08:00:00+00:00,0.004851311113821837,0.14400736,exit_signal,bear,29.65456
5,BTC/USDT,2022-08-21 06:55:00+00:00,2022-08-21 08:10:00+00:00,0.008743542942854602,0.26010223,exit_signal,bear,29.7182034
5,ADA/USDT,2022-08-21 13:30:00+00:00,2022-08-21 16:45:00+00:00,0.018525338149052873,0.5594424,exit_signal,bear,30.1686
5,LINK/USDT,2022-08-21 14:00:00+00:00,2022-08-21 20:55:00+00:00,0.01776582158402931,0.5367389,exit_signal,bear,30.1817
5,ETH/USDT,2022-08-21 14:05:00+00:00,2022-08-21 21:20:00+00:00,0.020000139288902825,0.60210241,roi,bear,30.074836
5,UNI/USDT,2022-08-21 22:15:00+00:00,2022-08-21 22:30:00+00:00,0.020492183872465562,0.6306212,roi,bear,30.743
5,BNB/USDT,2022-08-22 03:55:00+00:00,2022-08-22 10:30:00+00:00,-0.010373312488116114,-0.3186099,exit_signal,bear,30.6837
5,ZEC/USDT,2022-08-22 00:10:00+00:00,2022-08-22 15:55:00+00:00,-0.020769199452585034,-0.643304,exit_signal,bear,30.943
5,BNB/USDT,2022-08-22 18:45:00+00:00,2022-08-22 20:05:00+00:00,0.015003735617023522,0.458432,exit_signal,bear,30.524
5,XRP/USDT,2022-08-22 01:10:00+00:00,2022-08-22 20:30:00+00:00,-0.008727420336919017,-0.27057492,exit_signal,bear,30.97188
5,BNB/USDT,2022-08-23 00:55:00+00:00,2022-08-23 08:05:00+00:00,0.011511331308285624,0.350715,exit_signal,bear,30.4365
5,XRP/USDT,2022-08-23 05:20:00+00:00,2022-08-23 08:10:00+00:00,0.001548348009704243,0.04757706,exit_signal,bear,30.69693
5,ADA/USDT,2022-08-23 05:20:00+00:00,2022-08-23 08:15:00+00:00,0.005700933406465697,0.17528207,exit_signal,bear,30.71549
5,BTC/USDT,2022-08-24 00:40:00+00:00,2022-08-24 05:25:00+00:00,0.00039626541498071166,0.01219736,exit_signal,bear,30.7500336
5,ADA/USDT,2022-08-24 00:40:00+00:00,2022-08-24 07:05:00+00:00,0.00409932637731023,0.12675244,exit_signal,bear,30.88942
5,AAVE/USDT,2022-08-24 13:35:00+00:00,2022-08-24 15:25:00+00:00,0.02055571547096971,0.635529,roi,bear,30.8865
5,LINK/USDT,2022-08-24 14:05:00+00:00,2022-08-24 15:25:00+00:00,0.01994228995356391,0.61760272,roi,bear,30.93856
5,BTC/USDT,2022-08-24 22:05:00+00:00,2022-08-25 01:35:00+00:00,-0.0006859168660343286,-0.02146822,exit_signal,bear,31.267307
5,TRX/USDT,2022-08-24 00:40:00+00:00,2022-08-25 05:20:00+00:00,-0.007908719852334198,-0.24470291,exit_signal,bear,30.90999
5,AVAX/USDT,2022-08-24 22:00:00+00:00,2022-08-25 06:20:00+00:00,0.007457658620449318,0.234009,exit_signal,bear,31.347
5,XRP/USDT,2022-08-25 02:15:00+00:00,2022-08-25 06:20:00+00:00,0.014509866221996227,0.4554641,exit_signal,sideways,31.3586
5,DOGE/USDT,2022-08-25 09:30:00+00:00,2022-08-25 10:25:00+00:00,0.013237562088972383,0.41741662,exit_signal,sideways,31.50124
5,AAVE/USDT,2022-08-25 10:55:00+00:00,2022-08-25 17:45:00+00:00,0.011353195299683594,0.3588288,exit_signal,sideways,31.5744
5,ZEC/USDT,2022-08-25 10:05:00+00:00,2022-08-25 19:40:00+00:00,-0.003452815406168176,-0.1088289,exit_signal,sideways,31.4874
5,ADA/USDT,2022-08-25 22:55:00+00:00,2022-08-26 04:10:00+00:00,0.009188914125322833,0.2918628,exit_signal,sideways,31.73076
5,XRP/USDT,2022-08-26 00:10:00+00:00,2022-08-26 04:10:00+00:00,0.00607831474883498,0.19304684,exit_signal,bear,31.7282
5,TRX/USDT,2022-08-25 10:00:00+00:00,2022-08-26 09:05:00+00:00,-0.0009296407828293438,-0.02931753,exit_signal,sideways,31.504902
5,DOGE/USDT,2022-08-26 05:25:00+00:00,2022-08-26 09:30:00+00:00,0.01797378607266777,0.57345568,exit_signal,bear,31.87324
5,AAVE/USDT,2022-08-26 05:25:00+00:00,2022-08-26 12:35:00+00:00,0.012306326529038765,0.3921723,exit_signal,bear,31.8357
5,ADA/USDT,2022-08-26 10:40:00+00:00,2022-08-26 13:05:00+00:00,0.015585136578556234,0.499766,exit_signal,bear,32.0348
5,XRP/USDT,2022-08-26 11:15:00+00:00,2022-08-26 20:00:00+00:00,-0.04197438668524705,-1.34648992,exit_signal,bear,32.0468
5,BNB/USDT,2022-08-27 15:40:00+00:00,2022-08-28 08:10:00+00:00,0.0026405485826293835,0.0842802,exit_signal,bear,31.8858
5,LINK/USDT,2022-08-27 15:45:00+00:00,2022-08-28 08:10:00+00:00,0.012966628363134778,0.41394745,exit_signal,bear,31.89217
5,BNB/USDT,2022-08-28 13:00:00+00:00,2022-08-28 15:50:00+00:00,0.010589410589410589,0.3382725,exit_signal,bear,31.9125
5,SOL/USDT,2022-08-28 14:20:00+00:00,2022-08-28 16:05:00+00:00,0.019025978808934443,0.61100032,exit_signal,bear,32.08192
5,TRX/USDT,2022-08-28 10:25:00+00:00,2022-08-28 16:25:00+00:00,0.00039108673005896116,0.01255936,exit_signal,bear,32.08192
5,AAVE/USDT,2022-08-28 20:00:00+00:00,2022-08-29 03:25:00+00:00,-0.017858669447911504,-0.5790708,exit_signal,bear,32.3928
5,AVAX/USDT,2022-08-28 19:50:00+00:00,2022-08-29 05:35:00+00:00,-0.10179820179820179,-3.2887206,stop_loss,bear,32.274
5,DOGE/USDT,2022-08-28 21:50:00+00:00,2022-08-29 12:30:00+00:00,-0.014402369185251502,-0.46641197,exit_signal,bear,32.35204
5,SOL/USDT,2022-08-30 02:15:00+00:00,2022-08-30 04:05:00+00:00,0.012715327332642263,0.39400267,exit_signal,bear,30.95548
5,ETH/USDT,2022-08-30 01:45:00+00:00,2022-08-30 04:15:00+00:00,0.012877747419750033,0.39760347,exit_signal,bear,30.84439
5,LINK/USDT,2022-08-30 02:15:00+00:00,2022-08-30 04:15:00+00:00,0.008566059677506828,0.26537472,exit_signal,bear,30.94884
5,TRX/USDT,2022-08-30 06:20:00+00:00,2022-08-30 13:30:00+00:00,0.019993481311483482,0.62680642,roi,bear,31.31922
5,ETH/USDT,2022-08-30 12:35:00+00:00,2022-08-30 19:05:00+00:00,-0.017568750155663726,-0.5500684,exit_signal,bear,31.2782
5,BTC/USDT,2022-08-30 14:10:00+00:00,2022-08-30 19:05:00+00:00,-0.013302054804692211,-0.41884345,exit_signal,bear,31.4556684
5,AAVE/USDT,2022-08-30 10:40:00+00:00,2022-08-30 19:10:00+00:00,-0.02732215881004808,-0.8560032,exit_signal,bear,31.2987
5,ADA/USDT,2022-08-31 06:45:00+00:00,2022-09-01 11:45:00+00:00,-0.017298076430796536,-0.53524974,exit_signal,bear,30.91182
5,UNI/USDT,2022-09-01 14:15:00+00:00,2022-09-01 17:25:00+00:00,0.019553536164831846,0.5950415,roi,bear,30.401
5,TRX/USDT,2022-08-31 06:30:00+00:00,2022-09-01 20:15:00+00:00,-0.03274359644977582,-1.01349019,exit_signal,bear,30.921396
5,BNB/USDT,2022-08-31 06:45:00+00:00,2022-09-01 20:55:00+00:00,-0.030930648115419335,-0.9573444,exit_signal,bear,30.9204
5,BNB/USDT,2022-09-02 02:20:00+00:00,2022-09-02 03:05:00+00:00,0.017208281914164267,0.521829,exit_signal,bear,30.294
5,ZEC/USDT,2022-09-02 00:25:00+00:00,2022-09-02 03:15:00+00:00,0.004791127240106832,0.14523,exit_signal,bear,30.282
5,XRP/USDT,2022-09-02 01:15:00+00:00,2022-09-02 04:40:00+00:00,0.011631767322207382,0.35257435,exit_signal,bear,30.28105
5,AVAX/USDT,2022-09-02 10:35:00+00:00,2022-09-02 12:35:00+00:00,0.019982115419975934,0.610304,roi,bear,30.512
5,XRP/USDT,2022-09-02 08:20:00+00:00,2022-09-02 12:40:00+00:00,0.004943046067932673,0.15152138,exit_signal,bear,30.62282
5,TRX/USDT,2022-09-02 08:30:00+00:00,2022-09-02 12:40:00+00:00,0.007034407287594213,0.21565946,exit_signal,bear,30.627174
5,NEAR/USDT,2022-09-02 16:40:00+00:00,2022-09-03 00:45:00+00:00,-0.017165205615053636,-0.5291208,exit_signal,bear,30.7944
5,BNB/USDT,2022-09-02 16:45:00+00:00,2022-09-04 01:05:00+00:00,0.001217901325312711,0.037455,exit_signal,bear,30.723
5,BTC/USDT,2022-09-02 16:45:00+00:00,2022-09-04 09:10:00+00:00,-0.019050588488004436,-0.58825318,exit_signal,bear,30.8476305
5,TRX/USDT,2022-09-03 07:50:00+00:00,2022-09-04 10:55:00+00:00,0.0064582900414275985,0.19886917,exit_signal,bear,30.76209
5,LINK/USDT,2022-09-04 03:40:00+00:00,2022-09-04 11:25:00+00:00,0.01404939162576935,0.43197392,exit_signal,bear,30.71609
5,XRP/USDT,2022-09-04 14:05:00+00:00,2022-09-04 16:45:00+00:00,0.004978911665841757,0.15347592,exit_signal,bear,30.7944
5,BTC/USDT,2022-09-04 14:05:00+00:00,2022-09-04 16:50:00+00:00,0.009349430423565069,0.28705938,exit_signal,bear,30.6727356
5,TRX/USDT,2022-09-04 14:05:00+00:00,2022-09-04 17:15:00+00:00,0.006905632204341779,0.21291473,exit_signal,bear,30.801239
5,ADA/USDT,2022-09-04 20:15:00+00:00,2022-09-05 00:00:00+00:00,0.00942950179591401,0.29272901,exit_signal,bear,31.01294
5,UNI/USDT,2022-09-04 22:25:00+00:00,2022-09-05 00:00:00+00:00,0.0198674564871748,0.616338,roi,bear,30.9915
5,ZEC/USDT,2022-09-04 20:10:00+00:00,2022-09-05 00:05:00+00:00,0.008986296722145778,0.2786127,exit_signal,bear,30.9732
5,ETH/USDT,2022-09-05 05:25:00+00:00,2022-09-05 14:20:00+00:00,0.012307566833024475,0.3866239,exit_signal,bear,31.38213
5,NEAR/USDT,2022-09-05 05:10:00+00:00,2022-09-05 15:05:00+00:00,-0.004130484899715669,-0.128871,exit_signal,bear,31.1688
5,DOGE/USDT,2022-09-05 04:50:00+00:00,2022-09-05 22:00:00+00:00,-0.009616337860612669,-0.30203472,exit_signal,bear,31.37712
5,ZEC/USDT,2022-09-05 18:25:00+00:00,2022-09-05 23:45:00+00:00,0.01232738553312716,0.3883974,exit_signal,bear,31.4754
5,BTC/USDT,2022-09-05 18:20:00+00:00,2022-09-06 00:20:00+00:00,0.008167237957361934,0.25615972,exit_signal,bear,31.3329693
5,ADA/USDT,2022-09-06 02:10:00+00:00,2022-09-06 03:50:00+00:00,0.020088927465976646,0.63491404,roi,bear,31.5736
5,BTC/USDT,2022-09-06 02:10:00+00:00,2022-09-06 07:25:00+00:00,0.010355518010269018,0.32650246,exit_signal,bear,31.497824
5,ZEC/USDT,2022-09-06 12:55:00+00:00,2022-09-07 00:20:00+00:00,-0.10039256518129758,-3.2043285,stop_loss,bear,31.8861
5,XRP/USDT,2022-09-06 02:10:00+00:00,2022-09-07 07:30:00+00:00,-0.03547585687204908,-1.12219185,exit_signal,bear,31.60095
5,BNB/USDT,2022-09-07 10:20:00+00:00,2022-09-07 13:05:00+00:00,0.00824764589023144,0.2496995,exit_signal,bear,30.245
5,BTC/USDT,2022-09-06 13:40:00+00:00,2022-09-07 13:10:00+00:00,-0.047902747675793916,-1.52656748,exit_signal,bear,31.8362205
5,AVAX/USDT,2022-09-07 11:15:00+00:00,2022-09-07 13:10:00+00:00,0.014425508665771967,0.4238164,exit_signal,bear,29.3503
5,XRP/USDT,2022-09-08 00:35:00+00:00,2022-09-08 06:15:00+00:00,0.004280620517888343,0.12944215,exit_signal,bear,30.2089
5,TRX/USDT,2022-09-08 00:40:00+00:00,2022-09-08 10:20:00+00:00,0.0050683715763667455,0.15331554,exit_signal,bear,30.219248
5,ETH/USDT,2022-09-08 07:20:00+00:00,2022-09-08 10:20:00+00:00,0.009227007055569577,0.27948122,exit_signal,bear,30.259218
5,SOL/USDT,2022-09-08 12:40:00+00:00,2022-09-08 13:55:00+00:00,0.019157800724621,0.58301214,exit_signal,bear,30.4017
5,BTC/USDT,2022-09-08 07:20:00+00:00,2022-09-08 20:00:00+00:00,0.008616445633407762,0.26095106,exit_signal,bear,30.2549776
5,ETH/USDT,2022-09-09 09:35:00+00:00,2022-09-09 12:35:00+00:00,0.02000294389309252,0.61411295,roi,bear,30.670458
5,XRP/USDT,2022-09-09 13:30:00+00:00,2022-09-09 19:10:00+00:00,0.004894673671652089,0.15119088,exit_signal,bear,30.858
5,TRX/USDT,2022-09-09 14:05:00+00:00,2022-09-09 20:10:00+00:00,0.010890735539970234,0.3366785,exit_signal,bear,30.883328
5,ADA/USDT,2022-09-09 16:05:00+00:00,2022-09-09 20:35:00+00:00,0.011246205815417739,0.3473757,exit_signal,bear,30.8574
5,ETH/USDT,2022-09-10 07:45:00+00:00,2022-09-10 18:20:00+00:00,0.003876517062596649,0.12032208,exit_signal,bear,31.0077
5,ZEC/USDT,2022-09-09 23:25:00+00:00,2022-09-10 22:10:00+00:00,0.0025940317351360294,0.0807561,exit_signal,bear,31.1004
5,ADA/USDT,2022-09-10 04:55:00+00:00,2022-09-11 08:20:00+00:00,0.008733202281589377,0.27231435,exit_signal,bear,31.15035
5,LINK/USDT,2022-09-10 21:30:00+00:00,2022-09-11 08:45:00+00:00,0.020041102629818484,0.62549282,roi,bear,31.17932
5,UNI/USDT,2022-09-11 02:00:00+00:00,2022-09-11 15:55:00+00:00,0.0101727540751931,0.317968,exit_signal,bear,31.2256
5,LINK/USDT,2022-09-11 14:25:00+00:00,2022-09-11 17:30:00+00:00,0.01130700178440148,0.356572,exit_signal,bear,31.504
5,ZEC/USDT,2022-09-11 18:35:00+00:00,2022-09-12 01:45:00+00:00,0.002608161069699531,0.0828136,exit_signal,bear,31.72
5,UNI/USDT,2022-09-11 19:30:00+00:00,2022-09-12 01:50:00+00:00,0.010247421290366076,0.3250368,exit_signal,bear,31.6872
5,NEAR/USDT,2022-09-11 20:20:00+00:00,2022-09-12 01:50:00+00:00,0.01992935196220617,0.6314945,roi,bear,31.655
5,NEAR/USDT,2022-09-12 14:30:00+00:00,2022-09-12 20:50:00+00:00,-0.010022728791114748,-0.3171734,exit_signal,bear,31.6138
5,SOL/USDT,2022-09-13 00:35:00+00:00,2022-09-13 02:15:00+00:00,0.019974860692446993,0.63556704,roi,bear_high_vol,31.78656
5,LINK/USDT,2022-09-12 13:45:00+00:00,2022-09-13 06:25:00+00:00,-0.026963733940478123,-0.86528533,exit_signal,bear,32.05865
5,TRX/USDT,2022-09-12 09:40:00+00:00,2022-09-13 06:30:00+00:00,-0.005124084998791342,-0.16456875,exit_signal,bear,32.084625
5,ZEC/USDT,2022-09-13 09:40:00+00:00,2022-09-13 11:15:00+00:00,0.02050123789254224,0.6524928,roi,bear_high_vol,31.7952
5,BTC/USDT,2022-09-13 12:35:00+00:00,2022-09-14 02:20:00+00:00,-0.07067308827139034,-2.26279351,exit_signal,bear_high_vol,31.9857676
5,ETH/USDT,2022-09-13 12:35:00+00:00,2022-09-14 02:25:00+00:00,-0.054788085077810314,-1.75620097,exit_signal,bear_high_vol,32.02241
5,XRP/USDT,2022-09-13 03:25:00+00:00,2022-09-14 05:05:00+00:00,-0.043427712463822786,-1.3989252,exit_signal,bear_high_vol,32.18055
5,LINK/USDT,2022-09-14 07:50:00+00:00,2022-09-14 09:05:00+00:00,0.02004958129119203,0.60716574,roi,bear_high_vol,30.25296
5,ZEC/USDT,2022-09-14 07:50:00+00:00,2022-09-14 12:35:00+00:00,0.01651468261923574,0.499953,exit_signal,bear_high_vol,30.243
5,XRP/USDT,2022-09-14 16:15:00+00:00,2022-09-14 19:40:00+00:00,0.016201735484246693,0.49692084,exit_signal,bear_high_vol,30.6402
5,BTC/USDT,2022-09-14 11:55:00+00:00,2022-09-14 21:50:00+00:00,-0.002941396751423487,-0.08923809,exit_signal,bear_high_vol,30.30837
5,DOGE/USDT,2022-09-15 00:40:00+00:00,2022-09-16 04:10:00+00:00,-0.02186935986508144,-0.67314698,exit_signal,bear_high_vol,30.74962
5,NEAR/USDT,2022-09-15 00:45:00+00:00,2022-09-16 04:10:00+00:00,-0.05162861440989254,-1.5847023,exit_signal,bear_high_vol,30.6636
5,BNB/USDT,2022-09-14 06:45:00+00:00,2022-09-16 06:45:00+00:00,-0.01345283124336209,-0.4054752,exit_signal,bear_high_vol,30.1104
5,TRX/USDT,2022-09-16 08:20:00+00:00,2022-09-16 10:45:00+00:00,0.0032228682860109804,0.09645979,exit_signal,bear,29.899896
5,BTC/USDT,2022-09-16 08:20:00+00:00,2022-09-16 11:45:00+00:00,0.008447347268094044,0.25278851,exit_signal,bear,29.8952992
5,ADA/USDT,2022-09-16 08:15:00+00:00,2022-09-16 20:40:00+00:00,0.00015240092809582143,0.00455952,exit_signal,bear,29.88804
5,BTC/USDT,2022-09-16 13:00:00+00:00,2022-09-16 21:00:00+00:00,0.0013929784250780804,0.04173057,exit_signal,bear,29.9278728
5,BNB/USDT,2022-09-16 13:00:00+00:00,2022-09-17 00:10:00+00:00,0.004560609160828219,0.1362936,exit_signal,bear,29.8551
5,NEAR/USDT,2022-09-16 23:40:00+00:00,2022-09-17 00:25:00+00:00,0.020020267502281894,0.6016896,roi,bear,30.024
5,TRX/USDT,2022-09-17 05:05:00+00:00,2022-09-17 13:25:00+00:00,0.0005967383282950394,0.01808592,exit_signal,bear,30.27768
5,ADA/USDT,2022-09-17 05:45:00+00:00,2022-09-17 13:45:00+00:00,0.009374040182227563,0.28370584,exit_signal,bear,30.23482
5,AVAX/USDT,2022-09-17 05:30:00+00:00,2022-09-17 14:15:00+00:00,0.008449401837831591,0.2548266,exit_signal,bear,30.129
5,BTC/USDT,2022-09-18 00:10:00+00:00,2022-09-18 06:10:00+00:00,0.0035081029116770662,0.10661505,exit_signal,bear,30.3607232
5,ADA/USDT,2022-09-18 06:45:00+00:00,2022-09-18 07:30:00+00:00,0.005871696263893815,0.17900768,exit_signal,bear,30.45608
5,BNB/USDT,2022-09-17 21:30:00+00:00,2022-09-18 13:50:00+00:00,0.0012364301165165405,0.0374633,exit_signal,bear,30.2693
5,ETH/USDT,2022-09-17 21:30:00+00:00,2022-09-19 02:15:00+00:00,-0.10179751214641444,-3.09664971,stop_loss,bear,30.38931
5,XRP/USDT,2022-09-18 21:30:00+00:00,2022-09-19 02:15:00+00:00,-0.10166842260470349,-3.1108827,stop_loss,bear,30.56775
5,LINK/USDT,2022-09-18 09:05:00+00:00,2022-09-19 04:15:00+00:00,-0.10178564989280622,-3.11081088,stop_loss,bear,30.53184
5,BTC/USDT,2022-09-19 17:40:00+00:00,2022-09-19 19:05:00+00:00,0.015900419845677537,0.4369622,exit_signal,bear,27.45372
5,ETH/USDT,2022-09-19 17:40:00+00:00,2022-09-19 19:10:00+00:00,0.019999398422539272,0.54861376,roi,bear,27.404109
5,NEAR/USDT,2022-09-19 17:35:00+00:00,2022-09-19 21:20:00+00:00,0.019961070795668667,0.5451345,roi,bear,27.2826
5,ADA/USDT,2022-09-20 01:15:00+00:00,2022-09-20 07:10:00+00:00,0.007372908781359486,0.206325,exit_signal,bear,27.95625
5,BTC/USDT,2022-09-20 03:20:00+00:00,2022-09-20 07:10:00+00:00,0.010155819171030247,0.28423051,exit_signal,bear,27.9590015
5,ETH/USDT,2022-09-20 03:20:00+00:00,2022-09-20 07:10:00+00:00,0.018041782734963714,0.50434908,exit_signal,bear,27.926577
5,ZEC/USDT,2022-09-20 09:25:00+00:00,2022-09-20 15:10:00+00:00,0.007141210437913734,0.2021754,exit_signal,bear,28.2828
5,BNB/USDT,2022-09-20 09:45:00+00:00,2022-09-21 09:55:00+00:00,-0.006460007950320917,-0.182238,exit_signal,bear,28.182
5,ADA/USDT,2022-09-21 06:30:00+00:00,2022-09-21 11:45:00+00:00,0.020099647302539304,0.5708105,roi,bear_high_vol,28.37066
5,DOGE/USDT,2022-09-21 06:00:00+00:00,2022-09-21 12:35:00+00:00,0.0012202664952155788,0.03461757,exit_signal,bear_high_vol,28.34052
5,SOL/USDT,2022-09-21 15:00:00+00:00,2022-09-21 17:55:00+00:00,0.020046851223878677,0.572328,roi,bear_high_vol,28.521
5,DOGE/USDT,2022-09-21 15:10:00+00:00,2022-09-21 17:55:00+00:00,0.019958728105857703,0.5695564,roi,bear_high_vol,28.5082
5,ADA/USDT,2022-09-21 14:50:00+00:00,2022-09-21 18:35:00+00:00,0.019916449224089822,0.56855664,roi,bear_high_vol,28.51857
5,DOGE/USDT,2022-09-21 20:20:00+00:00,2022-09-22 00:00:00+00:00,-0.013391901300567622,-0.38980488,force_exit,bear_high_vol,29.07843
5,ZEC/USDT,2022-09-21 20:20:00+00:00,2022-09-22 00:00:00+00:00,-0.00012908439874732012,-0.0037536,force_exit,bear_high_vol,29.0496
5,LINK/USDT,2022-09-21 20:20:00+00:00,2022-09-22 00:00:00+00:00,-0.022344478636646427,-0.64963722,force_exit,bear_high_vol,29.04468
6,SOL/USDT,2022-09-22 13:40:00+00:00,2022-09-22 19:15:00+00:00,0.01863737765993405,0.6151515,exit_signal,bear_high_vol,32.97336
6,AVAX/USDT,2022-09-22 13:40:00+00:00,2022-09-22 19:35:00+00:00,0.02002527089635104,0.6592938,roi,bear_high_vol,32.8902
6,UNI/USDT,2022-09-22 13:25:00+00:00,2022-09-23 03:30:00+00:00,0.020604830709360325,0.6795586,roi,bear_high_vol,32.9476
6,NEAR/USDT,2022-09-23 07:35:00+00:00,2022-09-23 20:30:00+00:00,-0.034541545411110625,-1.1623374,exit_signal,bear_high_vol,33.6168
6,TRX/USDT,2022-09-23 07:25:00+00:00,2022-09-23 20:45:00+00:00,-0.011703312197656761,-0.39411087,exit_signal,bear_high_vol,33.641515
6,ADA/USDT,2022-09-23 07:40:00+00:00,2022-09-23 22:05:00+00:00,-0.0028598344660520822,-0.0962676,exit_signal,bear_high_vol,33.62832
6,BTC/USDT,2022-09-24 07:15:00+00:00,2022-09-24 12:40:00+00:00,0.008506716868724243,0.28079647,exit_signal,bear_high_vol,32.9758188
6,TRX/USDT,2022-09-24 07:05:00+00:00,2022-09-25 03:10:00+00:00,-0.003820080425159843,-0.12655323,exit_signal,bear_high_vol,33.095325
6,BNB/USDT,2022-09-24 07:15:00+00:00,2022-09-25 07:20:00+00:00,-0.008782273182988748,-0.2899378,exit_signal,bear_high_vol,32.981
6,ADA/USDT,2022-09-25 10:20:00+00:00,2022-09-25 12:20:00+00:00,0.013564954702666101,0.44821675,exit_signal,bear,33.00925
6,BTC/USDT,2022-09-25 13:30:00+00:00,2022-09-26 08:15:00+00:00,0.0021732427084684668,0.07216652,exit_signal,bear,33.173665
6,ETH/USDT,2022-09-25 09:50:00+00:00,2022-09-26 08:40:00+00:00,-0.01310014490853122,-0.4323514,exit_signal,bear,32.970588
6,UNI/USDT,2022-09-24 13:55:00+00:00,2022-09-26 08:50:00+00:00,-0.02910841280960126,-0.9662206,exit_signal,bear_high_vol,33.1607
6,SOL/USDT,2022-09-26 11:25:00+00:00,2022-09-26 13:35:00+00:00,0.019878546893057545,0.65159961,roi,bear,32.74629
6,ZEC/USDT,2022-09-26 11:15:00+00:00,2022-09-26 14:45:00+00:00,0.020843593026691618,0.6826176,roi,bear,32.7168
6,BNB/USDT,2022-09-26 11:25:00+00:00,2022-09-27 00:10:00+00:00,0.015246885467473702,0.498156,exit_signal,bear,32.64
6,TRX/USDT,2022-09-26 22:00:00+00:00,2022-09-27 00:15:00+00:00,0.00946553458589835,0.31456394,exit_signal,bear,33.19936
6,DOGE/USDT,2022-09-26 22:05:00+00:00,2022-09-27 00:15:00+00:00,0.014362686493834034,0.47665827,exit_signal,bear,33.15411
6,AVAX/USDT,2022-09-27 09:10:00+00:00,2022-09-27 13:15:00+00:00,0.020229213993133814,0.6800816,roi,bear_high_vol,33.5852
6,XRP/USDT,2022-09-27 09:10:00+00:00,2022-09-27 13:35:00+00:00,0.014428281151218482,0.48526796,exit_signal,bear_high_vol,33.59951
6,LINK/USDT,2022-09-27 15:45:00+00:00,2022-09-27 21:50:00+00:00,-0.032296243579429416,-1.0994445,exit_signal,bear_high_vol,34.00848
6,ZEC/USDT,2022-09-27 15:30:00+00:00,2022-09-27 22:30:00+00:00,-0.03734039990363768,-1.2700545,exit_signal,bear_high_vol,33.9789
6,TRX/USDT,2022-09-27 08:40:00+00:00,2022-09-28 06:05:00+00:00,-0.023323537486201057,-0.78506365,exit_signal,bear_high_vol,33.62609
6,UNI/USDT,2022-09-29 00:45:00+00:00,2022-09-29 04:45:00+00:00,0.0166272296909933,0.5479424,exit_signal,bear_high_vol,32.9216
6,LINK/USDT,2022-09-28 16:25:00+00:00,2022-09-29 14:45:00+00:00,-0.009181499142352783,-0.30276896,exit_signal,bear_high_vol,32.94304
6,AAVE/USDT,2022-09-29 05:50:00+00:00,2022-09-29 16:50:00+00:00,-0.0006951273269811129,-0.0230256,exit_signal,bear_high_vol,33.0912
6,XRP/USDT,2022-09-29 03:40:00+00:00,2022-09-29 20:00:00+00:00,0.0064441731108397775,0.21245895,exit_signal,bear_high_vol,32.93622
6,TRX/USDT,2022-09-30 03:15:00+00:00,2022-09-30 10:10:00+00:00,0.0020995592903671374,0.06959009,exit_signal,bear_high_vol,33.111982
6,ADA/USDT,2022-09-30 06:40:00+00:00,2022-09-30 14:50:00+00:00,0.005115831512704357,0.16948231,exit_signal,bear_high_vol,33.09589
6,LINK/USDT,2022-09-30 10:35:00+00:00,2022-09-30 14:50:00+00:00,0.0006913399701799547,0.02292025,exit_signal,bear_high_vol,33.12025
6,ZEC/USDT,2022-09-30 10:35:00+00:00,2022-09-30 15:10:00+00:00,0.008619040533934152,0.2856342,exit_signal,bear_high_vol,33.1068
6,AAVE/USDT,2022-09-30 19:00:00+00:00,2022-10-01 02:40:00+00:00,-0.004641715899994046,-0.1547028,exit_signal,bear_high_vol,33.2955
6,ZEC/USDT,2022-09-30 19:55:00+00:00,2022-10-01 03:05:00+00:00,0.00333890708222259,0.1111875,exit_signal,bear_high_vol,33.2673
6,SOL/USDT,2022-09-30 18:00:00+00:00,2022-10-02 00:20:00+00:00,-0.04066435472364442,-1.35492314,exit_signal,bear_high_vol,33.28639
6,ADA/USDT,2022-10-01 11:30:00+00:00,2022-10-02 16:20:00+00:00,-0.014736481898236365,-0.49070636,exit_signal,bear,33.26548
6,DOGE/USDT,2022-10-01 11:30:00+00:00,2022-10-03 10:00:00+00:00,-0.01862321901518374,-0.61980192,exit_signal,bear,33.24789
6,XRP/USDT,2022-10-02 10:05:00+00:00,2022-10-03 13:05:00+00:00,-0.0479196376142941,-1.5337377,exit_signal,sideways,31.97448
6,UNI/USDT,2022-10-03 16:55:00+00:00,2022-10-03 19:35:00+00:00,0.01194923089333027,0.3820688,exit_signal,sideways,31.9424
6,ETH/USDT,2022-10-03 19:20:00+00:00,2022-10-04 03:45:00+00:00,0.011638545596105318,0.36364258,exit_signal,sideways,31.213462
6,TRX/USDT,2022-10-02 21:20:00+00:00,2022-10-04 06:50:00+00:00,-0.0016727079960456752,-0.05470905,exit_signal,sideways,32.6742
6,UNI/USDT,2022-10-04 03:10:00+00:00,2022-10-04 07:15:00+00:00,0.013169201619049643,0.4224238,exit_signal,sideways,32.0446
6,NEAR/USDT,2022-10-04 17:15:00+00:00,2022-10-04 19:55:00+00:00,0.005790196425647931,0.187164,exit_signal,sideways,32.292
6,BTC/USDT,2022-10-04 17:20:00+00:00,2022-10-04 19:55:00+00:00,0.01562529352476768,0.50375026,exit_signal,sideways,32.2072038
6,ETH/USDT,2022-10-04 17:20:00+00:00,2022-10-04 20:30:00+00:00,0.01396907575966563,0.45117417,exit_signal,sideways,32.265803
6,ZEC/USDT,2022-10-05 00:45:00+00:00,2022-10-05 06:15:00+00:00,0.005067498872808608,0.1656548,exit_signal,sideways,32.657
6,AVAX/USDT,2022-10-05 01:05:00+00:00,2022-10-05 06:25:00+00:00,0.002611706999697762,0.0851264,exit_signal,sideways,32.5616
6,XRP/USDT,2022-10-05 08:20:00+00:00,2022-10-05 15:30:00+00:00,0.020058451336077098,0.6582117,roi,sideways,32.7819
6,BTC/USDT,2022-10-05 08:20:00+00:00,2022-10-05 16:20:00+00:00,0.0018988011413949867,0.062223,exit_signal,sideways,32.7368874
6,ADA/USDT,2022-10-05 03:05:00+00:00,2022-10-05 16:50:00+00:00,-0.0008434416116044991,-0.02758644,exit_signal,sideways,32.67432
6,SOL/USDT,2022-10-05 20:50:00+00:00,2022-10-05 22:55:00+00:00,0.009262115556652373,0.3060148,exit_signal,sideways,33.0064
6,DOGE/USDT,2022-10-05 21:15:00+00:00,2022-10-06 00:15:00+00:00,0.014666513262018881,0.48449655,exit_signal,sideways,33.0012
6,BTC/USDT,2022-10-05 21:00:00+00:00,2022-10-06 00:20:00+00:00,0.012544495743795648,0.41402368,exit_signal,sideways,32.9714385
6,TRX/USDT,2022-10-06 00:40:00+00:00,2022-10-06 02:50:00+00:00,0.010710276243958023,0.35823902,exit_signal,sideways,33.414744
6,NEAR/USDT,2022-10-06 06:05:00+00:00,2022-10-07 09:15:00+00:00,-0.02173632382247934,-0.722781,exit_signal,sideways,33.219
6,AVAX/USDT,2022-10-06 06:20:00+00:00,2022-10-07 21:15:00+00:00,-0.028971028971028972,-0.9682752,exit_signal,sideways,33.3888
6,ADA/USDT,2022-10-06 06:30:00+00:00,2022-10-08 07:35:00+00:00,-0.016073868328203584,-0.53931475,exit_signal,sideways,33.51875
6,TRX/USDT,2022-10-08 04:10:00+00:00,2022-10-08 16:55:00+00:00,-0.0010399200183483696,-0.03377915,exit_signal,sideways,32.45
6,LINK/USDT,2022-10-07 10:05:00+00:00,2022-10-09 05:05:00+00:00,-0.024442607601603418,-0.80650444,exit_signal,sideways,32.96288
6,AVAX/USDT,2022-10-08 09:30:00+00:00,2022-10-09 06:05:00+00:00,0.0003711422109048222,0.0121444,exit_signal,sideways,32.689
6,BNB/USDT,2022-10-08 21:05:00+00:00,2022-10-09 06:55:00+00:00,-0.004864794092801274,-0.1586754,exit_signal,sideways,32.5845
6,ZEC/USDT,2022-10-09 19:15:00+00:00,2022-10-10 00:40:00+00:00,0.008969052925096883,0.2911788,exit_signal,sideways,32.4324
6,ETH/USDT,2022-10-09 19:15:00+00:00,2022-10-10 00:50:00+00:00,0.010559679273754036,0.34221749,exit_signal,sideways,32.375568
6,BTC/USDT,2022-10-09 19:20:00+00:00,2022-10-10 13:05:00+00:00,6.227279637554226e-05,0.00201906,exit_signal,sideways,32.3904349
6,UNI/USDT,2022-10-10 03:25:00+00:00,2022-10-10 23:25:00+00:00,-0.024714284198350964,-0.8069985,exit_signal,sideways,32.6205
6,NEAR/USDT,2022-10-10 03:40:00+00:00,2022-10-11 00:00:00+00:00,-0.10176977679113823,-3.3263403,stop_loss,sideways,32.6523
6,XRP/USDT,2022-10-10 22:10:00+00:00,2022-10-11 12:20:00+00:00,-0.026928266024221617,-0.87967414,exit_signal,sideways,32.63468
6,LINK/USDT,2022-10-10 23:40:00+00:00,2022-10-11 12:20:00+00:00,-0.025980061018321187,-0.83105451,exit_signal,sideways,31.95621
6,ETH/USDT,2022-10-11 14:00:00+00:00,2022-10-11 15:50:00+00:00,0.014929627766802336,0.45908283,exit_signal,sideways,30.719065
6,UNI/USDT,2022-10-11 05:05:00+00:00,2022-10-12 00:40:00+00:00,-0.04128941924217514,-1.212519,exit_signal,sideways,29.337
6,BTC/USDT,2022-10-11 14:05:00+00:00,2022-10-12 06:40:00+00:00,0.01209549265279251,0.37076525,exit_signal,sideways,30.6225522
6,BNB/USDT,2022-10-12 11:50:00+00:00,2022-10-12 18:30:00+00:00,-0.002733720389452052,-0.0824064,exit_signal,sideways,30.1143
6,TRX/USDT,2022-10-12 11:35:00+00:00,2022-10-13 00:30:00+00:00,-0.010742642699826853,-0.32932762,exit_signal,sideways,30.625483
6,ADA/USDT,2022-10-11 18:45:00+00:00,2022-10-13 07:35:00+00:00,-0.10154618109163564,-3.139695,stop_loss,sideways,30.888
6,ETH/USDT,2022-10-12 23:00:00+00:00,2022-10-13 15:20:00+00:00,-0.038748886651680324,-1.16992492,exit_signal,sideways,30.162316
6,BTC/USDT,2022-10-13 01:45:00+00:00,2022-10-13 15:20:00+00:00,-0.02029272857286683,-0.61694105,exit_signal,sideways,30.371703
6,NEAR/USDT,2022-10-13 23:25:00+00:00,2022-10-14 01:20:00+00:00,0.016696087350047257,0.4780558,exit_signal,sideways,28.6042
6,XRP/USDT,2022-10-13 23:40:00+00:00,2022-10-14 01:20:00+00:00,0.013362261698368188,0.38586,exit_signal,sideways,28.848
6,LINK/USDT,2022-10-14 00:15:00+00:00,2022-10-14 01:25:00+00:00,0.016993880350583742,0.49101157,exit_signal,sideways,28.86457
6,UNI/USDT,2022-10-14 07:00:00+00:00,2022-10-14 12:50:00+00:00,0.001145311381531854,0.0335608,exit_signal,sideways,29.2735
6,BTC/USDT,2022-10-14 07:20:00+00:00,2022-10-14 12:55:00+00:00,0.006131563106197565,0.17873534,exit_signal,sideways,29.120924
6,SOL/USDT,2022-10-14 07:20:00+00:00,2022-10-14 12:55:00+00:00,0.010421295360669963,0.30567955,exit_signal,sideways,29.3029
6,ZEC/USDT,2022-10-14 14:05:00+00:00,2022-10-15 12:25:00+00:00,-0.017561385982438615,-0.5176332,exit_signal,sideways,29.4462
6,BTC/USDT,2022-10-14 14:15:00+00:00,2022-10-15 12:30:00+00:00,-0.01509881743412198,-0.4439386,exit_signal,sideways,29.3728371
6,LINK/USDT,2022-10-15 22:05:00+00:00,2022-10-16 01:40:00+00:00,0.020006103557017395,0.5839938,roi,sideways,29.16162
6,AAVE/USDT,2022-10-15 22:05:00+00:00,2022-10-16 03:40:00+00:00,0.0062956434147569875,0.18291,exit_signal,sideways,29.0244
6,LINK/USDT,2022-10-16 07:30:00+00:00,2022-10-16 08:40:00+00:00,0.009642988590357011,0.28364644,exit_signal,sideways,29.3854
6,BNB/USDT,2022-10-14 14:15:00+00:00,2022-10-16 16:05:00+00:00,-0.003101579585177079,-0.0909684,exit_signal,sideways,29.3004
6,BTC/USDT,2022-10-16 10:35:00+00:00,2022-10-16 19:30:00+00:00,0.0009443283402287747,0.02781856,exit_signal,sideways,29.4291382
6,ETH/USDT,2022-10-16 10:35:00+00:00,2022-10-16 19:30:00+00:00,0.0034248632801201716,0.10099898,exit_signal,sideways,29.46047
6,NEAR/USDT,2022-10-16 18:05:00+00:00,2022-10-16 19:35:00+00:00,0.00906112020954197,0.2674089,exit_signal,sideways,29.4822
6,SOL/USDT,2022-10-16 21:55:00+00:00,2022-10-17 04:55:00+00:00,0.007329119478652189,0.2171624,exit_signal,sideways,29.60048
6,BTC/USDT,2022-10-16 21:55:00+00:00,2022-10-17 05:10:00+00:00,0.0035934194514935453,0.10604976,exit_signal,sideways,29.4827302
6,NEAR/USDT,2022-10-16 21:55:00+00:00,2022-10-17 07:10:00+00:00,0.00703823339638229,0.2079891,exit_signal,sideways,29.5218
6,ADA/USDT,2022-10-18 01:35:00+00:00,2022-10-18 03:45:00+00:00,0.006402232033510882,0.19071224,exit_signal,sideways,29.75864
6,DOGE/USDT,2022-10-18 01:40:00+00:00,2022-10-18 03:50:00+00:00,0.004869752603891577,0.145215,exit_signal,sideways,29.79
6,DOGE/USDT,2022-10-18 08:40:00+00:00,2022-10-18 17:35:00+00:00,-0.002501111726452005,-0.07479298,exit_signal,sideways,29.87402
6,LINK/USDT,2022-10-18 01:40:00+00:00,2022-10-18 20:45:00+00:00,-0.020420962148472825,-0.6083744,exit_signal,sideways,29.7619
6,UNI/USDT,2022-10-19 02:25:00+00:00,2022-10-19 14:30:00+00:00,0.014917286103726782,0.4428787,exit_signal,sideways,29.6593
6,BNB/USDT,2022-10-19 01:00:00+00:00,2022-10-19 15:20:00+00:00,0.004623463525048486,0.1368604,exit_signal,sideways,29.5717
6,XRP/USDT,2022-10-19 22:40:00+00:00,2022-10-20 01:20:00+00:00,0.013588918780295816,0.40626909,exit_signal,sideways,29.86722
6,ADA/USDT,2022-10-19 22:35:00+00:00,2022-10-20 04:10:00+00:00,-0.005659877802130131,-0.16901466,exit_signal,sideways,29.83206
6,NEAR/USDT,2022-10-18 08:40:00+00:00,2022-10-20 04:20:00+00:00,-0.06572111581934764,-1.9488561,exit_signal,sideways,29.6238
6,AVAX/USDT,2022-10-20 13:00:00+00:00,2022-10-20 17:55:00+00:00,0.018409690573278965,0.5391841,exit_signal,sideways,29.2588
6,BTC/USDT,2022-10-20 17:55:00+00:00,2022-10-21 02:40:00+00:00,0.00013300669446872988,0.00391197,exit_signal,sideways,29.3824454
6,ADA/USDT,2022-10-20 16:10:00+00:00,2022-10-21 16:00:00+00:00,-0.02445375757822354,-0.71676462,exit_signal,sideways,29.28174
6,TRX/USDT,2022-10-21 05:35:00+00:00,2022-10-21 16:00:00+00:00,-0.011608035613440707,-0.34253386,exit_signal,sideways,29.478861
6,TRX/USDT,2022-10-22 00:50:00+00:00,2022-10-22 08:25:00+00:00,-0.0016729728503055321,-0.04854048,exit_signal,sideways,28.98552
6,ZEC/USDT,2022-10-21 21:25:00+00:00,2022-10-22 12:55:00+00:00,0.007598171059709522,0.22148,exit_signal,sideways,29.12
6,SOL/USDT,2022-10-20 13:00:00+00:00,2022-10-22 20:55:00+00:00,-0.03710014123807228,-1.0877498,exit_signal,sideways,29.29
6,BNB/USDT,2022-10-22 15:40:00+00:00,2022-10-22 20:55:00+00:00,0.003564996876033665,0.1037124,exit_signal,sideways,29.0628
6,ADA/USDT,2022-10-22 16:40:00+00:00,2022-10-22 20:55:00+00:00,0.009173662158736785,0.26778141,exit_signal,sideways,29.16108
6,ETH/USDT,2022-10-23 01:30:00+00:00,2022-10-23 14:20:00+00:00,0.001045524261767207,0.03026131,exit_signal,sideways,28.914756
6,TRX/USDT,2022-10-22 23:45:00+00:00,2022-10-23 17:55:00+00:00,-5.1946753279219966e-05,-0.00150528,exit_signal,sideways,28.948416
6,XRP/USDT,2022-10-23 01:15:00+00:00,2022-10-23 17:55:00+00:00,0.003427101274459396,0.09923733,exit_signal,sideways,28.92771
6,XRP/USDT,2022-10-23 21:45:00+00:00,2022-10-23 22:35:00+00:00,0.01990036902050806,0.57674897,roi,sideways,28.95287
6,LINK/USDT,2022-10-24 02:05:00+00:00,2022-10-24 06:30:00+00:00,-0.0025713192451667245,-0.07509318,exit_signal,sideways,29.17497
6,BTC/USDT,2022-10-24 01:20:00+00:00,2022-10-24 09:55:00+00:00,-0.003702547250065075,-0.10800036,exit_signal,sideways,29.140065
6,ADA/USDT,2022-10-24 14:25:00+00:00,2022-10-24 18:45:00+00:00,0.01718349485449542,0.50084488,exit_signal,sideways,29.11774
6,AVAX/USDT,2022-10-24 07:25:00+00:00,2022-10-24 19:20:00+00:00,-0.004511860935034738,-0.1312476,exit_signal,sideways,29.0604
6,XRP/USDT,2022-10-24 02:00:00+00:00,2022-10-24 20:20:00+00:00,-0.008903096903096902,-0.26008558,exit_signal,sideways,29.18375
6,TRX/USDT,2022-10-25 00:05:00+00:00,2022-10-25 13:05:00+00:00,0.003384260607946075,0.09877368,exit_signal,sideways,29.157035
6,AAVE/USDT,2022-10-24 20:50:00+00:00,2022-10-25 13:15:00+00:00,-0.03437813634800889,-1.0008226,exit_signal,sideways,29.0831
6,XRP/USDT,2022-10-24 23:50:00+00:00,2022-10-25 13:20:00+00:00,-0.007506955398322147,-0.21883219,exit_signal,sideways,29.12147
6,ZEC/USDT,2022-10-25 20:35:00+00:00,2022-10-26 01:45:00+00:00,0.020683861592952504,0.595794,roi,sideways,28.776
6,AVAX/USDT,2022-10-25 20:25:00+00:00,2022-10-26 01:50:00+00:00,0.019763398321847748,0.5683188,roi,sideways,28.7274
6,LINK/USDT,2022-10-25 20:25:00+00:00,2022-10-26 03:25:00+00:00,0.02002824172836988,0.57586791,roi,sideways,28.72407
6,UNI/USDT,2022-10-26 12:05:00+00:00,2022-10-26 13:45:00+00:00,0.020445821045521194,0.600644,roi,sideways,29.348
6,ZEC/USDT,2022-10-26 12:05:00+00:00,2022-10-26 14:20:00+00:00,0.01638140864660202,0.480816,exit_signal,sideways,29.322
6,LINK/USDT,2022-10-26 12:05:00+00:00,2022-10-26 14:20:00+00:00,0.013961070490738045,0.40947108,exit_signal,sideways,29.30019
6,ETH/USDT,2022-10-27 03:05:00+00:00,2022-10-27 12:30:00+00:00,0.02000002186948327,0.59670428,roi,sideways,29.805376
6,ZEC/USDT,2022-10-27 07:35:00+00:00,2022-10-28 13:20:00+00:00,-0.041701517289220724,-1.2442276,exit_signal,sideways,29.8067
6,UNI/USDT,2022-10-27 20:15:00+00:00,2022-10-28 13:20:00+00:00,-0.03917286152243172,-1.17691,exit_signal,sideways,30.014
6,TRX/USDT,2022-10-27 05:05:00+00:00,2022-10-28 20:45:00+00:00,0.005255607021514067,0.15705723,exit_signal,sideways,29.853893
6,DOGE/USDT,2022-10-29 00:15:00+00:00,2022-10-29 01:10:00+00:00,0.01999389831725161,0.584906,roi,sideways,29.225
6,UNI/USDT,2022-10-28 21:55:00+00:00,2022-10-29 03:15:00+00:00,0.005297334244702666,0.1552356,exit_signal,sideways,29.2752
6,LINK/USDT,2022-10-28 21:50:00+00:00,2022-10-29 08:20:00+00:00,0.013990225625976046,0.40957794,exit_signal,sideways,29.24676
6,NEAR/USDT,2022-10-29 10:55:00+00:00,2022-10-29 16:15:00+00:00,0.014944898392498783,0.4398912,exit_signal,sideways,29.4048
6,TRX/USDT,2022-10-29 10:35:00+00:00,2022-10-29 17:45:00+00:00,0.0037762082892396956,0.11221107,exit_signal,sideways,29.68559
6,DOGE/USDT,2022-10-29 22:45:00+00:00,2022-10-30 01:20:00+00:00,0.020009475163092608,0.59659182,roi,sideways,29.78568
6,BTC/USDT,2022-10-29 11:35:00+00:00,2022-10-30 06:15:00+00:00,0.007609288388195769,0.22517468,exit_signal,sideways,29.5625187
6,ETH/USDT,2022-10-29 22:50:00+00:00,2022-10-30 06:15:00+00:00,0.013286076743244087,0.39617565,exit_signal,sideways,29.78907
6,DOGE/USDT,2022-10-30 08:30:00+00:00,2022-10-30 08:35:00+00:00,0.020002042046130222,0.6044555,roi,sideways,30.1895
6,UNI/USDT,2022-10-30 08:35:00+00:00,2022-10-31 04:00:00+00:00,-0.039790504026128146,-1.2126373,exit_signal,sideways,30.4451
6,ETH/USDT,2022-10-30 09:45:00+00:00,2022-10-31 05:10:00+00:00,-0.00943691996183583,-0.28670941,exit_signal,sideways,30.351321
6,DOGE/USDT,2022-10-31 06:20:00+00:00,2022-10-31 06:40:00+00:00,0.01997906349895209,0.5973994,roi,sideways,29.8714
6,BTC/USDT,2022-10-30 08:35:00+00:00,2022-10-31 09:45:00+00:00,-0.006174681150562988,-0.18707739,exit_signal,sideways,30.2672308
6,ETH/USDT,2022-10-31 13:55:00+00:00,2022-11-01 01:30:00+00:00,-0.0122161752378521,-0.36734034,exit_signal,sideways,30.039956
6,BTC/USDT,2022-10-31 13:55:00+00:00,2022-11-01 02:55:00+00:00,-0.001535011937140949,-0.04613247,exit_signal,sideways,30.0234692
6,AVAX/USDT,2022-11-01 04:10:00+00:00,2022-11-01 06:10:00+00:00,0.014766336026178545,0.4420806,exit_signal,sideways,29.9085
6,BNB/USDT,2022-11-01 05:40:00+00:00,2022-11-01 17:25:00+00:00,-0.012384309904971063,-0.36855,exit_signal,sideways,29.7297
6,DOGE/USDT,2022-11-01 11:10:00+00:00,2022-11-01 23:35:00+00:00,-0.004364750127461992,-0.131544,exit_signal,sideways,30.1077
6,ZEC/USDT,2022-10-31 13:50:00+00:00,2022-11-02 09:00:00+00:00,-0.045225960480197766,-1.3630113,exit_signal,sideways,30.1077
6,XRP/USDT,2022-11-02 00:10:00+00:00,2022-11-02 17:00:00+00:00,-0.004159583106951528,-0.12457152,exit_signal,sideways,29.91816
6,LINK/USDT,2022-11-02 15:55:00+00:00,2022-11-02 18:00:00+00:00,0.020052990939395932,0.57761308,roi,sideways,28.77556
6,UNI/USDT,2022-11-01 21:30:00+00:00,2022-11-02 18:05:00+00:00,-0.013133310204439912,-0.391179,exit_signal,sideways,29.7555
6,AVAX/USDT,2022-11-02 20:25:00+00:00,2022-11-02 21:55:00+00:00,0.019747454380481904,0.5826106,roi,sideways,29.4736
6,ADA/USDT,2022-11-02 20:15:00+00:00,2022-11-03 00:35:00+00:00,0.006531929608852686,0.1928718,exit_signal,sideways,29.49804
6,XRP/USDT,2022-11-02 20:25:00+00:00,2022-11-03 00:45:00+00:00,0.01994595039243906,0.58910056,roi,sideways,29.50534
6,BTC/USDT,2022-11-03 11:20:00+00:00,2022-11-04 00:25:00+00:00,0.001604782787910955,0.04809572,exit_signal,sideways,29.9402964
6,AVAX/USDT,2022-11-03 11:20:00+00:00,2022-11-04 03:40:00+00:00,-0.005252356339312861,-0.1567188,exit_signal,sideways,29.808
6,ZEC/USDT,2022-11-03 08:10:00+00:00,2022-11-04 06:25:00+00:00,0.01948540696094512,0.5840662,roi,sideways,29.9446
6,ZEC/USDT,2022-11-04 12:10:00+00:00,2022-11-04 12:35:00+00:00,0.019318545532137764,0.5826015,roi,sideways,30.1275
6,BTC/USDT,2022-11-04 12:10:00+00:00,2022-11-04 12:40:00+00:00,0.008791764432162837,0.26505754,exit_signal,sideways,30.1182714
6,TRX/USDT,2022-11-04 12:00:00+00:00,2022-11-04 14:30:00+00:00,0.011911990505248672,0.35926878,exit_signal,sideways,30.130134
6,NEAR/USDT,2022-11-04 16:05:00+00:00,2022-11-04 18:35:00+00:00,0.020012123981878235,0.6103872,roi,sideways,30.4704
6,XRP/USDT,2022-11-04 16:05:00+00:00,2022-11-04 21:35:00+00:00,0.020066320578091306,0.6132625,roi,sideways,30.53125
6,BTC/USDT,2022-11-05 08:15:00+00:00,2022-11-05 11:10:00+00:00,0.0011492005646127925,0.03557107,exit_signal,sideways,30.9219605
6,TRX/USDT,2022-11-05 08:15:00+00:00,2022-11-05 11:45:00+00:00,0.002055747591290982,0.0636471,exit_signal,sideways,30.929632
6,SOL/USDT,2022-11-05 13:30:00+00:00,2022-11-05 15:15:00+00:00,0.019961509249291534,0.61838336,roi,sideways,30.94784
6,SOL/USDT,2022-11-05 18:45:00+00:00,2022-11-05 19:50:00+00:00,0.020118385769355297,0.627401,roi,sideways,31.1543
6,ETH/USDT,2022-11-05 08:20:00+00:00,2022-11-06 08:40:00+00:00,-0.010649811154767784,-0.32920642,exit_signal,sideways,30.881068
6,BTC/USDT,2022-11-05 13:30:00+00:00,2022-11-06 08:45:00+00:00,-0.0012874985488381364,-0.03971485,exit_signal,sideways,30.8157045
6,LINK/USDT,2022-11-05 21:35:00+00:00,2022-11-07 08:00:00+00:00,-0.10175270364465715,-3.19040547,stop_loss,sideways,31.32318
6,UNI/USDT,2022-11-07 14:50:00+00:00,2022-11-07 15:15:00+00:00,0.020619607021873314,0.5814228,roi,sideways,28.1694
6,ETH/USDT,2022-11-06 11:35:00+00:00,2022-11-07 19:35:00+00:00,-0.008149645284411077,-0.25389652,exit_signal,sideways,31.12318
6,TRX/USDT,2022-11-06 14:00:00+00:00,2022-11-07 19:55:00+00:00,-0.026203274273672948,-0.81975217,exit_signal,sideways,31.253088
6,SOL/USDT,2022-11-07 21:25:00+00:00,2022-11-07 22:25:00+00:00,-0.10167242964974534,-3.05587326,stop_loss,sideways,30.02604
6,NEAR/USDT,2022-11-07 21:35:00+00:00,2022-11-08 05:20:00+00:00,-0.10160416382062526,-3.0444808,stop_loss,sideways,29.9342
6,LINK/USDT,2022-11-08 14:40:00+00:00,2022-11-08 14:50:00+00:00,0.01997657186897844,0.53931531,roi,bear_high_vol,26.97042
6,XRP/USDT,2022-11-07 19:00:00+00:00,2022-11-08 16:10:00+00:00,-0.03905569462547696,-1.12483572,exit_signal,sideways,28.77204
6,BTC/USDT,2022-11-07 22:25:00+00:00,2022-11-08 16:10:00+00:00,-0.017727712053778467,-0.50250851,exit_signal,sideways,28.3176138
6,SOL/USDT,2022-11-08 18:00:00+00:00,2022-11-08 18:00:00+00:00,0.019918904624786977,0.5516574,roi,bear_high_vol,27.6675
6,LINK/USDT,2022-11-08 18:00:00+00:00,2022-11-08 19:20:00+00:00,-0.10168957901452762,-2.81131808,stop_loss,bear_high_vol,27.61846
6,AAVE/USDT,2022-11-08 18:00:00+00:00,2022-11-08 19:25:00+00:00,-0.10154932349446065,-2.8288828,stop_loss,bear_high_vol,27.8294
6,BNB/USDT,2022-11-08 19:25:00+00:00,2022-11-08 19:30:00+00:00,0.019872489740359545,0.4814628,roi,bear_high_vol,24.2034
6,ADA/USDT,2022-11-08 19:25:00+00:00,2022-11-08 19:35:00+00:00,0.019981969521975097,0.51944828,roi,bear_high_vol,25.96988
6,UNI/USDT,2022-11-08 19:30:00+00:00,2022-11-08 19:35:00+00:00,0.020371008302042783,0.5050129,roi,bear_high_vol,24.766
6,TRX/USDT,2022-11-08 18:00:00+00:00,2022-11-09 05:00:00+00:00,-0.017818376987037882,-0.4935251,exit_signal,bear_high_vol,27.669864
6,DOGE/USDT,2022-11-09 16:25:00+00:00,2022-11-09 16:40:00+00:00,0.019978569524849013,0.52561584,roi,bear_high_vol,26.2827
6,TRX/USDT,2022-11-09 10:15:00+00:00,2022-11-09 23:00:00+00:00,-0.10171369697195268,-2.68023876,stop_loss,bear_high_vol,26.32449
6,SOL/USDT,2022-11-10 08:15:00+00:00,2022-11-10 08:30:00+00:00,0.01978936556401345,0.50716587,roi,bear_high_vol,25.6026
6,XRP/USDT,2022-11-10 08:20:00+00:00,2022-11-10 08:40:00+00:00,0.02009282395945327,0.51468411,roi,bear_high_vol,25.58973
6,SOL/USDT,2022-11-10 08:45:00+00:00,2022-11-10 08:45:00+00:00,0.020163404323285894,0.5235456,roi,bear_high_vol,25.9392
6,BNB/USDT,2022-11-10 08:25:00+00:00,2022-11-10 08:50:00+00:00,0.02006728320610162,0.5098732,roi,bear_high_vol,25.3828
6,SOL/USDT,2022-11-10 08:50:00+00:00,2022-11-10 08:50:00+00:00,0.02013064540780727,0.52973952,roi,bear_high_vol,26.28879
6,TRX/USDT,2022-11-10 11:15:00+00:00,2022-11-10 11:40:00+00:00,0.019998034752133114,0.52971318,roi,bear_high_vol,26.4618
6,ETH/USDT,2022-11-10 17:40:00+00:00,2022-11-10 18:10:00+00:00,0.019998063680431596,0.53084857,roi,bear_high_vol,26.51848
6,LINK/USDT,2022-11-10 17:45:00+00:00,2022-11-10 18:10:00+00:00,0.020056504658728783,0.53369643,roi,bear_high_vol,26.58306
6,ADA/USDT,2022-11-10 17:40:00+00:00,2022-11-10 20:50:00+00:00,0.0198904371586215,0.52998863,roi,bear_high_vol,26.61878
6,XRP/USDT,2022-11-11 02:15:00+00:00,2022-11-11 05:25:00+00:00,0.020115468809744727,0.54655144,roi,bear_high_vol,27.14356
6,ETH/USDT,2022-11-11 02:15:00+00:00,2022-11-11 05:50:00+00:00,0.013913229125538577,0.37722672,exit_signal,bear_high_vol,27.085723
6,DOGE/USDT,2022-11-11 14:05:00+00:00,2022-11-11 22:30:00+00:00,-0.018232323557074874,-0.50060271,exit_signal,bear_high_vol,27.42945
6,LINK/USDT,2022-11-11 14:05:00+00:00,2022-11-11 23:05:00+00:00,0.0011588698864040342,0.0318686,exit_signal,bear_high_vol,27.47225
6,ETH/USDT,2022-11-12 03:25:00+00:00,2022-11-12 14:45:00+00:00,0.02000202616070277,0.54575652,roi,bear_high_vol,27.257804
6,LINK/USDT,2022-11-12 03:10:00+00:00,2022-11-13 03:00:00+00:00,-0.047570902992589745,-1.29976434,exit_signal,bear_high_vol,27.29538
6,BTC/USDT,2022-11-11 02:00:00+00:00,2022-11-13 11:35:00+00:00,-0.033666221583963936,-0.91369359,exit_signal,bear_high_vol,27.1126597
6,ZEC/USDT,2022-11-13 05:50:00+00:00,2022-11-13 13:25:00+00:00,-0.004493006993006993,-0.1199933,exit_signal,bear_high_vol,26.68
6,AVAX/USDT,2022-11-13 18:30:00+00:00,2022-11-13 20:00:00+00:00,0.020368348807297803,0.5434898,roi,bear_high_vol,26.6564
6,ZEC/USDT,2022-11-14 00:25:00+00:00,2022-11-14 00:25:00+00:00,0.018902563405181205,0.5088512,roi,bear_high_vol,26.8928
6,ETH/USDT,2022-11-12 21:25:00+00:00,2022-11-14 06:45:00+00:00,-0.03581794058704766,-0.98186873,exit_signal,bear_high_vol,27.385378
6,SOL/USDT,2022-11-14 12:10:00+00:00,2022-11-14 12:30:00+00:00,0.020100613672042245,0.5380279,roi,bear_high_vol,26.74
6,ETH/USDT,2022-11-14 12:05:00+00:00,2022-11-14 13:05:00+00:00,0.019996598688061418,0.53353346,roi,bear_high_vol,26.654556
6,SOL/USDT,2022-11-14 15:30:00+00:00,2022-11-14 18:45:00+00:00,0.0199040169779014,0.53981752,roi,bear_high_vol,27.09394
6,BTC/USDT,2022-11-14 19:45:00+00:00,2022-11-14 23:10:00+00:00,0.0075844183311019045,0.20700454,exit_signal,bear_high_vol,27.2661308
6,NEAR/USDT,2022-11-14 13:55:00+00:00,2022-11-14 23:35:00+00:00,0.015004613352574116,0.4043927,exit_signal,bear_high_vol,26.9243
6,ETH/USDT,2022-11-14 16:20:00+00:00,2022-11-14 23:45:00+00:00,0.012938159677201654,0.3501091,exit_signal,bear_high_vol,27.03316
6,BTC/USDT,2022-11-15 05:45:00+00:00,2022-11-15 07:15:00+00:00,0.008362019205666192,0.23031494,exit_signal,bear_high_vol,27.515466
6,AVAX/USDT,2022-11-15 05:45:00+00:00,2022-11-15 07:20:00+00:00,0.012465795074490726,0.343539,exit_signal,bear_high_vol,27.531
6,BNB/USDT,2022-11-15 05:45:00+00:00,2022-11-15 13:35:00+00:00,0.00483270331973502,0.1329471,exit_signal,bear_high_vol,27.4824
6,SOL/USDT,2022-11-15 15:40:00+00:00,2022-11-15 16:20:00+00:00,0.019789365564013454,0.5513284,roi,bear_high_vol,27.832
6,BTC/USDT,2022-11-15 18:30:00+00:00,2022-11-16 02:35:00+00:00,0.0050270712364593444,0.14082466,exit_signal,bear_high_vol,27.985276
6,DOGE/USDT,2022-11-15 18:25:00+00:00,2022-11-16 03:55:00+00:00,0.008421706792519091,0.23586117,exit_signal,bear_high_vol,27.97836
6,BTC/USDT,2022-11-16 06:30:00+00:00,2022-11-16 18:15:00+00:00,-0.01298344899680307,-0.36509129,exit_signal,bear_high_vol,28.0916545
6,ETH/USDT,2022-11-15 18:30:00+00:00,2022-11-16 23:05:00+00:00,-0.029377318721374026,-0.82108221,exit_signal,bear_high_vol,27.921607
6,AAVE/USDT,2022-11-16 06:30:00+00:00,2022-11-16 23:05:00+00:00,-0.04145771855821279,-1.166297,exit_signal,bear_high_vol,28.1041
6,ETH/USDT,2022-11-17 03:00:00+00:00,2022-11-17 15:20:00+00:00,-0.0007337878391453597,-0.02005004,exit_signal,bear_high_vol,27.296732
6,BTC/USDT,2022-11-17 03:00:00+00:00,2022-11-17 15:25:00+00:00,0.005246163904913413,0.14364047,exit_signal,bear_high_vol,27.352743
6,ADA/USDT,2022-11-17 03:00:00+00:00,2022-11-17 18:00:00+00:00,-0.012875407970775818,-0.3524796,exit_signal,bear_high_vol,27.34884
6,AAVE/USDT,2022-11-17 23:40:00+00:00,2022-11-18 00:30:00+00:00,0.020179820179820177,0.5506722,roi,bear_high_vol,27.261
6,LINK/USDT,2022-11-17 23:35:00+00:00,2022-11-18 00:45:00+00:00,0.01754867383379183,0.4792596,exit_signal,bear_high_vol,27.28302
6,XRP/USDT,2022-11-18 03:55:00+00:00,2022-11-18 08:45:00+00:00,0.00799516688844752,0.22110816,exit_signal,bear,27.6276
6,XRP/USDT,2022-11-18 14:35:00+00:00,2022-11-18 20:05:00+00:00,0.006947968983297219,0.192574,exit_signal,bear,27.6889
6,BTC/USDT,2022-11-18 04:15:00+00:00,2022-11-19 08:55:00+00:00,-0.010118762572058904,-0.27898539,exit_signal,bear,27.543554
6,ZEC/USDT,2022-11-17 20:40:00+00:00,2022-11-19 09:50:00+00:00,-0.02205834366638387,-0.601978,exit_signal,bear_high_vol,27.263
6,XRP/USDT,2022-11-19 00:25:00+00:00,2022-11-19 15:40:00+00:00,0.007494223082069845,0.20812802,exit_signal,bear,27.74405
6,BTC/USDT,2022-11-19 17:35:00+00:00,2022-11-19 21:35:00+00:00,0.001671288756802397,0.04585078,exit_signal,bear,27.4069785
6,UNI/USDT,2022-11-19 20:20:00+00:00,2022-11-19 22:30:00+00:00,0.010236698502898153,0.2820182,exit_signal,bear,27.5222
6,SOL/USDT,2022-11-20 00:20:00+00:00,2022-11-20 04:00:00+00:00,0.013693853316494827,0.37888428,exit_signal,bear,27.64056
6,NEAR/USDT,2022-11-20 00:15:00+00:00,2022-11-20 04:05:00+00:00,0.010708041958041958,0.296352,exit_signal,bear,27.648
6,DOGE/USDT,2022-11-20 08:20:00+00:00,2022-11-21 00:05:00+00:00,-0.10171569307036415,-2.83626952,stop_loss,bear,27.85643
6,XRP/USDT,2022-11-20 08:10:00+00:00,2022-11-21 02:55:00+00:00,-0.10177242029476594,-2.839356,stop_loss,bear,27.8712
6,ADA/USDT,2022-11-20 08:40:00+00:00,2022-11-21 13:10:00+00:00,-0.05579535319198413,-1.55547962,exit_signal,bear,27.85045
6,BNB/USDT,2022-11-21 16:20:00+00:00,2022-11-22 01:05:00+00:00,-0.008170414819042572,-0.2073484,exit_signal,bear,25.3526
6,XRP/USDT,2022-11-22 01:50:00+00:00,2022-11-22 10:20:00+00:00,0.010019384144279133,0.25392835,exit_signal,bear,25.31839
6,ZEC/USDT,2022-11-21 16:20:00+00:00,2022-11-22 12:25:00+00:00,0.0006214258182762121,0.0158316,exit_signal,bear,25.4508
6,ETH/USDT,2022-11-21 16:20:00+00:00,2022-11-22 13:10:00+00:00,-0.010821816409818146,-0.27599491,exit_signal,bear,25.478088
6,ADA/USDT,2022-11-22 17:35:00+00:00,2022-11-22 22:55:00+00:00,0.006685869721641554,0.17008173,exit_signal,bear,25.41357
6,XRP/USDT,2022-11-23 01:20:00+00:00,2022-11-23 02:30:00+00:00,0.013894607416874625,0.35401797,exit_signal,bear,25.45335
6,TRX/USDT,2022-11-23 09:45:00+00:00,2022-11-23 18:30:00+00:00,0.0013273670670746398,0.03399668,exit_signal,bear,25.58653
6,LINK/USDT,2022-11-23 12:55:00+00:00,2022-11-23 18:50:00+00:00,0.015934846403596405,0.40731915,exit_signal,bear,25.536
6,DOGE/USDT,2022-11-23 12:45:00+00:00,2022-11-23 19:05:00+00:00,0.0070286546559623,0.18000845,exit_signal,bear,25.58507
6,BTC/USDT,2022-11-24 08:05:00+00:00,2022-11-24 16:15:00+00:00,0.0003349791662029794,0.00862874,exit_signal,bear,25.7333015
6,DOGE/USDT,2022-11-24 08:05:00+00:00,2022-11-25 01:25:00+00:00,0.01142912860133995,0.2946447,exit_signal,bear,25.7544
6,XRP/USDT,2022-11-25 01:25:00+00:00,2022-11-25 06:15:00+00:00,0.02006709935553646,0.52010294,roi,bear,25.8923
6,AVAX/USDT,2022-11-24 08:00:00+00:00,2022-11-25 06:55:00+00:00,-0.030925596142987444,-0.7954464,exit_signal,bear,25.6956
6,TRX/USDT,2022-11-25 00:10:00+00:00,2022-11-25 10:05:00+00:00,0.005582719442225101,0.14413834,exit_signal,bear,25.792868
6,SOL/USDT,2022-11-25 14:25:00+00:00,2022-11-25 20:00:00+00:00,0.010077467016968796,0.26064147,exit_signal,bear,25.83795
6,XRP/USDT,2022-11-26 00:25:00+00:00,2022-11-26 02:35:00+00:00,0.019976806963447242,0.51810107,roi,bear,25.90922
6,DOGE/USDT,2022-11-26 04:10:00+00:00,2022-11-26 14:40:00+00:00,0.019981544839809122,0.52100936,roi,bear,26.04848
6,NEAR/USDT,2022-11-26 06:15:00+00:00,2022-11-27 02:10:00+00:00,-0.016532011677642747,-0.4308976,exit_signal,bear,26.0384
6,BTC/USDT,2022-11-26 06:15:00+00:00,2022-11-27 04:35:00+00:00,-0.0018697390565873475,-0.04869953,exit_signal,bear,26.0201438
6,ADA/USDT,2022-11-26 14:55:00+00:00,2022-11-27 04:35:00+00:00,-0.00294337806178665,-0.07735399,exit_signal,bear,26.25443
6,AAVE/USDT,2022-11-27 06:00:00+00:00,2022-11-27 10:25:00+00:00,-0.006842671891215581,-0.1786326,exit_signal,bear,26.0796
6,DOGE/USDT,2022-11-27 14:55:00+00:00,2022-11-27 15:55:00+00:00,0.01998268398268398,0.52049439,roi,bear,26.02125
6,BNB/USDT,2022-11-27 05:15:00+00:00,2022-11-27 20:15:00+00:00,-8.306372233458898e-05,-0.002158,exit_signal,bear,25.9541
6,BTC/USDT,2022-11-27 23:05:00+00:00,2022-11-28 08:40:00+00:00,-0.015473169375595534,-0.40571458,exit_signal,bear,26.1943278
6,LINK/USDT,2022-11-27 04:55:00+00:00,2022-11-28 08:50:00+00:00,-0.048507921051435934,-1.26605256,exit_signal,bear,26.07384
6,LINK/USDT,2022-11-28 15:25:00+00:00,2022-11-28 16:40:00+00:00,0.020044125401534746,0.513599,roi,bear,25.59782
6,XRP/USDT,2022-11-27 17:25:00+00:00,2022-11-28 17:05:00+00:00,-0.03743593240967585,-0.9815568,exit_signal,bear,26.19345
6,BTC/USDT,2022-11-29 00:15:00+00:00,2022-11-29 01:50:00+00:00,0.005408667172875785,0.13727983,exit_signal,bear,25.3560966
6,ETH/USDT,2022-11-29 00:15:00+00:00,2022-11-29 01:50:00+00:00,0.0122640788963103,0.31229838,exit_signal,bear,25.43904
6,AVAX/USDT,2022-11-29 00:15:00+00:00,2022-11-29 08:45:00+00:00,0.01980301252145912,0.5047206,roi,bear,25.4616
6,BTC/USDT,2022-11-29 13:35:00+00:00,2022-11-29 21:00:00+00:00,0.0011878114884585412,0.03069509,exit_signal,bear,25.8159025
6,AAVE/USDT,2022-11-29 13:20:00+00:00,2022-11-30 00:40:00+00:00,0.015823462252033682,0.4088183,exit_signal,bear,25.8104
6,TRX/USDT,2022-11-29 13:05:00+00:00,2022-11-30 00:45:00+00:00,0.0039546661784171456,0.10219726,exit_signal,bear,25.81638
6,BNB/USDT,2022-11-30 03:50:00+00:00,2022-11-30 08:15:00+00:00,0.012757403886436144,0.3306348,exit_signal,bear,25.8912
6,LINK/USDT,2022-11-30 03:55:00+00:00,2022-11-30 19:05:00+00:00,0.0166952034624855,0.4340665,exit_signal,bear,25.9735
6,SOL/USDT,2022-11-30 03:55:00+00:00,2022-11-30 19:20:00+00:00,0.02013064540780727,0.52374144,roi,bear,25.99113
6,XRP/USDT,2022-11-30 09:30:00+00:00,2022-11-30 19:20:00+00:00,0.014260175914311252,0.3724857,exit_signal,bear,26.0946
6,BNB/USDT,2022-12-01 00:35:00+00:00,2022-12-01 10:45:00+00:00,0.008401346552607056,0.2226691,exit_signal,bear,26.4775
6,AAVE/USDT,2022-12-01 00:40:00+00:00,2022-12-01 12:45:00+00:00,-0.003542896731751221,-0.093931,exit_signal,bear,26.486
6,NEAR/USDT,2022-12-01 21:05:00+00:00,2022-12-01 22:25:00+00:00,0.016222293607452618,0.4301388,exit_signal,bear,26.4888
6,NEAR/USDT,2022-12-02 04:15:00+00:00,2022-12-02 04:25:00+00:00,0.02006370592758027,0.535122,roi,bear,26.6445
6,AVAX/USDT,2022-12-02 13:25:00+00:00,2022-12-02 19:45:00+00:00,0.020196827712165136,0.5430778,roi,bear,26.8624
6,XRP/USDT,2022-12-01 01:25:00+00:00,2022-12-02 22:00:00+00:00,-0.026731632679588068,-0.7093629,exit_signal,bear,26.50995
6,BNB/USDT,2022-12-01 12:30:00+00:00,2022-12-02 22:30:00+00:00,-0.017807268565610327,-0.4706943,exit_signal,bear,26.4063
6,AAVE/USDT,2022-12-02 22:25:00+00:00,2022-12-03 00:05:00+00:00,0.013308777112458094,0.3569946,exit_signal,bear,26.7972
6,AVAX/USDT,2022-12-03 04:05:00+00:00,2022-12-03 09:55:00+00:00,0.0009678286052728846,0.0259496,exit_signal,bear,26.7854
6,TRX/USDT,2022-12-03 01:40:00+00:00,2022-12-04 00:20:00+00:00,-0.00568474761436466,-0.15256122,exit_signal,bear,26.810128
6,ZEC/USDT,2022-12-03 20:45:00+00:00,2022-12-04 00:50:00+00:00,0.00018104166575782295,0.0048555,exit_signal,bear,26.793
6,AAVE/USDT,2022-12-03 04:15:00+00:00,2022-12-04 01:25:00+00:00,-0.01896557847098805,-0.5085162,exit_signal,bear,26.7858
6,BTC/USDT,2022-12-04 11:25:00+00:00,2022-12-04 14:55:00+00:00,0.0005937064281521925,0.01572255,exit_signal,bear,26.455572
6,TRX/USDT,2022-12-04 05:00:00+00:00,2022-12-04 15:45:00+00:00,-0.007765724096008265,-0.20677542,exit_signal,bear,26.600076
6,NEAR/USDT,2022-12-04 10:15:00+00:00,2022-12-04 18:05:00+00:00,0.00629892672648017,0.1667026,exit_signal,bear,26.4388
6,LINK/USDT,2022-12-04 21:35:00+00:00,2022-12-05 00:30:00+00:00,0.020040755318836014,0.53274092,roi,bear,26.55632
6,SOL/USDT,2022-12-05 04:10:00+00:00,2022-12-05 08:25:00+00:00,0.012392798261579803,0.3320758,exit_signal,bear,26.7691
6,XRP/USDT,2022-12-04 22:15:00+00:00,2022-12-05 21:45:00+00:00,0.0010814590398030872,0.0287543,exit_signal,bear,26.56187
6,ETH/USDT,2022-12-05 12:20:00+00:00,2022-12-06 01:10:00+00:00,-0.0181937029337701,-0.48832826,exit_signal,bear,26.813696
6,AAVE/USDT,2022-12-06 03:55:00+00:00,2022-12-06 23:05:00+00:00,-0.012879643720765216,-0.3443232,exit_signal,bear,26.7072
6,UNI/USDT,2022-12-05 07:15:00+00:00,2022-12-06 23:15:00+00:00,-0.030377205732655968,-0.8122656,exit_signal,bear,26.7126
6,NEAR/USDT,2022-12-06 23:00:00+00:00,2022-12-06 23:55:00+00:00,0.01506186121570737,0.402192,exit_signal,bear,26.676
6,ETH/USDT,2022-12-07 03:30:00+00:00,2022-12-07 13:35:00+00:00,-0.02280224932978464,-0.60404673,exit_signal,bear,26.4642
6,XRP/USDT,2022-12-07 02:15:00+00:00,2022-12-08 00:20:00+00:00,-0.009722475666748113,-0.25764126,exit_signal,bear,26.47308
6,BNB/USDT,2022-12-07 03:30:00+00:00,2022-12-08 07:25:00+00:00,-0.015484515484515484,-0.4070703,exit_signal,bear,26.2626
6,LINK/USDT,2022-12-08 01:00:00+00:00,2022-12-08 07:40:00+00:00,0.011334085761566677,0.2967744,exit_signal,bear,26.15808
6,UNI/USDT,2022-12-08 01:35:00+00:00,2022-12-08 10:20:00+00:00,0.009782797303876562,0.2560887,exit_signal,bear,26.1513
6,XRP/USDT,2022-12-08 08:35:00+00:00,2022-12-08 15:00:00+00:00,0.008630071227473826,0.22582861,exit_signal,bear,26.1415
6,AAVE/USDT,2022-12-08 09:45:00+00:00,2022-12-08 15:40:00+00:00,0.01934085651190914,0.506153,roi,bear,26.144
6,NEAR/USDT,2022-12-08 11:20:00+00:00,2022-12-08 18:35:00+00:00,0.014795300852993161,0.3869108,exit_signal,bear,26.1248
6,SOL/USDT,2022-12-08 21:15:00+00:00,2022-12-09 07:30:00+00:00,0.004591886470096301,0.1222928,exit_signal,bear,26.60576
6,LINK/USDT,2022-12-09 00:30:00+00:00,2022-12-09 07:30:00+00:00,0.010058975972969932,0.2674382,exit_signal,bear,26.56046
6,ETH/USDT,2022-12-09 00:30:00+00:00,2022-12-09 10:05:00+00:00,0.008749880704005088,0.23209306,exit_signal,bear,26.498784
6,UNI/USDT,2022-12-09 13:35:00+00:00,2022-12-09 15:50:00+00:00,0.019925320581058285,0.53411374,roi,bear,26.779
6,UNI/USDT,2022-12-09 18:15:00+00:00,2022-12-10 03:50:00+00:00,0.00937987094338886,0.2530835,exit_signal,bear,26.9546
6,BTC/USDT,2022-12-09 13:40:00+00:00,2022-12-10 15:45:00+00:00,0.0021969381598459185,0.05878077,exit_signal,bear,26.72904
6,SOL/USDT,2022-12-09 13:35:00+00:00,2022-12-10 16:15:00+00:00,-0.004905509639668416,-0.13167126,exit_signal,bear,26.81469
6,ETH/USDT,2022-12-10 18:00:00+00:00,2022-12-11 04:15:00+00:00,0.0031514925773613147,0.08516762,exit_signal,bear,26.997537
6,UNI/USDT,2022-12-10 07:15:00+00:00,2022-12-11 16:20:00+00:00,-0.02140808947940228,-0.5791236,exit_signal,bear,27.0246
6,ZEC/USDT,2022-12-10 16:45:00+00:00,2022-12-12 05:25:00+00:00,-0.03250461329063949,-0.879218,exit_signal,bear,27.022
6,AVAX/USDT,2022-12-11 20:05:00+00:00,2022-12-12 09:10:00+00:00,-0.04817421384585564,-1.2858982,exit_signal,bear,26.666
6,BNB/USDT,2022-12-11 13:15:00+00:00,2022-12-12 10:05:00+00:00,-0.024421137106930405,-0.6577053,exit_signal,bear,26.9049
6,AVAX/USDT,2022-12-13 01:40:00+00:00,2022-12-13 10:05:00+00:00,-0.006632686199249667,-0.17156,exit_signal,bear,25.84
6,XRP/USDT,2022-12-13 02:00:00+00:00,2022-12-13 10:30:00+00:00,0.0047769462913066045,0.12398578,exit_signal,bear,25.9291
6,SOL/USDT,2022-12-13 02:00:00+00:00,2022-12-13 11:20:00+00:00,0.0032944328398873853,0.08557998,exit_signal,bear,25.9512
6,DOGE/USDT,2022-12-13 17:20:00+00:00,2022-12-13 21:10:00+00:00,0.0076109149814329105,0.19757367,exit_signal,bear,25.93332
6,ADA/USDT,2022-12-13 17:30:00+00:00,2022-12-14 00:00:00+00:00,0.0069756832762613115,0.18134496,exit_signal,bear,25.97076
6,AAVE/USDT,2022-12-13 17:25:00+00:00,2022-12-14 02:55:00+00:00,0.010942056322931524,0.283836,exit_signal,bear,25.914
6,SOL/USDT,2022-12-14 05:40:00+00:00,2022-12-14 12:40:00+00:00,0.018913889578629463,0.49576076,exit_signal,bear,26.18528
6,ADA/USDT,2022-12-14 04:30:00+00:00,2022-12-14 14:55:00+00:00,0.0008771638093020936,0.02298634,exit_signal,bear,26.17912
6,BNB/USDT,2022-12-14 13:05:00+00:00,2022-12-15 09:20:00+00:00,-0.013078705158645941,-0.3431278,exit_signal,bear,26.2094
6,XRP/USDT,2022-12-14 02:15:00+00:00,2022-12-15 15:15:00+00:00,-0.024442207422018306,-0.63761508,exit_signal,bear,26.06058
6,AAVE/USDT,2022-12-15 10:50:00+00:00,2022-12-16 07:10:00+00:00,-0.016508531855866267,-0.4337096,exit_signal,bear,26.2456
6,NEAR/USDT,2022-12-14 18:05:00+00:00,2022-12-16 07:45:00+00:00,-0.05825648221420388,-1.529374,exit_signal,bear,26.2262
6,XRP/USDT,2022-12-15 18:05:00+00:00,2022-12-16 19:15:00+00:00,-0.04549254232297022,-1.16719539,exit_signal,bear,25.63122
6,BTC/USDT,2022-12-16 08:55:00+00:00,2022-12-16 20:30:00+00:00,-0.018770390435222804,-0.47593186,exit_signal,bear,25.3301286
6,ETH/USDT,2022-12-16 08:55:00+00:00,2022-12-16 20:30:00+00:00,-0.033726412441362,-0.84715812,exit_signal,bear,25.093443
6,UNI/USDT,2022-12-17 17:40:00+00:00,2022-12-17 22:50:00+00:00,0.00792770749610682,0.19495229,exit_signal,bear,24.56669
6,LINK/USDT,2022-12-17 17:30:00+00:00,2022-12-18 04:10:00+00:00,0.014826037078228584,0.36446904,exit_signal,bear,24.55848
6,TRX/USDT,2022-12-18 05:45:00+00:00,2022-12-18 10:50:00+00:00,-0.008763497202223238,-0.21713126,exit_signal,bear,24.75203
6,NEAR/USDT,2022-12-18 06:30:00+00:00,2022-12-18 18:05:00+00:00,-0.00708614037091823,-0.175302,exit_signal,bear,24.714
6,ETH/USDT,2022-12-18 06:45:00+00:00,2022-12-18 18:05:00+00:00,0.001021620176292635,0.025289,exit_signal,bear,24.729089
6,LINK/USDT,2022-12-19 02:40:00+00:00,2022-12-19 08:25:00+00:00,0.005584319445538422,0.13740235,exit_signal,bear,24.58045
6,NEAR/USDT,2022-12-19 02:40:00+00:00,2022-12-19 09:55:00+00:00,-0.010816870905236147,-0.2661424,exit_signal,bear,24.5798
6,DOGE/USDT,2022-12-19 02:40:00+00:00,2022-12-19 22:30:00+00:00,-0.1017982017982018,-2.50519112,stop_loss,bear,24.5848
6,TRX/USDT,2022-12-19 16:40:00+00:00,2022-12-20 01:35:00+00:00,0.006753134884144323,0.16620077,exit_signal,bear,24.58632
6,AAVE/USDT,2022-12-19 16:30:00+00:00,2022-12-20 02:00:00+00:00,-0.005620513787482934,-0.13826,exit_signal,bear,24.5746
6,DOGE/USDT,2022-12-20 08:25:00+00:00,2022-12-20 15:30:00+00:00,0.020053553603777273,0.47682726,roi,bear,23.75394
6,LINK/USDT,2022-12-20 17:40:00+00:00,2022-12-21 00:00:00+00:00,0.0030053502647085536,0.07182798,force_exit,bear,23.87616
6,SOL/USDT,2022-12-20 17:20:00+00:00,2022-12-21 00:00:00+00:00,0.004557019335344459,0.10911984,force_exit,bear,23.92152
7,UNI/USDT,2022-12-21 02:05:00+00:00,2022-12-21 06:25:00+00:00,8.195669430985839e-05,0.00270625,exit_signal,sideways,32.9875
7,XRP/USDT,2022-12-21 01:50:00+00:00,2022-12-21 21:35:00+00:00,-0.005169007768661148,-0.17071089,exit_signal,sideways,32.99286
7,NEAR/USDT,2022-12-21 02:00:00+00:00,2022-12-21 23:15:00+00:00,-0.02006138657722368,-0.6603744,exit_signal,sideways,32.8848
7,XRP/USDT,2022-12-22 01:55:00+00:00,2022-12-22 09:30:00+00:00,0.008185691859161248,0.2681217,exit_signal,sideways,32.7222
7,UNI/USDT,2022-12-22 13:20:00+00:00,2022-12-22 20:20:00+00:00,-0.01973187493036264,-0.6478132,exit_signal,sideways,32.798
7,ZEC/USDT,2022-12-21 16:45:00+00:00,2022-12-22 20:25:00+00:00,-0.06805959997449358,-2.247804,exit_signal,sideways,32.994
7,NEAR/USDT,2022-12-22 05:10:00+00:00,2022-12-22 20:25:00+00:00,-0.004290502759109191,-0.1391032,exit_signal,sideways,32.3888
7,ETH/USDT,2022-12-23 08:10:00+00:00,2022-12-23 10:35:00+00:00,0.004034103243183109,0.12833996,exit_signal,sideways,31.78197
7,XRP/USDT,2022-12-23 21:05:00+00:00,2022-12-23 21:40:00+00:00,0.010242182233055024,0.3263806,exit_signal,sideways,31.83448
7,TRX/USDT,2022-12-23 04:55:00+00:00,2022-12-24 03:30:00+00:00,-0.018266826328136018,-0.58168542,exit_signal,sideways,31.812002
7,UNI/USDT,2022-12-23 05:35:00+00:00,2022-12-24 04:20:00+00:00,-0.01194237234846372,-0.3802383,exit_signal,sideways,31.80762
7,ADA/USDT,2022-12-24 05:25:00+00:00,2022-12-24 12:45:00+00:00,-0.00431176242613646,-0.1364974,exit_signal,sideways,31.62536
7,DOGE/USDT,2022-12-24 05:25:00+00:00,2022-12-24 17:50:00+00:00,0.010723667591513586,0.33918186,exit_signal,sideways,31.59768
7,UNI/USDT,2022-12-24 20:40:00+00:00,2022-12-25 00:30:00+00:00,-0.0002766493759211276,-0.00877115,exit_signal,sideways,31.67326
7,NEAR/USDT,2022-12-24 21:40:00+00:00,2022-12-25 21:25:00+00:00,-0.004244068010009495,-0.1342131,exit_signal,sideways,31.5921
7,ETH/USDT,2022-12-25 04:40:00+00:00,2022-12-25 21:25:00+00:00,-0.0068431089170627145,-0.2171754,exit_signal,sideways,31.70466
7,AVAX/USDT,2022-12-24 05:25:00+00:00,2022-12-25 21:45:00+00:00,-0.008804494737998575,-0.2780922,exit_signal,sideways,31.5537
7,BTC/USDT,2022-12-26 07:10:00+00:00,2022-12-26 19:20:00+00:00,-0.0012341812052967186,-0.03890877,exit_signal,sideways,31.4944839
7,SOL/USDT,2022-12-26 06:15:00+00:00,2022-12-26 21:25:00+00:00,-0.004647564824555975,-0.14651259,exit_signal,sideways,31.4931
7,ZEC/USDT,2022-12-26 08:05:00+00:00,2022-12-26 23:35:00+00:00,0.0029795640768209347,0.093886,exit_signal,sideways,31.4785
7,XRP/USDT,2022-12-27 03:45:00+00:00,2022-12-27 06:25:00+00:00,0.008279224254732187,0.26054875,exit_signal,sideways,31.43875
7,UNI/USDT,2022-12-26 22:00:00+00:00,2022-12-27 06:35:00+00:00,0.005910401928956239,0.18580877,exit_signal,sideways,31.40618
7,TRX/USDT,2022-12-27 05:25:00+00:00,2022-12-27 10:00:00+00:00,-0.004561206415510622,-0.14367842,exit_signal,sideways,31.468623
7,BNB/USDT,2022-12-27 09:05:00+00:00,2022-12-27 15:25:00+00:00,0.013647243845263647,0.430482,exit_signal,sideways,31.512
7,NEAR/USDT,2022-12-27 12:55:00+00:00,2022-12-27 21:55:00+00:00,-0.008626797556686857,-0.2726333,exit_signal,sideways,31.5715
7,AVAX/USDT,2022-12-27 17:25:00+00:00,2022-12-28 11:45:00+00:00,-0.021751914178764438,-0.6881872,exit_signal,sideways,31.6064
7,ETH/USDT,2022-12-27 08:05:00+00:00,2022-12-28 14:35:00+00:00,-0.01453892411600998,-0.4595437,exit_signal,sideways,31.576244
7,XRP/USDT,2022-12-28 00:00:00+00:00,2022-12-28 14:50:00+00:00,-0.017748781830414482,-0.5615112,exit_signal,sideways,31.605
7,BNB/USDT,2022-12-28 21:35:00+00:00,2022-12-29 00:05:00+00:00,0.008282199876761064,0.2555367,exit_signal,sideways,30.8229
7,NEAR/USDT,2022-12-28 21:10:00+00:00,2022-12-29 00:10:00+00:00,0.004842834241158688,0.150214,exit_signal,sideways,30.9868
7,TRX/USDT,2022-12-29 02:20:00+00:00,2022-12-29 22:40:00+00:00,0.00022637095445416397,0.00706746,exit_signal,sideways,31.189512
7,DOGE/USDT,2022-12-28 21:30:00+00:00,2022-12-29 23:35:00+00:00,0.009460277497130793,0.2939596,exit_signal,sideways,31.042
7,SOL/USDT,2022-12-30 06:00:00+00:00,2022-12-30 12:30:00+00:00,0.02048916748487564,0.64169055,roi,sideways,31.28724
7,ADA/USDT,2022-12-29 19:25:00+00:00,2022-12-30 16:10:00+00:00,-0.0011792965033325985,-0.03680962,exit_signal,sideways,31.18202
7,DOGE/USDT,2022-12-30 22:50:00+00:00,2022-12-31 02:55:00+00:00,0.00812431725264299,0.2556015,exit_signal,sideways,31.42986
7,AVAX/USDT,2022-12-30 22:50:00+00:00,2022-12-31 07:40:00+00:00,0.012773535437735253,0.4022202,exit_signal,sideways,31.4571
7,XRP/USDT,2022-12-31 01:00:00+00:00,2022-12-31 07:40:00+00:00,0.0012194722042318759,0.03844295,exit_signal,sideways,31.49276
7,BTC/USDT,2022-12-31 04:10:00+00:00,2022-12-31 08:45:00+00:00,-0.00035121657145938465,-0.01105551,exit_signal,sideways,31.446311
7,TRX/USDT,2022-12-31 14:35:00+00:00,2023-01-01 01:50:00+00:00,0.003683919228912667,0.11696017,exit_signal,sideways,31.717125
7,UNI/USDT,2023-01-01 03:20:00+00:00,2023-01-01 06:45:00+00:00,0.005808036312533771,0.1843384,exit_signal,sideways,31.7068
7,XRP/USDT,2022-12-31 17:20:00+00:00,2023-01-01 10:00:00+00:00,-0.012229422598491139,-0.38825697,exit_signal,sideways,31.71606
7,ZEC/USDT,2022-12-31 17:25:00+00:00,2023-01-01 16:05:00+00:00,-0.0256972578872315,-0.8150164,exit_signal,sideways,31.6844
7,TRX/USDT,2023-01-01 14:20:00+00:00,2023-01-01 16:05:00+00:00,0.002935365686073121,0.0931163,exit_signal,sideways,31.690524
7,ETH/USDT,2023-01-01 13:40:00+00:00,2023-01-01 17:20:00+00:00,0.002772570191128592,0.0878536,exit_signal,sideways,31.655045
7,BNB/USDT,2023-01-01 23:30:00+00:00,2023-01-02 03:55:00+00:00,-0.0015889847857060973,-0.0500649,exit_signal,sideways,31.476
7,ETH/USDT,2023-01-02 00:30:00+00:00,2023-01-02 03:55:00+00:00,0.0023166198855116824,0.07279618,exit_signal,sideways,31.392054
7,TRX/USDT,2023-01-01 20:10:00+00:00,2023-01-02 07:15:00+00:00,0.001831349847924831,0.05770982,exit_signal,sideways,31.480696
7,ADA/USDT,2023-01-02 13:45:00+00:00,2023-01-02 15:45:00+00:00,0.005891341859721306,0.185754,exit_signal,sideways,31.4985
7,BTC/USDT,2023-01-02 13:40:00+00:00,2023-01-02 22:00:00+00:00,0.0016211069963750035,0.05093866,exit_signal,sideways,31.3907548
7,XRP/USDT,2023-01-02 22:45:00+00:00,2023-01-03 05:45:00+00:00,-0.0062923307329503545,-0.19893042,exit_signal,sideways,31.58316
7,BNB/USDT,2023-01-02 13:45:00+00:00,2023-01-03 06:05:00+00:00,0.000839534145789223,0.0262763,exit_signal,sideways,31.2674
7,UNI/USDT,2023-01-02 22:25:00+00:00,2023-01-03 06:25:00+00:00,0.002443319706438564,0.0771615,exit_signal,sideways,31.54905
7,AVAX/USDT,2023-01-03 08:45:00+00:00,2023-01-03 10:35:00+00:00,0.013190927246433067,0.4159218,exit_signal,sideways,31.4994
7,ETH/USDT,2023-01-03 15:00:00+00:00,2023-01-03 23:10:00+00:00,0.00197645886959172,0.06249749,exit_signal,sideways,31.589352
7,ZEC/USDT,2023-01-03 15:55:00+00:00,2023-01-03 23:40:00+00:00,-0.0019980019980019984,-0.0633612,exit_signal,sideways,31.6806
7,BTC/USDT,2023-01-03 15:00:00+00:00,2023-01-04 01:20:00+00:00,0.0020869464818334283,0.06613452,exit_signal,sideways,31.657952
7,ZEC/USDT,2023-01-04 09:45:00+00:00,2023-01-04 14:50:00+00:00,0.02001674795792443,0.6351975,roi,sideways,31.7016
7,TRX/USDT,2023-01-04 09:40:00+00:00,2023-01-04 17:45:00+00:00,-0.0025402962725336303,-0.08064002,exit_signal,sideways,31.712624
7,XRP/USDT,2023-01-04 15:05:00+00:00,2023-01-04 18:50:00+00:00,0.010993056697424645,0.35111843,exit_signal,sideways,31.90811
7,ADA/USDT,2023-01-04 20:40:00+00:00,2023-01-04 23:45:00+00:00,0.013134704567608282,0.42071692,exit_signal,sideways,31.99894
7,UNI/USDT,2023-01-04 08:30:00+00:00,2023-01-04 23:55:00+00:00,0.0016231953822664997,0.051497,exit_signal,sideways,31.694
7,NEAR/USDT,2023-01-04 19:30:00+00:00,2023-01-05 04:05:00+00:00,0.019865443834516,0.6357572,roi,sideways,31.9712
7,ADA/USDT,2023-01-05 07:30:00+00:00,2023-01-05 19:40:00+00:00,0.01343695911783426,0.43537197,exit_signal,sideways,32.36871
7,AVAX/USDT,2023-01-05 07:25:00+00:00,2023-01-05 19:55:00+00:00,-0.012003034559425538,-0.388314,exit_signal,sideways,32.319
7,AAVE/USDT,2023-01-05 00:50:00+00:00,2023-01-05 20:20:00+00:00,-0.010861252424307487,-0.3495091,exit_signal,sideways,32.1473
7,AAVE/USDT,2023-01-05 23:10:00+00:00,2023-01-06 13:45:00+00:00,-0.009203792597294402,-0.2970528,exit_signal,sideways,32.2428
7,BTC/USDT,2023-01-06 02:05:00+00:00,2023-01-06 19:40:00+00:00,0.004332843555433696,0.13997724,exit_signal,sideways,32.2738176
7,LINK/USDT,2023-01-05 22:40:00+00:00,2023-01-06 19:55:00+00:00,-0.0004230382978410333,-0.01364475,exit_signal,sideways,32.22195
7,ETH/USDT,2023-01-07 04:35:00+00:00,2023-01-07 07:45:00+00:00,-0.0005144065998366759,-0.01654048,exit_signal,sideways,32.122364
7,ZEC/USDT,2023-01-07 03:15:00+00:00,2023-01-07 08:20:00+00:00,0.005286684118800907,0.1703025,exit_signal,sideways,32.1813
7,ADA/USDT,2023-01-07 08:15:00+00:00,2023-01-07 15:55:00+00:00,-0.0023606480728573754,-0.0760851,exit_signal,sideways,32.1984
7,TRX/USDT,2023-01-06 22:00:00+00:00,2023-01-07 23:15:00+00:00,-0.0029581732487254904,-0.0954118,exit_signal,sideways,32.2214
7,NEAR/USDT,2023-01-08 00:05:00+00:00,2023-01-08 04:15:00+00:00,-0.003281605853953121,-0.1057356,exit_signal,sideways,32.1885
7,XRP/USDT,2023-01-08 00:35:00+00:00,2023-01-08 09:35:00+00:00,-0.002581458296161599,-0.0831844,exit_signal,sideways,32.19161
7,ZEC/USDT,2023-01-08 11:15:00+00:00,2023-01-08 14:35:00+00:00,0.01011367273503196,0.325338,exit_signal,sideways,32.136
7,DOGE/USDT,2023-01-07 11:20:00+00:00,2023-01-08 14:45:00+00:00,-0.0011662181407979435,-0.03764992,exit_signal,sideways,32.25152
7,LINK/USDT,2023-01-08 12:00:00+00:00,2023-01-08 14:55:00+00:00,0.005591366808096845,0.17940736,exit_signal,sideways,32.05444
7,SOL/USDT,2023-01-08 17:55:00+00:00,2023-01-08 21:25:00+00:00,0.020097983197614196,0.6498784,roi,sideways,32.3032
7,NEAR/USDT,2023-01-09 06:05:00+00:00,2023-01-09 09:45:00+00:00,0.010536712091736017,0.342119,exit_signal,sideways,32.4368
7,XRP/USDT,2023-01-09 06:50:00+00:00,2023-01-09 13:30:00+00:00,0.014320447194801758,0.46572972,exit_signal,sideways,32.48952
7,BNB/USDT,2023-01-09 13:55:00+00:00,2023-01-09 15:55:00+00:00,0.014575316380370533,0.4768852,exit_signal,sideways,32.686
7,LINK/USDT,2023-01-09 13:50:00+00:00,2023-01-09 16:35:00+00:00,0.020020345727160563,0.65605445,roi,sideways,32.73665
7,ZEC/USDT,2023-01-09 18:40:00+00:00,2023-01-10 08:30:00+00:00,-0.013390718870170924,-0.4444347,exit_signal,sideways,33.1566
7,ADA/USDT,2023-01-09 07:05:00+00:00,2023-01-10 08:35:00+00:00,-0.020149086425288648,-0.65559858,exit_signal,sideways,32.50488
7,AVAX/USDT,2023-01-09 18:45:00+00:00,2023-01-10 15:10:00+00:00,0.01978538841917985,0.6565732,roi,sideways,33.1516
7,DOGE/USDT,2023-01-10 12:35:00+00:00,2023-01-10 19:50:00+00:00,0.014300199997552823,0.4684539,exit_signal,sideways,32.72583
7,AVAX/USDT,2023-01-11 01:30:00+00:00,2023-01-11 18:05:00+00:00,0.009108538520303227,0.301661,exit_signal,sideways,33.0854
7,LINK/USDT,2023-01-10 22:15:00+00:00,2023-01-11 18:10:00+00:00,-0.009953443335580965,-0.33011055,exit_signal,sideways,33.13233
7,NEAR/USDT,2023-01-10 22:40:00+00:00,2023-01-11 18:15:00+00:00,-0.031852762621993394,-1.0549854,exit_signal,sideways,33.0876
7,BTC/USDT,2023-01-12 05:50:00+00:00,2023-01-12 12:55:00+00:00,0.007850569411413601,0.2573113,exit_signal,bear,32.7433887
7,NEAR/USDT,2023-01-12 05:45:00+00:00,2023-01-12 13:50:00+00:00,0.019868333913277737,0.6513784,roi,bear,32.752
7,ETH/USDT,2023-01-12 05:50:00+00:00,2023-01-12 17:30:00+00:00,0.0013998228234923728,0.04594085,exit_signal,bear,32.78626
7,ADA/USDT,2023-01-13 00:45:00+00:00,2023-01-13 04:20:00+00:00,0.011820487205102589,0.39185645,exit_signal,bear,33.1175
7,BTC/USDT,2023-01-13 00:45:00+00:00,2023-01-13 09:50:00+00:00,0.008779117302133566,0.29112179,exit_signal,bear,33.1275855
7,UNI/USDT,2023-01-13 07:30:00+00:00,2023-01-13 09:55:00+00:00,0.009836013788582959,0.32701848,exit_signal,bear,33.21384
7,ETH/USDT,2023-01-13 00:35:00+00:00,2023-01-13 15:25:00+00:00,0.00462780224807107,0.15331377,exit_signal,bear,33.095755
7,TRX/USDT,2023-01-13 12:05:00+00:00,2023-01-13 15:30:00+00:00,0.0020079396146982847,0.06724776,exit_signal,bear,33.45747
7,SOL/USDT,2023-01-13 11:35:00+00:00,2023-01-13 17:20:00+00:00,0.020273453928459962,0.67899646,roi,bear,33.45844
7,SOL/USDT,2023-01-14 09:15:00+00:00,2023-01-14 14:30:00+00:00,0.02017982017982018,0.68175,roi,bear_high_vol,33.75
7,TRX/USDT,2023-01-14 14:45:00+00:00,2023-01-14 23:00:00+00:00,-0.01447302691423288,-0.49232929,exit_signal,bear_high_vol,33.98304
7,BTC/USDT,2023-01-15 00:35:00+00:00,2023-01-15 14:50:00+00:00,0.0049288003214179674,0.16615395,exit_signal,bear_high_vol,33.6771529
7,ADA/USDT,2023-01-14 09:15:00+00:00,2023-01-15 15:00:00+00:00,-0.022199335665739943,-0.75010858,exit_signal,bear_high_vol,33.75593
7,LINK/USDT,2023-01-15 20:00:00+00:00,2023-01-16 01:15:00+00:00,0.012102264184358178,0.407285,exit_signal,bear_high_vol,33.62
7,ZEC/USDT,2023-01-14 09:15:00+00:00,2023-01-16 02:20:00+00:00,-0.025405298326407068,-0.8575513,exit_signal,bear_high_vol,33.7211
7,XRP/USDT,2023-01-15 22:25:00+00:00,2023-01-16 02:20:00+00:00,0.01990172836567821,0.6680376,roi,bear_high_vol,33.53328
7,UNI/USDT,2023-01-16 03:50:00+00:00,2023-01-16 06:00:00+00:00,0.020071586184137655,0.67583133,roi,bear_high_vol,33.63741
7,NEAR/USDT,2023-01-16 07:05:00+00:00,2023-01-16 15:10:00+00:00,-0.10153853085336173,-3.4454154,stop_loss,bear_high_vol,33.8982
7,BNB/USDT,2023-01-16 07:10:00+00:00,2023-01-16 19:00:00+00:00,-0.00957109535136589,-0.3223329,exit_signal,bear_high_vol,33.6441
7,ZEC/USDT,2023-01-16 07:10:00+00:00,2023-01-16 19:15:00+00:00,-0.037640930498073356,-1.277816,exit_signal,bear_high_vol,33.9136
7,XRP/USDT,2023-01-16 21:30:00+00:00,2023-01-17 04:25:00+00:00,-0.00920751075549837,-0.29722368,exit_signal,bear_high_vol,32.24832
7,DOGE/USDT,2023-01-16 23:10:00+00:00,2023-01-17 04:30:00+00:00,0.004820422296150451,0.15539202,exit_signal,bear_high_vol,32.20398
7,UNI/USDT,2023-01-16 23:10:00+00:00,2023-01-17 12:30:00+00:00,0.010068443952741474,0.32465529,exit_signal,bear_high_vol,32.21262
7,AVAX/USDT,2023-01-17 13:10:00+00:00,2023-01-17 14:20:00+00:00,0.013511891575250809,0.4367204,exit_signal,bear_high_vol,32.2889
7,ADA/USDT,2023-01-17 22:35:00+00:00,2023-01-18 02:20:00+00:00,0.004305771747632213,0.13991184,exit_signal,bear_high_vol,32.46156
7,ETH/USDT,2023-01-18 08:20:00+00:00,2023-01-18 13:50:00+00:00,0.010913917576507025,0.35433463,exit_signal,bear_high_vol,32.433876
7,AVAX/USDT,2023-01-17 22:20:00+00:00,2023-01-18 13:55:00+00:00,-0.012939743464844446,-0.4197589,exit_signal,bear_high_vol,32.4071
7,AAVE/USDT,2023-01-17 20:15:00+00:00,2023-01-18 14:10:00+00:00,-0.001998001998001998,-0.0648648,exit_signal,bear_high_vol,32.4324
7,ZEC/USDT,2023-01-18 15:45:00+00:00,2023-01-18 15:55:00+00:00,0.020479520479520476,0.6653562,roi,bear_high_vol,32.4564
7,ETH/USDT,2023-01-18 15:50:00+00:00,2023-01-19 15:20:00+00:00,-0.017251585524247947,-0.56037632,exit_signal,bear_high_vol,32.450148
7,BNB/USDT,2023-01-18 15:45:00+00:00,2023-01-19 19:00:00+00:00,-0.023693697606741084,-0.765882,exit_signal,bear_high_vol,32.292
7,BTC/USDT,2023-01-18 15:55:00+00:00,2023-01-19 19:20:00+00:00,0.006392528291823056,0.20829421,exit_signal,bear_high_vol,32.5514592
7,TRX/USDT,2023-01-20 05:25:00+00:00,2023-01-20 09:40:00+00:00,0.006469491185569744,0.20927155,exit_signal,bear_high_vol,32.315136
7,BTC/USDT,2023-01-19 22:00:00+00:00,2023-01-20 12:30:00+00:00,0.003526522856101614,0.1138011,exit_signal,bear_high_vol,32.237821
7,BNB/USDT,2023-01-20 05:25:00+00:00,2023-01-20 12:50:00+00:00,-0.008496301505211717,-0.272987,exit_signal,bear_high_vol,32.098
7,ZEC/USDT,2023-01-21 05:05:00+00:00,2023-01-21 07:10:00+00:00,0.020825328517636212,0.6738144,roi,bear_high_vol,32.3232
7,XRP/USDT,2023-01-21 03:15:00+00:00,2023-01-21 09:55:00+00:00,0.020097983197614196,0.650151,roi,bear_high_vol,32.31675
7,UNI/USDT,2023-01-21 09:00:00+00:00,2023-01-21 10:15:00+00:00,0.018286591457323163,0.5957469,exit_signal,bear_high_vol,32.5458
7,XRP/USDT,2023-01-21 10:30:00+00:00,2023-01-21 15:20:00+00:00,0.019971371690392224,0.65872375,roi,bear_high_vol,32.95045
7,XRP/USDT,2023-01-21 22:30:00+00:00,2023-01-22 05:20:00+00:00,-0.00761573228533581,-0.25292988,exit_signal,bear_high_vol,33.17832
7,BTC/USDT,2023-01-21 23:00:00+00:00,2023-01-22 06:35:00+00:00,0.006110248291762344,0.2018267,exit_signal,bear_high_vol,32.997853
7,DOGE/USDT,2023-01-21 22:30:00+00:00,2023-01-22 10:55:00+00:00,-0.006948294524716257,-0.2303269,exit_signal,bear_high_vol,33.11558
7,NEAR/USDT,2023-01-22 20:00:00+00:00,2023-01-23 00:45:00+00:00,0.01242994923292321,0.4096728,exit_signal,bear_high_vol,32.9256
7,AAVE/USDT,2023-01-22 19:20:00+00:00,2023-01-23 01:05:00+00:00,-0.004281759430500849,-0.1415988,exit_signal,bear_high_vol,33.0372
7,XRP/USDT,2023-01-22 20:00:00+00:00,2023-01-23 01:05:00+00:00,-0.002490842490842491,-0.08250066,exit_signal,bear_high_vol,33.0885
7,NEAR/USDT,2023-01-23 08:30:00+00:00,2023-01-23 09:35:00+00:00,0.020013857745248054,0.661258,roi,bear_high_vol,33.007
7,SOL/USDT,2023-01-23 08:30:00+00:00,2023-01-23 10:20:00+00:00,0.019805009499980646,0.6569777,roi,bear_high_vol,33.13916
7,BNB/USDT,2023-01-23 07:30:00+00:00,2023-01-23 10:25:00+00:00,0.005891341859721307,0.1951536,exit_signal,bear_high_vol,33.0924
7,ETH/USDT,2023-01-23 13:55:00+00:00,2023-01-23 18:35:00+00:00,0.009001217206141663,0.30207406,exit_signal,bear_high_vol,33.52572
7,TRX/USDT,2023-01-23 12:10:00+00:00,2023-01-23 20:15:00+00:00,0.015765787610447803,0.53105085,exit_signal,bear_high_vol,33.6501
7,BNB/USDT,2023-01-24 00:10:00+00:00,2023-01-24 01:45:00+00:00,0.02001916424043523,0.6755349,roi,bear_high_vol,33.7107
7,DOGE/USDT,2023-01-23 13:55:00+00:00,2023-01-24 02:00:00+00:00,0.020040972118376785,0.67498388,roi,bear_high_vol,33.64655
7,ADA/USDT,2023-01-23 19:45:00+00:00,2023-01-24 05:30:00+00:00,0.019995054663154637,0.67549732,roi,bear_high_vol,33.74947
7,BNB/USDT,2023-01-24 08:15:00+00:00,2023-01-25 05:10:00+00:00,-0.04680239141193931,-1.6152056,exit_signal,bear_high_vol,34.4767
7,ETH/USDT,2023-01-24 09:05:00+00:00,2023-01-25 06:40:00+00:00,-0.047799848280136004,-1.65106999,exit_signal,bear_high_vol,34.506816
7,BTC/USDT,2023-01-24 09:05:00+00:00,2023-01-25 06:55:00+00:00,-0.010409589912860487,-0.35835165,exit_signal,bear_high_vol,34.390755
7,DOGE/USDT,2023-01-25 14:35:00+00:00,2023-01-25 19:40:00+00:00,0.017561310582343087,0.586929,exit_signal,bear_high_vol,33.38832
7,ETH/USDT,2023-01-25 14:35:00+00:00,2023-01-25 20:05:00+00:00,0.019792519177381614,0.66090686,exit_signal,bear_high_vol,33.358392
7,BNB/USDT,2023-01-25 14:40:00+00:00,2023-01-25 20:05:00+00:00,0.014368161958523406,0.4770225,exit_signal,bear_high_vol,33.1668
7,ETH/USDT,2023-01-26 06:30:00+00:00,2023-01-26 12:35:00+00:00,0.0033374770401084436,0.1131306,exit_signal,bear_high_vol,33.863179
7,BTC/USDT,2023-01-26 06:25:00+00:00,2023-01-26 12:40:00+00:00,-0.00033141836993050587,-0.01123744,exit_signal,bear_high_vol,33.8732394
7,BNB/USDT,2023-01-26 04:10:00+00:00,2023-01-26 12:45:00+00:00,0.0012741357003652086,0.043179,exit_signal,bear_high_vol,33.855
7,LINK/USDT,2023-01-27 01:40:00+00:00,2023-01-27 05:50:00+00:00,0.020020953258775606,0.68124482,roi,bear_high_vol,33.9926
7,ZEC/USDT,2023-01-27 01:40:00+00:00,2023-01-27 06:30:00+00:00,0.013322204111677796,0.4530345,exit_signal,bear_high_vol,33.972
7,ADA/USDT,2023-01-27 00:55:00+00:00,2023-01-27 06:55:00+00:00,0.005996673553415877,0.2041184,exit_signal,bear_high_vol,34.0046
7,ADA/USDT,2023-01-27 12:40:00+00:00,2023-01-27 17:10:00+00:00,0.020114695768726733,0.69315575,roi,bear_high_vol,34.42574
7,AVAX/USDT,2023-01-28 06:25:00+00:00,2023-01-28 12:30:00+00:00,0.007233759424606552,0.2498664,exit_signal,bear_high_vol,34.5072
7,TRX/USDT,2023-01-28 04:45:00+00:00,2023-01-28 17:15:00+00:00,0.0064058915633866086,0.22241845,exit_signal,bear_high_vol,34.686234
7,DOGE/USDT,2023-01-28 12:45:00+00:00,2023-01-29 00:50:00+00:00,0.0021805737546373508,0.07580577,exit_signal,bear_high_vol,34.72941
7,AAVE/USDT,2023-01-28 03:05:00+00:00,2023-01-29 00:55:00+00:00,-0.02269389596578537,-0.7867482,exit_signal,bear_high_vol,34.6332
7,AVAX/USDT,2023-01-28 20:45:00+00:00,2023-01-29 01:20:00+00:00,0.00915015048089356,0.3187171,exit_signal,bear_high_vol,34.7971
7,LINK/USDT,2023-01-29 12:40:00+00:00,2023-01-29 17:10:00+00:00,0.01994959009028125,0.69297378,roi,bear_high_vol,34.70154
7,AVAX/USDT,2023-01-30 02:05:00+00:00,2023-01-30 08:15:00+00:00,0.019941465471509438,0.694637,roi,bear_high_vol,34.799
7,SOL/USDT,2023-01-30 01:20:00+00:00,2023-01-30 14:50:00+00:00,-0.043516747638054014,-1.52146246,exit_signal,bear_high_vol,34.92776
7,NEAR/USDT,2023-01-30 01:20:00+00:00,2023-01-30 19:10:00+00:00,-0.10164066399267661,-3.5320655,stop_loss,bear_high_vol,34.7158
7,DOGE/USDT,2023-01-30 22:30:00+00:00,2023-01-30 23:15:00+00:00,0.020040628827239705,0.67142178,roi,bear_high_vol,33.46956
7,TRX/USDT,2023-01-30 19:15:00+00:00,2023-01-31 04:05:00+00:00,0.008772960227490788,0.29417373,exit_signal,bear_high_vol,33.498368
7,LINK/USDT,2023-01-31 06:00:00+00:00,2023-01-31 07:50:00+00:00,0.01490015050072937,0.50397807,exit_signal,bear_high_vol,33.7899
7,ZEC/USDT,2023-01-31 06:00:00+00:00,2023-01-31 08:45:00+00:00,0.02047952047952048,0.6926622,roi,bear_high_vol,33.7884
7,LINK/USDT,2023-01-31 10:15:00+00:00,2023-01-31 16:40:00+00:00,0.017457632620087492,0.5978141,exit_signal,bear_high_vol,34.2095
7,TRX/USDT,2023-01-31 08:40:00+00:00,2023-02-01 09:50:00+00:00,-0.005824207623561114,-0.19813678,exit_signal,bear_high_vol,33.98554
7,XRP/USDT,2023-02-01 15:55:00+00:00,2023-02-01 19:00:00+00:00,0.020079468043268947,0.69002028,roi,bear_high_vol,34.33014
7,AVAX/USDT,2023-01-30 19:10:00+00:00,2023-02-01 19:10:00+00:00,-0.04881784881784882,-1.6327575,exit_signal,bear_high_vol,33.4125
7,LINK/USDT,2023-01-31 20:30:00+00:00,2023-02-01 19:10:00+00:00,-0.02196089379972792,-0.75544278,exit_signal,bear_high_vol,34.36509
7,ADA/USDT,2023-02-02 06:15:00+00:00,2023-02-02 10:00:00+00:00,0.004203849841433734,0.14203431,exit_signal,bear_high_vol,33.75297
7,BTC/USDT,2023-02-02 06:15:00+00:00,2023-02-02 14:25:00+00:00,0.00506207288848294,0.1708561,exit_signal,bear_high_vol,33.7184822
7,LINK/USDT,2023-02-02 15:00:00+00:00,2023-02-02 16:25:00+00:00,0.01993915933815767,0.67572486,roi,bear_high_vol,33.85548
7,SOL/USDT,2023-02-02 06:15:00+00:00,2023-02-02 17:00:00+00:00,0.020055075499028897,0.67805219,roi,bear_high_vol,33.77573
7,ETH/USDT,2023-02-02 15:00:00+00:00,2023-02-02 18:15:00+00:00,0.019997478390422846,0.67647114,roi,bear_high_vol,33.794028
7,AVAX/USDT,2023-02-02 21:50:00+00:00,2023-02-03 11:45:00+00:00,-0.014027696920603735,-0.484608,exit_signal,bear_high_vol,34.512
7,LINK/USDT,2023-02-02 21:35:00+00:00,2023-02-03 15:40:00+00:00,0.013623860555568548,0.47058622,exit_signal,bear_high_vol,34.50682
7,XRP/USDT,2023-02-03 13:35:00+00:00,2023-02-04 10:45:00+00:00,0.004115707864788973,0.14072481,exit_signal,bear_high_vol,34.15797
7,ADA/USDT,2023-02-02 21:55:00+00:00,2023-02-04 13:10:00+00:00,0.011031398929967847,0.38132394,exit_signal,bear_high_vol,34.53261
7,AVAX/USDT,2023-02-03 18:45:00+00:00,2023-02-04 13:20:00+00:00,0.015865434612490667,0.5461992,exit_signal,bear_high_vol,34.3926
7,AAVE/USDT,2023-02-04 16:15:00+00:00,2023-02-04 22:40:00+00:00,0.0024623421271465964,0.086034,exit_signal,bear_high_vol,34.905
7,TRX/USDT,2023-02-04 23:40:00+00:00,2023-02-05 04:45:00+00:00,0.0036227852247877283,0.1266787,exit_signal,bear_high_vol,34.93228
7,UNI/USDT,2023-02-05 11:40:00+00:00,2023-02-05 22:40:00+00:00,-0.04359297273995801,-1.5233656,exit_signal,bear,34.9103
7,BTC/USDT,2023-02-04 23:45:00+00:00,2023-02-06 00:30:00+00:00,-0.012598472187346266,-0.43782662,exit_signal,bear_high_vol,34.7176407
7,AAVE/USDT,2023-02-06 03:00:00+00:00,2023-02-06 07:55:00+00:00,0.005005520794994479,0.1717884,exit_signal,bear,34.2855
7,ADA/USDT,2023-02-06 05:25:00+00:00,2023-02-06 16:00:00+00:00,0.009776322677066459,0.33043096,exit_signal,bear,33.76534
7,ADA/USDT,2023-02-06 21:50:00+00:00,2023-02-07 02:50:00+00:00,-0.00790942253728759,-0.26992354,exit_signal,bear,34.09274
7,XRP/USDT,2023-02-06 21:40:00+00:00,2023-02-07 05:40:00+00:00,-0.009001524790998475,-0.31062528,exit_signal,bear,34.4736
7,SOL/USDT,2023-02-04 23:40:00+00:00,2023-02-07 06:25:00+00:00,-0.05302059903286897,-1.8530442,exit_signal,bear_high_vol,34.9146
7,ETH/USDT,2023-02-07 15:30:00+00:00,2023-02-07 17:50:00+00:00,0.01737942846749188,0.58380956,exit_signal,bull,33.55843
7,AAVE/USDT,2023-02-07 08:15:00+00:00,2023-02-07 17:55:00+00:00,0.018914729042784923,0.6375488,exit_signal,bull,33.6728
7,BNB/USDT,2023-02-07 13:35:00+00:00,2023-02-07 17:55:00+00:00,0.00864491997947208,0.2896902,exit_signal,bull,33.4764
7,DOGE/USDT,2023-02-08 05:45:00+00:00,2023-02-08 11:55:00+00:00,0.000824893122543253,0.0281589,exit_signal,bull,34.10232
7,SOL/USDT,2023-02-08 05:45:00+00:00,2023-02-08 12:50:00+00:00,0.010260387642852701,0.35112552,exit_signal,bull,34.18728
7,NEAR/USDT,2023-02-08 16:25:00+00:00,2023-02-08 16:40:00+00:00,0.019940337333318438,0.6831924,roi,bull,34.2276
7,NEAR/USDT,2023-02-09 00:10:00+00:00,2023-02-09 08:30:00+00:00,-0.027529171859068766,-0.9454401,exit_signal,bull_high_vol,34.3089
7,XRP/USDT,2023-02-08 08:45:00+00:00,2023-02-09 13:55:00+00:00,-0.009978027969032466,-0.34136088,exit_signal,bull,34.17708
7,TRX/USDT,2023-02-09 03:00:00+00:00,2023-02-09 15:10:00+00:00,-0.00214912283355651,-0.07430261,exit_signal,bull_high_vol,34.53892
7,UNI/USDT,2023-02-09 19:25:00+00:00,2023-02-10 06:35:00+00:00,-0.01928935829579804,-0.65735982,exit_signal,bull_high_vol,34.04484
7,AAVE/USDT,2023-02-09 19:25:00+00:00,2023-02-10 07:50:00+00:00,-0.03246204345105444,-1.1071008,exit_signal,bull_high_vol,34.0704
7,UNI/USDT,2023-02-10 11:45:00+00:00,2023-02-10 19:35:00+00:00,0.009458853773997664,0.31730143,exit_signal,bull,33.51193
7,SOL/USDT,2023-02-10 11:50:00+00:00,2023-02-11 12:20:00+00:00,-0.01738887618405691,-0.5742762,exit_signal,bull,32.9925
7,LINK/USDT,2023-02-09 19:25:00+00:00,2023-02-11 14:05:00+00:00,-0.05319500203157844,-1.81181623,exit_signal,bull_high_vol,34.02587
7,ADA/USDT,2023-02-10 21:25:00+00:00,2023-02-11 21:25:00+00:00,0.009932519523845629,0.33402642,exit_signal,bull,33.59598
7,AAVE/USDT,2023-02-11 17:35:00+00:00,2023-02-11 22:50:00+00:00,0.017243681768103362,0.5653609,exit_signal,bull,32.7538
7,ZEC/USDT,2023-02-12 02:05:00+00:00,2023-02-12 07:40:00+00:00,0.0024375624375624376,0.0808128,exit_signal,bull,33.12
7,XRP/USDT,2023-02-12 02:10:00+00:00,2023-02-12 09:30:00+00:00,0.0021875896056761067,0.07251272,exit_signal,bull,33.1142
7,BNB/USDT,2023-02-12 03:55:00+00:00,2023-02-12 09:55:00+00:00,0.0005942109838213734,0.0196024,exit_signal,bull,32.956
7,BTC/USDT,2023-02-12 13:30:00+00:00,2023-02-12 14:40:00+00:00,0.003734052865938353,0.12385633,exit_signal,bull,33.1362736
7,ETH/USDT,2023-02-12 12:45:00+00:00,2023-02-12 16:40:00+00:00,0.010934208455331228,0.36273178,exit_signal,bull,33.140891
7,LINK/USDT,2023-02-12 12:55:00+00:00,2023-02-12 17:25:00+00:00,0.020042169147249978,0.66437698,roi,bull,33.11584
7,TRX/USDT,2023-02-12 21:15:00+00:00,2023-02-13 03:35:00+00:00,0.0001648506292469141,0.00553787,exit_signal,bull,33.5597
7,XRP/USDT,2023-02-12 21:05:00+00:00,2023-02-13 07:30:00+00:00,-0.01662839778023024,-0.55826752,exit_signal,bull,33.5396
7,AAVE/USDT,2023-02-12 21:05:00+00:00,2023-02-13 11:35:00+00:00,-0.037236407980418065,-1.2503034,exit_signal,bull,33.5439
7,TRX/USDT,2023-02-13 08:45:00+00:00,2023-02-13 13:20:00+00:00,0.0029710449457730497,0.09899141,exit_signal,bull,33.285433
7,DOGE/USDT,2023-02-13 08:45:00+00:00,2023-02-13 23:20:00+00:00,-0.0029711877590960964,-0.099064,exit_signal,bull,33.30824
7,XRP/USDT,2023-02-14 00:35:00+00:00,2023-02-14 06:10:00+00:00,0.004524886877828055,0.14918904,exit_signal,bull,32.93784
7,AAVE/USDT,2023-02-14 08:40:00+00:00,2023-02-14 13:30:00+00:00,0.020429009193054137,0.674856,roi,bull,33.0012
7,ADA/USDT,2023-02-14 13:40:00+00:00,2023-02-14 14:50:00+00:00,0.020018797176015832,0.66592352,roi,bull,33.23168
7,TRX/USDT,2023-02-14 04:40:00+00:00,2023-02-14 14:55:00+00:00,0.019999899075362107,0.65996634,roi,bull,32.965518
7,BTC/USDT,2023-02-14 13:40:00+00:00,2023-02-14 14:55:00+00:00,0.01435268497080107,0.47643619,exit_signal,bull,33.1617555
7,BNB/USDT,2023-02-15 00:25:00+00:00,2023-02-15 03:20:00+00:00,0.00612684466144439,0.206112,exit_signal,bull_high_vol,33.6072
7,NEAR/USDT,2023-02-15 00:35:00+00:00,2023-02-15 10:00:00+00:00,0.020059777840562686,0.6766584,roi,bull_high_vol,33.6984
7,LINK/USDT,2023-02-15 00:35:00+00:00,2023-02-15 10:50:00+00:00,0.00582888552702107,0.197155,exit_signal,bull_high_vol,33.79
7,ADA/USDT,2023-02-15 08:05:00+00:00,2023-02-15 11:40:00+00:00,0.015762829162462764,0.5347723,exit_signal,bull_high_vol,33.89227
7,ETH/USDT,2023-02-16 07:05:00+00:00,2023-02-16 15:45:00+00:00,0.013485599971960912,0.46380277,exit_signal,bull_high_vol,34.358088
7,BTC/USDT,2023-02-16 07:10:00+00:00,2023-02-16 15:45:00+00:00,0.008272126358829714,0.28422958,exit_signal,bull_high_vol,34.325592
7,DOGE/USDT,2023-02-16 07:05:00+00:00,2023-02-16 15:50:00+00:00,-0.004688034337630024,-0.1608684,exit_signal,bull_high_vol,34.2804
7,ADA/USDT,2023-02-16 20:05:00+00:00,2023-02-17 03:10:00+00:00,-0.018569534554664667,-0.64202568,exit_signal,bull_high_vol,34.5396
7,DOGE/USDT,2023-02-16 20:20:00+00:00,2023-02-17 04:10:00+00:00,-0.022427583725932516,-0.7741617,exit_signal,bull_high_vol,34.4838
7,ETH/USDT,2023-02-16 20:20:00+00:00,2023-02-17 09:05:00+00:00,-0.01991735115977986,-0.68749685,exit_signal,bull_high_vol,34.483001
7,XRP/USDT,2023-02-17 22:05:00+00:00,2023-02-18 06:30:00+00:00,0.007661721874661254,0.2595482,exit_signal,bull_high_vol,33.84212
7,ADA/USDT,2023-02-17 22:05:00+00:00,2023-02-18 13:30:00+00:00,0.002985778266677143,0.1011465,exit_signal,bull_high_vol,33.84225
7,ETH/USDT,2023-02-17 22:05:00+00:00,2023-02-18 18:15:00+00:00,0.013683233177956769,0.46291667,exit_signal,bull_high_vol,33.797145
7,ZEC/USDT,2023-02-18 19:45:00+00:00,2023-02-19 00:25:00+00:00,0.015510804984489196,0.529584,exit_signal,bull_high_vol,34.1088
7,TRX/USDT,2023-02-18 07:00:00+00:00,2023-02-19 05:25:00+00:00,0.0011323150758565644,0.038478,exit_signal,bull_high_vol,33.94776
7,LINK/USDT,2023-02-18 19:45:00+00:00,2023-02-19 06:40:00+00:00,0.016615378613125512,0.56736771,exit_signal,bull_high_vol,34.11303
7,ADA/USDT,2023-02-19 01:40:00+00:00,2023-02-19 12:10:00+00:00,0.010172754075193101,0.3494141,exit_signal,bull_high_vol,34.31372
7,AAVE/USDT,2023-02-19 07:50:00+00:00,2023-02-19 12:20:00+00:00,0.005755620627984668,0.1988153,exit_signal,bull_high_vol,34.5083
7,ZEC/USDT,2023-02-19 16:55:00+00:00,2023-02-19 23:20:00+00:00,0.019191000082719827,0.6659328,roi,bull_high_vol,34.6656
7,ZEC/USDT,2023-02-20 01:15:00+00:00,2023-02-20 01:25:00+00:00,0.019281358300548064,0.6734688,roi,bull_high_vol,34.8936
7,TRX/USDT,2023-02-19 16:55:00+00:00,2023-02-20 02:35:00+00:00,0.010202164457973513,0.35426276,exit_signal,bull_high_vol,34.689585
7,DOGE/USDT,2023-02-19 16:55:00+00:00,2023-02-20 04:00:00+00:00,-0.0021118641768955518,-0.07318955,exit_signal,bull_high_vol,34.62175
7,ADA/USDT,2023-02-20 12:50:00+00:00,2023-02-21 18:00:00+00:00,-0.023478995027733277,-0.82742387,exit_signal,bull_high_vol,35.20582
7,DOGE/USDT,2023-02-20 12:50:00+00:00,2023-02-21 18:05:00+00:00,-0.014163212044278345,-0.49904049,exit_signal,bull_high_vol,35.19978
7,AVAX/USDT,2023-02-22 02:35:00+00:00,2023-02-22 02:55:00+00:00,0.019973666255466645,0.6865656,roi,bull_high_vol,34.3392
7,DOGE/USDT,2023-02-22 14:25:00+00:00,2023-02-22 22:40:00+00:00,0.0014129653493236286,0.04944412,exit_signal,bull_high_vol,34.9582
7,TRX/USDT,2023-02-20 06:45:00+00:00,2023-02-22 23:00:00+00:00,-0.029114582782665342,-1.02669632,exit_signal,bull_high_vol,35.22876
7,ZEC/USDT,2023-02-22 02:15:00+00:00,2023-02-22 23:05:00+00:00,-0.001998001998001998,-0.0695466,exit_signal,bull_high_vol,34.7733
7,XRP/USDT,2023-02-23 01:50:00+00:00,2023-02-23 02:55:00+00:00,0.01153336302990946,0.40029423,exit_signal,bull_high_vol,34.67283
7,UNI/USDT,2023-02-23 06:40:00+00:00,2023-02-24 00:10:00+00:00,-0.0012818696802623323,-0.04461559,exit_signal,bull_high_vol,34.77032
7,BTC/USDT,2023-02-23 10:05:00+00:00,2023-02-24 01:10:00+00:00,-0.007916838626075288,-0.27498432,exit_signal,bull_high_vol,34.6994076
7,DOGE/USDT,2023-02-23 06:40:00+00:00,2023-02-24 01:15:00+00:00,-0.008074829152112524,-0.28094396,exit_signal,bull_high_vol,34.7578
7,DOGE/USDT,2023-02-24 10:20:00+00:00,2023-02-25 02:10:00+00:00,-0.027444496406726835,-0.94995664,exit_signal,bull_high_vol,34.57916
7,SOL/USDT,2023-02-24 10:20:00+00:00,2023-02-25 22:35:00+00:00,-0.06521603396603398,-2.25850146,exit_signal,bull_high_vol,34.59648
7,ZEC/USDT,2023-02-25 10:35:00+00:00,2023-02-25 23:20:00+00:00,-0.004230668660198861,-0.1425429,exit_signal,bull_high_vol,33.6591
7,TRX/USDT,2023-02-24 05:20:00+00:00,2023-02-25 23:30:00+00:00,-0.026679000366994617,-0.92404655,exit_signal,bull_high_vol,34.601125
7,BTC/USDT,2023-02-26 06:15:00+00:00,2023-02-26 09:55:00+00:00,0.0054567520909342615,0.18041268,exit_signal,bull_high_vol,33.0292534
7,SOL/USDT,2023-02-26 12:55:00+00:00,2023-02-26 14:15:00+00:00,0.009478358881277944,0.3153444,exit_signal,bull_high_vol,33.2367
7,XRP/USDT,2023-02-26 11:25:00+00:00,2023-02-26 18:45:00+00:00,0.002511842224760885,0.08352297,exit_signal,bull_high_vol,33.21846
7,ADA/USDT,2023-02-26 17:20:00+00:00,2023-02-26 18:45:00+00:00,0.009081676025889182,0.3029745,exit_signal,bull_high_vol,33.32775
7,ZEC/USDT,2023-02-26 11:25:00+00:00,2023-02-26 18:50:00+00:00,0.013807459508816974,0.4593968,exit_signal,bull_high_vol,33.2384
7,SOL/USDT,2023-02-26 22:25:00+00:00,2023-02-27 13:30:00+00:00,0.0010380753535903472,0.03493251,exit_signal,bull_high_vol,33.61761
7,XRP/USDT,2023-02-26 22:25:00+00:00,2023-02-27 13:35:00+00:00,-0.0001424869950766365,-0.00479541,exit_signal,bull_high_vol,33.62145
7,AVAX/USDT,2023-02-26 22:25:00+00:00,2023-02-27 13:35:00+00:00,0.0029236516907749787,0.0982744,exit_signal,bull_high_vol,33.58
7,BTC/USDT,2023-02-27 16:15:00+00:00,2023-02-27 22:55:00+00:00,0.005117133651746231,0.17197085,exit_signal,bull,33.5732976
7,ADA/USDT,2023-02-27 16:15:00+00:00,2023-02-28 03:20:00+00:00,0.009008361365681465,0.30351168,exit_signal,bull,33.65856
7,XRP/USDT,2023-02-28 02:10:00+00:00,2023-02-28 05:05:00+00:00,0.006271995846975799,0.21161787,exit_signal,bull,33.70641
7,TRX/USDT,2023-02-28 07:45:00+00:00,2023-02-28 12:15:00+00:00,0.0024631460530038373,0.08359701,exit_signal,bull,33.905215
7,ETH/USDT,2023-02-27 16:15:00+00:00,2023-02-28 12:20:00+00:00,-0.003503541315919678,-0.11771489,exit_signal,bull,33.565265
7,BNB/USDT,2023-02-28 07:30:00+00:00,2023-02-28 12:25:00+00:00,0.0013022691594120166,0.0441504,exit_signal,bull,33.8688
7,BTC/USDT,2023-02-28 19:25:00+00:00,2023-03-01 03:15:00+00:00,0.0025746864261702715,0.08718129,exit_signal,bull,33.827108
7,ETH/USDT,2023-02-28 19:30:00+00:00,2023-03-01 03:15:00+00:00,-0.00024249082374286403,-0.00820893,exit_signal,bull,33.81872
7,BNB/USDT,2023-02-28 19:30:00+00:00,2023-03-01 03:15:00+00:00,0.003958243348163772,0.13384,exit_signal,bull,33.7792
7,BNB/USDT,2023-03-01 08:00:00+00:00,2023-03-01 14:50:00+00:00,0.0006317792879057701,0.021312,exit_signal,bull,33.6996
7,BTC/USDT,2023-03-01 13:35:00+00:00,2023-03-01 14:50:00+00:00,0.008412776723478354,0.28444505,exit_signal,bull,33.7773007
7,ETH/USDT,2023-03-01 13:35:00+00:00,2023-03-01 14:50:00+00:00,0.010937725857242715,0.37150679,exit_signal,bull,33.931702
7,UNI/USDT,2023-03-01 19:50:00+00:00,2023-03-01 22:05:00+00:00,0.00970833175732953,0.33183657,exit_signal,bull,34.14645
7,ZEC/USDT,2023-03-01 18:35:00+00:00,2023-03-01 23:25:00+00:00,-0.006503654359184834,-0.2226448,exit_signal,bull,34.1996
7,ETH/USDT,2023-03-01 19:55:00+00:00,2023-03-02 00:15:00+00:00,0.019996952851010486,0.68393808,roi,bull,34.167947
7,XRP/USDT,2023-03-02 01:30:00+00:00,2023-03-02 18:40:00+00:00,-0.00882105010424758,-0.3042348,exit_signal,bull,34.45518
7,ETH/USDT,2023-03-02 01:40:00+00:00,2023-03-02 19:00:00+00:00,-0.008029799134624021,-0.27684015,exit_signal,bull,34.442155
7,AVAX/USDT,2023-03-02 01:35:00+00:00,2023-03-02 19:05:00+00:00,-0.013919527571404702,-0.480102,exit_signal,bull,34.4568
7,BTC/USDT,2023-03-03 01:20:00+00:00,2023-03-03 09:00:00+00:00,-0.037506329769052146,-1.27485471,exit_signal,bull_high_vol,33.9564318
7,ETH/USDT,2023-03-03 01:20:00+00:00,2023-03-03 14:05:00+00:00,-0.0326685015935932,-1.11262968,exit_signal,bull_high_vol,34.024155
7,ADA/USDT,2023-03-03 19:25:00+00:00,2023-03-03 23:00:00+00:00,0.014590929996094735,0.47926644,exit_signal,bull_high_vol,32.81406
7,BNB/USDT,2023-03-03 01:20:00+00:00,2023-03-03 23:50:00+00:00,-0.02616757611712203,-0.8877636,exit_signal,bull_high_vol,33.8922
7,SOL/USDT,2023-03-04 04:55:00+00:00,2023-03-05 00:35:00+00:00,-0.004814564551159095,-0.15973514,exit_signal,bull,33.14434
7,ETH/USDT,2023-03-03 18:45:00+00:00,2023-03-05 01:20:00+00:00,0.014456057575905389,0.48120534,exit_signal,bull_high_vol,33.254199
7,LINK/USDT,2023-03-04 02:00:00+00:00,2023-03-05 01:20:00+00:00,0.0049335702642025895,0.163824,exit_signal,bull,33.1728
7,UNI/USDT,2023-03-05 02:40:00+00:00,2023-03-05 04:10:00+00:00,0.01997366625546665,0.66572343,roi,bull,33.29676
7,ADA/USDT,2023-03-05 08:55:00+00:00,2023-03-05 13:05:00+00:00,0.0068783869554696715,0.2310788,exit_signal,bull,33.56135
7,BTC/USDT,2023-03-05 02:40:00+00:00,2023-03-05 21:15:00+00:00,0.00886643267841684,0.29439916,exit_signal,bull,33.1706184
7,ETH/USDT,2023-03-05 02:40:00+00:00,2023-03-05 21:15:00+00:00,0.009803498104605837,0.32712425,exit_signal,bull,33.33478
7,ADA/USDT,2023-03-05 16:55:00+00:00,2023-03-05 21:15:00+00:00,0.0053946053946053955,0.18170325,exit_signal,bull,33.64875
7,AVAX/USDT,2023-03-05 23:15:00+00:00,2023-03-06 13:05:00+00:00,0.014098804421385067,0.47775,exit_signal,bull,33.852
7,TRX/USDT,2023-03-05 22:35:00+00:00,2023-03-06 14:10:00+00:00,-0.0025911680008240947,-0.08796078,exit_signal,bull,33.91247
7,LINK/USDT,2023-03-05 23:20:00+00:00,2023-03-06 15:55:00+00:00,0.0055112012860529715,0.1868174,exit_signal,bull,33.8639
7,BTC/USDT,2023-03-06 19:20:00+00:00,2023-03-07 01:15:00+00:00,0.001374936732226264,0.04688227,exit_signal,bull,34.0637016
7,LINK/USDT,2023-03-06 19:50:00+00:00,2023-03-07 01:15:00+00:00,0.005110894338979817,0.17420535,exit_signal,bull,34.05105
7,ETH/USDT,2023-03-06 19:20:00+00:00,2023-03-07 03:05:00+00:00,0.00696448593367312,0.23701717,exit_signal,bull,33.998258
7,ADA/USDT,2023-03-07 06:30:00+00:00,2023-03-07 19:55:00+00:00,0.0016157650436467578,0.0553688,exit_signal,bull,34.23362
7,NEAR/USDT,2023-03-07 04:50:00+00:00,2023-03-07 23:30:00+00:00,-0.03112257392413034,-1.0632632,exit_signal,bull,34.1296
7,DOGE/USDT,2023-03-07 06:20:00+00:00,2023-03-08 00:00:00+00:00,-0.016733067411439317,-0.57295875,exit_signal,bull,34.2069
7,UNI/USDT,2023-03-07 20:10:00+00:00,2023-03-08 00:05:00+00:00,0.014522604937235239,0.4979286,exit_signal,bull,34.2522
7,ZEC/USDT,2023-03-08 05:10:00+00:00,2023-03-09 02:30:00+00:00,-0.026143211627082594,-0.8868585,exit_signal,bull,33.8892
7,NEAR/USDT,2023-03-08 05:15:00+00:00,2023-03-09 02:30:00+00:00,-0.041045844399502936,-1.3907748,exit_signal,bull,33.8496
7,TRX/USDT,2023-03-09 07:55:00+00:00,2023-03-09 11:15:00+00:00,0.006534534168121954,0.21679064,exit_signal,bull,33.143
7,ADA/USDT,2023-03-08 03:30:00+00:00,2023-03-09 14:10:00+00:00,-0.025789003172866254,-0.87506776,exit_signal,bull,33.89792
7,XRP/USDT,2023-03-09 16:45:00+00:00,2023-03-10 03:50:00+00:00,-0.03992925410490896,-1.315158,exit_signal,bull,32.9043
7,ZEC/USDT,2023-03-09 16:55:00+00:00,2023-03-10 06:55:00+00:00,-0.10124681947886367,-3.3349392,stop_loss,bull,32.9058
7,AVAX/USDT,2023-03-09 16:45:00+00:00,2023-03-10 11:55:00+00:00,-0.06307364510489512,-2.0753292,exit_signal,bull,32.8704
7,DOGE/USDT,2023-03-10 21:40:00+00:00,2023-03-11 00:25:00+00:00,0.020053031023364767,0.61578762,roi,bull,30.67728
7,UNI/USDT,2023-03-10 21:40:00+00:00,2023-03-11 01:10:00+00:00,0.020064227648699254,0.61573699,roi,bull,30.65764
7,TRX/USDT,2023-03-11 04:05:00+00:00,2023-03-11 17:15:00+00:00,-0.014768229205799167,-0.459974,exit_signal,bull,31.11507
7,AVAX/USDT,2023-03-11 04:00:00+00:00,2023-03-11 17:30:00+00:00,-0.0325698807659325,-1.0105423,exit_signal,bull,30.9959
7,ZEC/USDT,2023-03-11 04:10:00+00:00,2023-03-11 23:55:00+00:00,-0.008294544572147096,-0.2581992,exit_signal,bull,31.0977
7,AVAX/USDT,2023-03-12 07:00:00+00:00,2023-03-12 17:25:00+00:00,0.019697693610737088,0.6017038,roi,bull_high_vol,30.5164
7,ADA/USDT,2023-03-12 07:05:00+00:00,2023-03-12 17:30:00+00:00,0.016782491196489214,0.5129208,exit_signal,bull_high_vol,30.53232
7,BNB/USDT,2023-03-12 07:50:00+00:00,2023-03-12 17:30:00+00:00,0.008873479461714757,0.269082,exit_signal,bull_high_vol,30.294
7,SOL/USDT,2023-03-13 03:20:00+00:00,2023-03-13 14:10:00+00:00,0.01231760043235453,0.38219984,exit_signal,bull_high_vol,30.99776
7,TRX/USDT,2023-03-13 07:55:00+00:00,2023-03-13 14:10:00+00:00,0.0008406264072049501,0.02608706,exit_signal,bull_high_vol,31.00188
7,XRP/USDT,2023-03-13 08:50:00+00:00,2023-03-13 14:20:00+00:00,0.004847004847004848,0.1503225,exit_signal,bull_high_vol,30.9825
7,BTC/USDT,2023-03-14 18:05:00+00:00,2023-03-15 01:25:00+00:00,-0.014009889965351248,-0.43711317,exit_signal,bull_high_vol,31.1691594
7,TRX/USDT,2023-03-14 18:15:00+00:00,2023-03-15 01:30:00+00:00,0.007828662589066197,0.24436026,exit_signal,bull_high_vol,31.182356
7,ADA/USDT,2023-03-14 18:10:00+00:00,2023-03-15 16:35:00+00:00,-0.1016012462305104,-3.1709046,stop_loss,bull_high_vol,31.17813
7,BNB/USDT,2023-03-15 09:40:00+00:00,2023-03-16 02:40:00+00:00,-0.0039377532088902345,-0.12168,exit_signal,bull_high_vol,30.87
7,AAVE/USDT,2023-03-15 06:25:00+00:00,2023-03-16 07:25:00+00:00,-0.056182453909726635,-1.7460072,exit_signal,bull_high_vol,31.0464
7,ZEC/USDT,2023-03-16 09:25:00+00:00,2023-03-16 11:30:00+00:00,0.019107780437085574,0.563459,roi,bull_high_vol,29.459
7,BNB/USDT,2023-03-16 12:15:00+00:00,2023-03-16 14:20:00+00:00,0.02005199411539469,0.589239,roi,bull_high_vol,29.3562
7,ETH/USDT,2023-03-16 09:20:00+00:00,2023-03-16 19:20:00+00:00,0.0172460756447049,0.50672645,exit_signal,bull_high_vol,29.352778
7,XRP/USDT,2023-03-16 09:20:00+00:00,2023-03-16 19:25:00+00:00,0.01348346943914811,0.39758784,exit_signal,bull_high_vol,29.4576
7,DOGE/USDT,2023-03-16 20:55:00+00:00,2023-03-16 22:15:00+00:00,0.020005191658734964,0.60286556,roi,bull_high_vol,30.10535
7,AVAX/USDT,2023-03-16 20:55:00+00:00,2023-03-17 01:35:00+00:00,0.019711574414069614,0.592128,roi,bull_high_vol,30.0096
7,BNB/USDT,2023-03-17 00:40:00+00:00,2023-03-17 02:05:00+00:00,0.020043759921060535,0.6082944,roi,bull_high_vol,30.318
7,TRX/USDT,2023-03-16 20:55:00+00:00,2023-03-17 02:10:00+00:00,0.011020747374338535,0.33245888,exit_signal,bull_high_vol,30.1365
7,DOGE/USDT,2023-03-17 14:30:00+00:00,2023-03-17 17:55:00+00:00,0.01251493817408468,0.38622163,exit_signal,bull_high_vol,30.83002
7,TRX/USDT,2023-03-17 14:30:00+00:00,2023-03-17 18:55:00+00:00,0.006618495171608488,0.20434861,exit_signal,bull_high_vol,30.844544
7,ETH/USDT,2023-03-17 14:40:00+00:00,2023-03-17 19:15:00+00:00,0.014745256846092765,0.454815,exit_signal,bull_high_vol,30.81402
7,XRP/USDT,2023-03-18 08:15:00+00:00,2023-03-18 10:50:00+00:00,0.013872689727447214,0.43277444,exit_signal,bull_high_vol,31.16498
7,TRX/USDT,2023-03-18 05:50:00+00:00,2023-03-19 11:55:00+00:00,-0.00618187023337495,-0.19296977,exit_signal,bull_high_vol,31.184251
7,BTC/USDT,2023-03-18 08:15:00+00:00,2023-03-19 12:10:00+00:00,0.004911767777117809,0.15202571,exit_signal,bull_high_vol,30.9204024
7,BNB/USDT,2023-03-18 14:10:00+00:00,2023-03-19 12:15:00+00:00,-0.008735321033530603,-0.2710981,exit_signal,bull_high_vol,31.0037
7,ETH/USDT,2023-03-19 20:40:00+00:00,2023-03-20 07:40:00+00:00,-0.009742663817546026,-0.30373318,exit_signal,bull_high_vol,31.144434
7,BTC/USDT,2023-03-20 13:40:00+00:00,2023-03-20 18:45:00+00:00,0.00269923528396219,0.08350079,exit_signal,bull_high_vol,30.9040761
7,XRP/USDT,2023-03-19 20:40:00+00:00,2023-03-21 00:00:00+00:00,-0.035075230310859525,-1.09561568,force_exit,bull_high_vol,31.20496
7,ADA/USDT,2023-03-19 20:40:00+00:00,2023-03-21 00:00:00+00:00,-0.03680190776964971,-1.14973134,force_exit,bull_high_vol,31.20987
8,ADA/USDT,2023-03-21 07:10:00+00:00,2023-03-21 10:20:00+00:00,0.019939410183312623,0.65821005,roi,bull_high_vol,32.97753
8,PROM/USDT,2023-03-21 07:15:00+00:00,2023-03-21 11:45:00+00:00,0.020269791060866113,0.6692007,roi,bull_high_vol,32.9817
8,TRX/USDT,2023-03-21 07:10:00+00:00,2023-03-21 13:30:00+00:00,0.018650315353417237,0.61601846,exit_signal,bull_high_vol,32.996925
8,NEAR/USDT,2023-03-21 17:40:00+00:00,2023-03-21 21:00:00+00:00,0.019783787640930497,0.6627384,roi,bull_high_vol,33.4656
8,SOL/USDT,2023-03-21 18:25:00+00:00,2023-03-22 10:50:00+00:00,0.010997982708804442,0.3702067,exit_signal,bull_high_vol,33.6277
8,ETH/USDT,2023-03-21 18:25:00+00:00,2023-03-22 14:50:00+00:00,0.015354413039932248,0.51468064,exit_signal,bull_high_vol,33.48656
8,TRX/USDT,2023-03-22 17:15:00+00:00,2023-03-22 19:40:00+00:00,-0.10167828569672589,-3.47567198,stop_loss,bull_high_vol,34.148882
8,BTC/USDT,2023-03-22 19:40:00+00:00,2023-03-23 05:35:00+00:00,0.015013701465973486,0.46394522,exit_signal,bull_high_vol,30.8705844
8,ETH/USDT,2023-03-22 17:20:00+00:00,2023-03-23 05:55:00+00:00,-0.021418146177028675,-0.73106854,exit_signal,bull_high_vol,34.099039
8,BNB/USDT,2023-03-21 22:45:00+00:00,2023-03-23 06:00:00+00:00,-0.037768682929973256,-1.2784176,exit_signal,bull_high_vol,33.8148
8,BTC/USDT,2023-03-23 11:20:00+00:00,2023-03-23 14:55:00+00:00,0.019999907177309324,0.64933132,roi,bull_high_vol,32.4342824
8,SOL/USDT,2023-03-23 13:25:00+00:00,2023-03-23 14:55:00+00:00,0.019849270431478164,0.64543067,roi,bull_high_vol,32.48411
8,UNI/USDT,2023-03-23 13:25:00+00:00,2023-03-23 14:55:00+00:00,0.020063610861056416,0.65250332,roi,bull_high_vol,32.48924
8,AAVE/USDT,2023-03-23 18:45:00+00:00,2023-03-23 23:50:00+00:00,0.003193165741930371,0.105694,exit_signal,bull_high_vol,33.067
8,BNB/USDT,2023-03-24 02:40:00+00:00,2023-03-25 01:05:00+00:00,-0.01509753982281455,-0.5000409,exit_signal,bull_high_vol,33.0876
8,ADA/USDT,2023-03-23 18:50:00+00:00,2023-03-25 04:55:00+00:00,-0.026719645459548528,-0.88607712,exit_signal,bull_high_vol,33.12888
8,SOL/USDT,2023-03-23 18:50:00+00:00,2023-03-25 14:10:00+00:00,-0.04312445795962279,-1.43019726,exit_signal,bull_high_vol,33.13128
8,NEAR/USDT,2023-03-25 05:40:00+00:00,2023-03-26 00:50:00+00:00,-0.014714643155010127,-0.4797234,exit_signal,bull_high_vol,32.5692
8,PROM/USDT,2023-03-25 17:30:00+00:00,2023-03-26 01:40:00+00:00,6.825472663981981e-05,0.0021681,exit_signal,bull_high_vol,31.7331
8,DOGE/USDT,2023-03-25 08:40:00+00:00,2023-03-26 02:40:00+00:00,0.002838841287952758,0.09203088,exit_signal,bull_high_vol,32.38608
8,TRX/USDT,2023-03-26 04:30:00+00:00,2023-03-26 08:40:00+00:00,0.0045657441845053225,0.14677639,exit_signal,bull_high_vol,32.115194
8,PROM/USDT,2023-03-26 07:55:00+00:00,2023-03-26 13:55:00+00:00,0.008354715823595493,0.2684646,exit_signal,bull_high_vol,32.1012
8,XRP/USDT,2023-03-26 14:20:00+00:00,2023-03-26 23:05:00+00:00,-0.00044727747280466477,-0.01442155,exit_signal,bull_high_vol,32.21075
8,ADA/USDT,2023-03-26 16:40:00+00:00,2023-03-27 12:20:00+00:00,0.0022403983332635654,0.07231873,exit_signal,bull_high_vol,32.24716
8,BNB/USDT,2023-03-27 14:25:00+00:00,2023-03-27 23:35:00+00:00,-0.05065863299533953,-1.6205574,exit_signal,bull_high_vol,31.9578
8,LINK/USDT,2023-03-26 17:00:00+00:00,2023-03-28 06:10:00+00:00,-0.037476309554686046,-1.20884236,exit_signal,bull_high_vol,32.22395
8,SOL/USDT,2023-03-27 02:05:00+00:00,2023-03-28 06:10:00+00:00,-0.0320058215305548,-1.03254906,exit_signal,bull_high_vol,32.22906
8,ETH/USDT,2023-03-28 09:50:00+00:00,2023-03-28 11:50:00+00:00,0.013940419253770752,0.4314141,exit_signal,bull,30.91608
8,LINK/USDT,2023-03-28 09:25:00+00:00,2023-03-28 11:55:00+00:00,0.007246833448862562,0.22447425,exit_signal,bull,30.94455
8,PROM/USDT,2023-03-28 13:25:00+00:00,2023-03-28 15:55:00+00:00,0.010688464078294588,0.333805,exit_signal,bull,31.1992
8,AVAX/USDT,2023-03-28 17:05:00+00:00,2023-03-28 18:45:00+00:00,0.019882675181091748,0.62092,roi,bull,31.198
8,ZEC/USDT,2023-03-28 09:50:00+00:00,2023-03-28 18:50:00+00:00,0.01194057339308736,0.3701335,exit_signal,bull,30.967
8,SOL/USDT,2023-03-28 21:55:00+00:00,2023-03-29 01:15:00+00:00,0.018670678433992043,0.5912712,exit_signal,bull,31.6368
8,XRP/USDT,2023-03-28 23:40:00+00:00,2023-03-29 02:20:00+00:00,0.019955322077183084,0.63209608,roi,bull,31.64392
8,BNB/USDT,2023-03-29 06:05:00+00:00,2023-03-29 06:30:00+00:00,0.00917604468468192,0.2928726,exit_signal,bull,31.8852
8,ARB/USDT,2023-03-29 11:05:00+00:00,2023-03-30 00:10:00+00:00,0.002671578179806641,0.0858585,exit_signal,bull,32.10564
8,TRX/USDT,2023-03-29 09:50:00+00:00,2023-03-30 02:40:00+00:00,0.00016384667475492169,0.00527244,exit_signal,bull,32.146962
8,XRP/USDT,2023-03-29 12:10:00+00:00,2023-03-30 10:40:00+00:00,-0.02048287648432918,-0.65827696,exit_signal,bull,32.10581
8,ZEC/USDT,2023-03-30 14:05:00+00:00,2023-03-30 20:25:00+00:00,-0.0073492191454657945,-0.2343376,exit_signal,bull_high_vol,31.8542
8,BTC/USDT,2023-03-30 14:05:00+00:00,2023-03-30 20:40:00+00:00,-0.012781009401707174,-0.4079654,exit_signal,bull_high_vol,31.8877664
8,LINK/USDT,2023-03-30 09:20:00+00:00,2023-03-31 01:05:00+00:00,0.002650863316707953,0.0852192,exit_signal,bull_high_vol,32.1156
8,BTC/USDT,2023-03-31 05:55:00+00:00,2023-03-31 12:35:00+00:00,0.0034514534640265266,0.10927013,exit_signal,bull_high_vol,31.6275361
8,ETH/USDT,2023-03-31 05:55:00+00:00,2023-03-31 12:35:00+00:00,0.004445598657342537,0.14139167,exit_signal,bull_high_vol,31.773093
8,BNB/USDT,2023-03-31 05:55:00+00:00,2023-03-31 13:35:00+00:00,0.009076845792127974,0.28657,exit_signal,bull_high_vol,31.54
8,TRX/USDT,2023-04-01 00:00:00+00:00,2023-04-01 04:50:00+00:00,0.01993276066219756,0.637537,roi,bull,31.952428
8,ADA/USDT,2023-04-01 00:15:00+00:00,2023-04-01 18:35:00+00:00,-0.009290029698192964,-0.29711745,exit_signal,bull,31.95045
8,BTC/USDT,2023-04-01 06:25:00+00:00,2023-04-01 20:35:00+00:00,0.00025701489488869203,0.00827172,exit_signal,bull,32.151664
8,XRP/USDT,2023-04-02 00:35:00+00:00,2023-04-02 02:55:00+00:00,0.015225995983782136,0.48864516,exit_signal,bull,32.06076
8,BNB/USDT,2023-04-01 03:40:00+00:00,2023-04-02 04:00:00+00:00,-0.001048729330276572,-0.0334411,exit_signal,bull,31.8554
8,AAVE/USDT,2023-04-02 08:45:00+00:00,2023-04-03 04:15:00+00:00,-0.023576423576423578,-0.759684,exit_signal,bull,32.19
8,ADA/USDT,2023-04-02 00:00:00+00:00,2023-04-03 05:25:00+00:00,-0.02949397541234276,-0.94668776,exit_signal,bull,32.0656
8,TRX/USDT,2023-04-02 05:05:00+00:00,2023-04-03 08:20:00+00:00,-0.013588673769669246,-0.43828938,exit_signal,bull,32.2218
8,DOGE/USDT,2023-04-03 12:45:00+00:00,2023-04-03 17:35:00+00:00,0.020008231613647478,0.63059514,roi,bull,31.4853
8,ADA/USDT,2023-04-03 12:50:00+00:00,2023-04-03 18:40:00+00:00,-0.0030148150372297086,-0.09502096,exit_signal,bull,31.48652
8,TRX/USDT,2023-04-03 11:15:00+00:00,2023-04-03 18:55:00+00:00,0.009923001896354505,0.31302401,exit_signal,bull,31.51378
8,ZEC/USDT,2023-04-03 20:15:00+00:00,2023-04-04 00:05:00+00:00,0.020241596843268154,0.643749,roi,bull,31.7715
8,TRX/USDT,2023-04-03 20:15:00+00:00,2023-04-04 03:35:00+00:00,0.019624352448955693,0.62451306,exit_signal,bull,31.79158
8,ETH/USDT,2023-04-03 20:15:00+00:00,2023-04-04 06:50:00+00:00,0.015448882335910116,0.48913525,exit_signal,bull,31.6299
8,PROM/USDT,2023-04-04 15:35:00+00:00,2023-04-04 17:40:00+00:00,0.006680276245493638,0.2162428,exit_signal,bull,32.338
8,DOGE/USDT,2023-04-04 15:00:00+00:00,2023-04-04 20:45:00+00:00,0.020004537891393132,0.64698816,roi,bull,32.30976
8,LINK/USDT,2023-04-04 23:40:00+00:00,2023-04-05 00:55:00+00:00,0.01658903901970786,0.54112893,exit_signal,bull,32.58708
8,TRX/USDT,2023-04-04 15:10:00+00:00,2023-04-05 01:00:00+00:00,0.004371255425447762,0.14164752,exit_signal,bull,32.371939
8,XRP/USDT,2023-04-05 00:15:00+00:00,2023-04-05 05:50:00+00:00,0.01716363636363636,0.56095312,exit_signal,bull,32.65
8,ARB/USDT,2023-04-05 07:20:00+00:00,2023-04-05 09:25:00+00:00,0.020031367150659524,0.66177375,roi,bull,33.00387
8,ZEC/USDT,2023-04-05 07:25:00+00:00,2023-04-05 13:15:00+00:00,0.019123733409447695,0.6324264,roi,bull,33.0372
8,ETH/USDT,2023-04-05 08:15:00+00:00,2023-04-05 19:45:00+00:00,0.00468691827617089,0.15461564,exit_signal,bull,32.955808
8,ETH/USDT,2023-04-06 00:10:00+00:00,2023-04-06 16:40:00+00:00,-0.011229566513213213,-0.37578341,exit_signal,bull,33.43032
8,ZEC/USDT,2023-04-06 20:20:00+00:00,2023-04-07 14:45:00+00:00,0.003324675324675325,0.1111968,exit_signal,bull,33.4125
8,UNI/USDT,2023-04-05 13:55:00+00:00,2023-04-07 22:45:00+00:00,-0.03833846615367309,-1.28472417,exit_signal,bull,33.47658
8,LINK/USDT,2023-04-05 11:10:00+00:00,2023-04-07 22:50:00+00:00,-0.027004885774817435,-0.89975594,exit_signal,bull,33.28498
8,TRX/USDT,2023-04-08 00:45:00+00:00,2023-04-08 03:30:00+00:00,0.003000338498566771,0.09831175,exit_signal,bull,32.734152
8,ZEC/USDT,2023-04-07 21:55:00+00:00,2023-04-08 07:00:00+00:00,0.01940686659185319,0.6499662,roi,bull,33.4581
8,BTC/USDT,2023-04-08 09:00:00+00:00,2023-04-09 00:30:00+00:00,-0.0025488957956549528,-0.08366154,exit_signal,bull,32.7898701
8,XRP/USDT,2023-04-08 00:55:00+00:00,2023-04-09 01:00:00+00:00,-0.0006209048196038142,-0.01989543,exit_signal,bull,32.01063
8,UNI/USDT,2023-04-08 09:00:00+00:00,2023-04-09 01:15:00+00:00,-0.008158508158508158,-0.2692305,exit_signal,bull,32.967
8,NEAR/USDT,2023-04-09 05:55:00+00:00,2023-04-09 12:00:00+00:00,-0.010584051575954411,-0.347521,exit_signal,bull,32.8016
8,AAVE/USDT,2023-04-09 05:50:00+00:00,2023-04-09 12:20:00+00:00,-0.009845986254898444,-0.32336,exit_signal,bull,32.809
8,BTC/USDT,2023-04-09 06:05:00+00:00,2023-04-09 18:55:00+00:00,0.000974111947248711,0.03185732,exit_signal,bull,32.6712906
8,SOL/USDT,2023-04-09 14:25:00+00:00,2023-04-09 18:55:00+00:00,0.00746409279343411,0.24376044,exit_signal,bull,32.62512
8,LINK/USDT,2023-04-10 01:15:00+00:00,2023-04-10 05:50:00+00:00,0.004411952191901927,0.1445491,exit_signal,bull,32.73034
8,XRP/USDT,2023-04-10 01:10:00+00:00,2023-04-10 08:00:00+00:00,0.0035552682611506145,0.116402,exit_signal,bull,32.708
8,UNI/USDT,2023-04-10 01:15:00+00:00,2023-04-10 15:20:00+00:00,0.0032671549009193664,0.10703869,exit_signal,bull,32.72932
8,XRP/USDT,2023-04-10 10:20:00+00:00,2023-04-10 16:55:00+00:00,0.007327265180147884,0.24054236,exit_signal,bull,32.7956
8,BNB/USDT,2023-04-10 12:50:00+00:00,2023-04-10 16:55:00+00:00,0.002475910256890084,0.08127,exit_signal,bull,32.7915
8,ADA/USDT,2023-04-10 20:35:00+00:00,2023-04-10 22:05:00+00:00,0.012387612387612388,0.40851552,exit_signal,bull,32.9448
8,PROM/USDT,2023-04-11 00:35:00+00:00,2023-04-11 01:55:00+00:00,0.014229672766258132,0.4709376,exit_signal,bull,33.0624
8,BNB/USDT,2023-04-11 12:20:00+00:00,2023-04-11 14:30:00+00:00,0.005903353650004077,0.1960006,exit_signal,bull,33.1684
8,ADA/USDT,2023-04-11 16:25:00+00:00,2023-04-12 00:15:00+00:00,0.0017184900501683023,0.05730283,exit_signal,bull,33.31156
8,UNI/USDT,2023-04-11 08:50:00+00:00,2023-04-12 07:20:00+00:00,-0.03219021669819542,-1.070052,exit_signal,bull,33.20832
8,BTC/USDT,2023-04-12 02:15:00+00:00,2023-04-12 07:30:00+00:00,-0.002152457238967446,-0.07121029,exit_signal,bull,33.050204
8,XRP/USDT,2023-04-11 14:55:00+00:00,2023-04-12 12:35:00+00:00,-0.020504509977177544,-0.68323894,exit_signal,bull,33.28811
8,AVAX/USDT,2023-04-12 15:30:00+00:00,2023-04-12 17:45:00+00:00,0.020192148040952932,0.6581522,roi,bull,32.5619
8,PROM/USDT,2023-04-12 20:00:00+00:00,2023-04-12 22:30:00+00:00,0.019697693610737088,0.6495027,roi,bull,32.9406
8,BTC/USDT,2023-04-12 15:15:00+00:00,2023-04-13 02:45:00+00:00,0.009535526808134394,0.31008121,exit_signal,bull,32.486033
8,LINK/USDT,2023-04-12 18:50:00+00:00,2023-04-13 08:35:00+00:00,0.008230827344400752,0.27125616,exit_signal,bull,32.9232
8,ADA/USDT,2023-04-13 07:35:00+00:00,2023-04-13 08:45:00+00:00,0.019886915974630902,0.66145608,roi,bull,33.22764
8,AAVE/USDT,2023-04-13 06:20:00+00:00,2023-04-13 08:55:00+00:00,0.01855287569573284,0.617604,exit_signal,bull,33.2556
8,TRX/USDT,2023-04-13 14:20:00+00:00,2023-04-14 00:40:00+00:00,0.01680024468352398,0.56803866,exit_signal,bull,33.777555
8,BTC/USDT,2023-04-13 20:10:00+00:00,2023-04-14 00:40:00+00:00,0.014412468942181926,0.48460309,exit_signal,bull,33.5902872
8,SOL/USDT,2023-04-13 23:05:00+00:00,2023-04-14 00:40:00+00:00,0.012744743971662314,0.4309074,exit_signal,bull,33.77682
8,ADA/USDT,2023-04-14 07:50:00+00:00,2023-04-14 11:50:00+00:00,0.02007761823430026,0.68819736,roi,bull,34.2426
8,DOGE/USDT,2023-04-14 12:50:00+00:00,2023-04-14 17:35:00+00:00,-0.006377173681404105,-0.22013956,exit_signal,bull,34.48544
8,SOL/USDT,2023-04-14 07:50:00+00:00,2023-04-14 18:15:00+00:00,-0.0192325746542614,-0.65961312,exit_signal,bull,34.2624
8,UNI/USDT,2023-04-14 07:40:00+00:00,2023-04-14 18:20:00+00:00,-0.00892529146196917,-0.3058236,exit_signal,bull,34.2306
8,ZEC/USDT,2023-04-15 01:20:00+00:00,2023-04-15 03:40:00+00:00,0.014835766642995556,0.5059823,exit_signal,bull,34.0715
8,ADA/USDT,2023-04-15 01:25:00+00:00,2023-04-15 06:05:00+00:00,0.019265588510609354,0.65701608,exit_signal,bull,34.06902
8,ETH/USDT,2023-04-15 01:25:00+00:00,2023-04-15 07:30:00+00:00,0.007001235796554982,0.23860754,exit_signal,bull,34.046728
8,AVAX/USDT,2023-04-15 06:55:00+00:00,2023-04-15 09:10:00+00:00,0.00955173180317841,0.3289856,exit_signal,bull,34.4081
8,UNI/USDT,2023-04-15 13:35:00+00:00,2023-04-15 15:50:00+00:00,0.007247185014314867,0.2511726,exit_signal,bull,34.62333
8,ZEC/USDT,2023-04-15 13:35:00+00:00,2023-04-15 22:25:00+00:00,0.01928640080298848,0.6688687,exit_signal,bull,34.6462
8,DOGE/USDT,2023-04-15 16:00:00+00:00,2023-04-15 23:15:00+00:00,0.0005883693771017714,0.02043757,exit_signal,bull,34.70125
8,BNB/USDT,2023-04-16 01:15:00+00:00,2023-04-16 05:15:00+00:00,0.00493675508781249,0.1717485,exit_signal,bull,34.755
8,ZEC/USDT,2023-04-16 01:15:00+00:00,2023-04-16 06:10:00+00:00,0.0074393691414968,0.260505,exit_signal,bull,34.9821
8,AVAX/USDT,2023-04-15 13:35:00+00:00,2023-04-16 16:55:00+00:00,0.002687453391678744,0.092826,exit_signal,bull,34.506
8,LINK/USDT,2023-04-16 09:35:00+00:00,2023-04-16 16:55:00+00:00,0.0012507837723813686,0.0439,exit_signal,bull,35.06293
8,AAVE/USDT,2023-04-16 09:35:00+00:00,2023-04-16 19:00:00+00:00,0.006511150238312236,0.2284877,exit_signal,bull,35.0567
8,XRP/USDT,2023-04-16 20:05:00+00:00,2023-04-18 04:25:00+00:00,-0.011614517685051508,-0.40962712,exit_signal,bull,35.23331
8,ZEC/USDT,2023-04-16 20:05:00+00:00,2023-04-18 05:50:00+00:00,-0.001998001998001998,-0.0704718,exit_signal,bull,35.2359
8,TRX/USDT,2023-04-16 20:05:00+00:00,2023-04-18 09:30:00+00:00,0.0014751477245005197,0.05204475,exit_signal,bull,35.245797
8,ETH/USDT,2023-04-18 14:30:00+00:00,2023-04-18 23:40:00+00:00,0.0012355537252414237,0.04328456,exit_signal,bull,34.997522
8,PROM/USDT,2023-04-18 12:30:00+00:00,2023-04-19 01:10:00+00:00,-0.0037738062649094674,-0.1324752,exit_signal,bull,35.0688
8,BTC/USDT,2023-04-19 02:20:00+00:00,2023-04-19 14:05:00+00:00,-0.027108639443264176,-0.9494067,exit_signal,bull,34.9873052
8,BNB/USDT,2023-04-18 14:30:00+00:00,2023-04-19 14:10:00+00:00,-0.041066733441842994,-1.4352624,exit_signal,bull,34.9146
8,DOGE/USDT,2023-04-20 03:00:00+00:00,2023-04-20 04:25:00+00:00,0.019972012634013086,0.68533443,roi,bull,34.28046
8,TRX/USDT,2023-04-20 03:05:00+00:00,2023-04-20 04:30:00+00:00,0.00957833375415793,0.32157558,exit_signal,bull,33.539688
8,UNI/USDT,2023-04-19 04:25:00+00:00,2023-04-20 16:00:00+00:00,-0.10170339476862592,-3.56865555,stop_loss,bull,35.0538
8,NEAR/USDT,2023-04-20 11:10:00+00:00,2023-04-20 22:10:00+00:00,-0.0419366580371699,-1.4343708,exit_signal,bull,34.1691
8,ETH/USDT,2023-04-20 16:00:00+00:00,2023-04-20 22:10:00+00:00,0.001704912072929943,0.05379923,exit_signal,bull,31.523904
8,XRP/USDT,2023-04-20 07:45:00+00:00,2023-04-21 00:05:00+00:00,-0.03560894370389197,-1.23335784,exit_signal,bull,34.60158
8,ZEC/USDT,2023-04-21 06:55:00+00:00,2023-04-21 08:00:00+00:00,0.019292707292707295,0.6286056,roi,bull,32.55
8,DOGE/USDT,2023-04-21 11:15:00+00:00,2023-04-21 13:40:00+00:00,0.008645758076554962,0.28310632,exit_signal,bull,32.7124
8,AAVE/USDT,2023-04-21 06:40:00+00:00,2023-04-22 03:55:00+00:00,-0.03655485788449778,-1.1914969,exit_signal,bull,32.5622
8,BNB/USDT,2023-04-21 19:10:00+00:00,2023-04-22 04:35:00+00:00,0.006399023226695398,0.209661,exit_signal,bull,32.7318
8,UNI/USDT,2023-04-21 06:00:00+00:00,2023-04-22 06:00:00+00:00,-0.04073521349556699,-1.32719352,exit_signal,bull,32.54844
8,UNI/USDT,2023-04-22 08:55:00+00:00,2023-04-22 16:15:00+00:00,0.006911106747142455,0.22214205,exit_signal,bull,32.11065
8,ARB/USDT,2023-04-22 08:30:00+00:00,2023-04-22 22:15:00+00:00,0.0012171665472097306,0.039105,exit_signal,bull,32.0958
8,TRX/USDT,2023-04-22 14:05:00+00:00,2023-04-23 00:05:00+00:00,0.008675816162447178,0.27891388,exit_signal,bull,32.116315
8,SOL/USDT,2023-04-23 00:25:00+00:00,2023-04-23 04:55:00+00:00,0.0035132837709920084,0.11356012,exit_signal,bull,32.29078
8,LINK/USDT,2023-04-22 18:40:00+00:00,2023-04-23 22:40:00+00:00,-0.013472506181423738,-0.43378082,exit_signal,bull,32.16532
8,ZEC/USDT,2023-04-23 09:30:00+00:00,2023-04-23 23:05:00+00:00,-0.017923565795906222,-0.580156,exit_signal,bull,32.336
8,AAVE/USDT,2023-04-23 00:25:00+00:00,2023-04-23 23:35:00+00:00,-0.006244819010776458,-0.2018406,exit_signal,bull,32.289
8,ADA/USDT,2023-04-24 06:45:00+00:00,2023-04-24 11:35:00+00:00,0.0016058226014377677,0.05128936,exit_signal,bull,31.90771
8,ETH/USDT,2023-04-24 05:50:00+00:00,2023-04-24 12:00:00+00:00,-0.0029975517487590515,-0.0952877,exit_signal,bull,31.756752
8,SOL/USDT,2023-04-24 06:45:00+00:00,2023-04-24 12:00:00+00:00,0.012918422073022727,0.41279826,exit_signal,bull,31.92231
8,LINK/USDT,2023-04-24 15:50:00+00:00,2023-04-25 18:30:00+00:00,0.0030622898228532033,0.09815564,exit_signal,bull,32.021
8,TRX/USDT,2023-04-24 14:45:00+00:00,2023-04-25 20:05:00+00:00,-0.006379842622453349,-0.20470439,exit_signal,bull,32.054065
8,ADA/USDT,2023-04-24 15:50:00+00:00,2023-04-25 20:20:00+00:00,0.0018812490955533194,0.0603161,exit_signal,bull,32.0297
8,ETH/USDT,2023-04-26 07:25:00+00:00,2023-04-26 08:30:00+00:00,0.004695786355365754,0.15043361,exit_signal,bull,32.003868
8,AAVE/USDT,2023-04-26 06:35:00+00:00,2023-04-26 08:45:00+00:00,0.005080026356622101,0.162759,exit_signal,bull,32.007
8,AVAX/USDT,2023-04-26 03:50:00+00:00,2023-04-26 08:50:00+00:00,0.010005458459066707,0.3200121,exit_signal,bull,31.9518
8,ADA/USDT,2023-04-26 19:10:00+00:00,2023-04-26 22:25:00+00:00,-0.017093421338359126,-0.55126896,exit_signal,bull,32.21814
8,AAVE/USDT,2023-04-26 16:20:00+00:00,2023-04-27 00:25:00+00:00,-0.026673875574974474,-0.8611034,exit_signal,bull,32.2504
8,TRX/USDT,2023-04-26 19:10:00+00:00,2023-04-27 00:25:00+00:00,-0.012659774710363194,-0.40864029,exit_signal,bull,32.246392
8,ARB/USDT,2023-04-27 08:15:00+00:00,2023-04-27 15:20:00+00:00,0.020022021962513552,0.63302355,roi,bull_high_vol,31.58478
8,DOGE/USDT,2023-04-27 12:40:00+00:00,2023-04-27 15:25:00+00:00,0.015178443424457093,0.48024,exit_signal,bull_high_vol,31.608
8,ADA/USDT,2023-04-27 22:55:00+00:00,2023-04-28 04:40:00+00:00,0.006349370187008564,0.20332932,exit_signal,bull_high_vol,31.99155
8,BTC/USDT,2023-04-27 22:55:00+00:00,2023-04-28 19:05:00+00:00,0.0008675151436507312,0.02774747,exit_signal,bull_high_vol,31.9530448
8,ETH/USDT,2023-04-27 22:55:00+00:00,2023-04-28 19:05:00+00:00,-0.0008212429451237071,-0.02623656,exit_signal,bull_high_vol,31.915464
8,AAVE/USDT,2023-04-28 08:40:00+00:00,2023-04-28 19:05:00+00:00,0.005010438999203044,0.160695,exit_signal,bull,32.04
8,ADA/USDT,2023-04-28 23:25:00+00:00,2023-04-29 02:55:00+00:00,0.002949950396653421,0.09481952,exit_signal,bull,32.11064
8,BTC/USDT,2023-04-29 00:55:00+00:00,2023-04-29 02:55:00+00:00,0.0032728201658055946,0.10436876,exit_signal,bull,31.8576916
8,XRP/USDT,2023-04-29 05:30:00+00:00,2023-04-29 11:45:00+00:00,0.0027930741769188858,0.0900144,exit_signal,bull,32.19552
8,BNB/USDT,2023-04-29 01:15:00+00:00,2023-04-29 14:05:00+00:00,0.004514751873359705,0.1439757,exit_signal,bull,31.8582
8,TRX/USDT,2023-04-29 12:40:00+00:00,2023-04-29 19:40:00+00:00,0.0050112767043827685,0.1616683,exit_signal,bull,32.228672
8,ARB/USDT,2023-04-29 16:25:00+00:00,2023-04-30 05:15:00+00:00,-0.008264661740129029,-0.2662691,exit_signal,bull,32.1856
8,DOGE/USDT,2023-04-30 00:35:00+00:00,2023-04-30 06:00:00+00:00,0.003910248606844561,0.12630928,exit_signal,bull,32.26984
8,LINK/USDT,2023-04-30 08:20:00+00:00,2023-04-30 15:05:00+00:00,0.013761392324835586,0.44457325,exit_signal,bull,32.27356
8,SOL/USDT,2023-04-30 12:35:00+00:00,2023-04-30 15:05:00+00:00,0.013382165779426053,0.43245544,exit_signal,bull,32.28352
8,ETH/USDT,2023-04-30 19:10:00+00:00,2023-05-02 07:25:00+00:00,-0.04042130900076158,-1.31280188,exit_signal,bull,32.44552
8,PROM/USDT,2023-04-29 05:50:00+00:00,2023-05-02 08:05:00+00:00,-0.044337480701117066,-1.427985,exit_signal,bull,32.175
8,BTC/USDT,2023-04-30 19:10:00+00:00,2023-05-02 12:45:00+00:00,-0.04162825484850426,-1.34672441,exit_signal,bull,32.318891
8,DOGE/USDT,2023-05-02 09:25:00+00:00,2023-05-03 21:25:00+00:00,0.00822088445280561,0.25524718,exit_signal,bull_high_vol,31.01761
8,BNB/USDT,2023-05-02 20:55:00+00:00,2023-05-03 21:25:00+00:00,0.005709767526264283,0.1757595,exit_signal,bull_high_vol,30.7515
8,UNI/USDT,2023-05-02 09:10:00+00:00,2023-05-03 22:25:00+00:00,0.012877876840140991,0.40787637,exit_signal,bull_high_vol,31.641
8,PROM/USDT,2023-05-04 08:15:00+00:00,2023-05-04 21:00:00+00:00,-0.001998001998001998,-0.062976,exit_signal,sideways,31.488
8,XRP/USDT,2023-05-04 06:40:00+00:00,2023-05-04 23:30:00+00:00,-0.002646897965493544,-0.0833745,exit_signal,sideways,31.46748
8,AAVE/USDT,2023-05-04 12:45:00+00:00,2023-05-05 01:35:00+00:00,0.00505003471105166,0.1592655,exit_signal,sideways,31.506
8,PROM/USDT,2023-05-05 05:25:00+00:00,2023-05-05 07:30:00+00:00,4.2901883392680934e-05,0.0013524,exit_signal,sideways,31.4916
8,SOL/USDT,2023-05-05 05:25:00+00:00,2023-05-05 12:05:00+00:00,0.012712299216214463,0.40085326,exit_signal,sideways,31.50121
8,NEAR/USDT,2023-05-05 03:55:00+00:00,2023-05-05 14:55:00+00:00,0.009915206876682731,0.310964,exit_signal,sideways,31.331
8,BTC/USDT,2023-05-05 07:45:00+00:00,2023-05-05 16:05:00+00:00,0.014854750273683485,0.46674478,exit_signal,sideways,31.3891848
8,DOGE/USDT,2023-05-05 12:35:00+00:00,2023-05-05 16:20:00+00:00,0.015793748383205866,0.49923135,exit_signal,sideways,31.57785
8,SUI/USDT,2023-05-05 15:10:00+00:00,2023-05-06 00:50:00+00:00,0.02001787605169619,0.63609092,roi,sideways,31.7444
8,LINK/USDT,2023-05-06 01:50:00+00:00,2023-05-06 18:45:00+00:00,-0.02914788894141573,-0.9411345,exit_signal,sideways_high_vol,32.256
8,ARB/USDT,2023-05-06 01:30:00+00:00,2023-05-07 05:35:00+00:00,-0.07223883072798556,-2.32998559,exit_signal,sideways_high_vol,32.2217
8,UNI/USDT,2023-05-06 01:50:00+00:00,2023-05-07 06:25:00+00:00,-0.04265533488781723,-1.37719464,exit_signal,sideways_high_vol,32.25432
8,TRX/USDT,2023-05-07 03:50:00+00:00,2023-05-07 10:40:00+00:00,0.0052814749770884436,0.16608375,exit_signal,sideways,31.415056
8,PEPE/USDT,2023-05-07 16:45:00+00:00,2023-05-07 17:15:00+00:00,0.02017982033747571,0.6220773,roi,sideways,30.7959057
8,UNI/USDT,2023-05-07 21:55:00+00:00,2023-05-08 13:20:00+00:00,-0.035089251366568625,-1.0888096,exit_signal,sideways,30.99872
8,PROM/USDT,2023-05-07 15:50:00+00:00,2023-05-08 18:10:00+00:00,-0.10056610056610057,-3.0968892,stop_loss,sideways,30.7638
8,TRX/USDT,2023-05-07 13:10:00+00:00,2023-05-08 23:00:00+00:00,-0.02101982285793931,-0.6479299,exit_signal,sideways,30.793914
8,ADA/USDT,2023-05-08 17:05:00+00:00,2023-05-09 01:10:00+00:00,-0.0003708248273465665,-0.0112695,exit_signal,sideways_high_vol,30.36
8,TRX/USDT,2023-05-09 02:35:00+00:00,2023-05-09 05:20:00+00:00,0.006962569472523503,0.20488778,exit_signal,sideways,29.397638
8,PEPE/USDT,2023-05-09 15:10:00+00:00,2023-05-09 17:00:00+00:00,0.019464406460839922,0.57418942,roi,sideways,29.46998694
8,SUI/USDT,2023-05-09 22:10:00+00:00,2023-05-09 23:05:00+00:00,0.019997009498094097,0.59288872,roi,sideways,29.61925
8,AAVE/USDT,2023-05-09 14:15:00+00:00,2023-05-09 23:50:00+00:00,0.008951863183838105,0.2635537,exit_signal,sideways,29.4118
8,BTC/USDT,2023-05-09 14:10:00+00:00,2023-05-10 00:20:00+00:00,0.006052703040004505,0.17816829,exit_signal,sideways,29.4067458
8,BTC/USDT,2023-05-10 06:05:00+00:00,2023-05-10 12:20:00+00:00,0.0026329250014327996,0.07857944,exit_signal,sideways_high_vol,29.8151064
8,ZEC/USDT,2023-05-10 03:00:00+00:00,2023-05-10 12:30:00+00:00,0.0192360830658703,0.5771185,roi,sideways_high_vol,29.9719
8,PROM/USDT,2023-05-10 03:35:00+00:00,2023-05-10 12:35:00+00:00,0.004791127240106832,0.14382,exit_signal,sideways_high_vol,29.988
8,XRP/USDT,2023-05-10 17:15:00+00:00,2023-05-10 20:20:00+00:00,0.013240459329254254,0.4005891,exit_signal,sideways_high_vol,30.2247
8,NEAR/USDT,2023-05-11 00:25:00+00:00,2023-05-11 20:50:00+00:00,-0.02874105188356102,-0.87394,exit_signal,sideways,30.377
8,DOGE/USDT,2023-05-12 02:35:00+00:00,2023-05-12 10:10:00+00:00,0.006434630008774495,0.19301436,exit_signal,sideways_high_vol,29.96622
8,PEPE/USDT,2023-05-12 14:55:00+00:00,2023-05-12 15:05:00+00:00,0.023374930202270973,0.70595722,roi,sideways_high_vol,30.17129728
8,ETH/USDT,2023-05-10 17:15:00+00:00,2023-05-12 20:00:00+00:00,-0.036978805523162656,-1.11923983,exit_signal,sideways_high_vol,30.236826
8,XRP/USDT,2023-05-12 16:10:00+00:00,2023-05-12 20:55:00+00:00,0.008395391590657863,0.25528814,exit_signal,sideways_high_vol,30.37775
8,BTC/USDT,2023-05-10 17:15:00+00:00,2023-05-12 21:15:00+00:00,-0.045118429242198714,-1.35980859,exit_signal,sideways_high_vol,30.1085424
8,NEAR/USDT,2023-05-13 00:45:00+00:00,2023-05-13 17:40:00+00:00,0.0077803396848099855,0.2301958,exit_signal,bull,29.5573
8,PEPE/USDT,2023-05-13 17:40:00+00:00,2023-05-13 18:45:00+00:00,0.020429009166187815,0.60831578,roi,bull,29.74731016
8,ZEC/USDT,2023-05-13 04:55:00+00:00,2023-05-13 18:50:00+00:00,0.00721432413740106,0.2140464,exit_signal,bull,29.64
8,ETH/USDT,2023-05-13 04:55:00+00:00,2023-05-14 03:45:00+00:00,0.00022035959400634435,0.00650982,exit_signal,bull,29.512292
8,BTC/USDT,2023-05-13 23:45:00+00:00,2023-05-14 03:50:00+00:00,0.0010764778411893733,0.03231213,exit_signal,bull,29.986544
8,PROM/USDT,2023-05-13 23:55:00+00:00,2023-05-14 04:35:00+00:00,0.0003557762991725256,0.0106757,exit_signal,bull,29.9768
8,ADA/USDT,2023-05-14 08:05:00+00:00,2023-05-14 14:45:00+00:00,0.00534424703362033,0.16059794,exit_signal,bull,30.0206
8,PROM/USDT,2023-05-14 09:25:00+00:00,2023-05-14 15:05:00+00:00,0.00036134078687270174,0.010863,exit_signal,bull,30.033
8,TRX/USDT,2023-05-14 05:35:00+00:00,2023-05-14 22:25:00+00:00,-0.001998001998001998,-0.06006924,exit_signal,bull,30.03462
8,SUI/USDT,2023-05-15 00:40:00+00:00,2023-05-15 01:25:00+00:00,0.020008949605123887,0.60160422,roi,bull,30.03672
8,NEAR/USDT,2023-05-14 18:20:00+00:00,2023-05-15 01:40:00+00:00,0.011300631530795068,0.3399032,exit_signal,bull,30.0482
8,DOGE/USDT,2023-05-14 18:10:00+00:00,2023-05-15 01:45:00+00:00,0.006063852581958431,0.18260858,exit_signal,bull,30.0842
8,DOGE/USDT,2023-05-15 10:40:00+00:00,2023-05-16 05:00:00+00:00,-0.012164872572361558,-0.37062226,exit_signal,bull,30.43616
8,ADA/USDT,2023-05-15 11:50:00+00:00,2023-05-16 05:10:00+00:00,-0.00929847719335663,-0.2830852,exit_signal,bull,30.41384
8,XRP/USDT,2023-05-15 07:30:00+00:00,2023-05-16 19:15:00+00:00,-0.003405621177130345,-0.1036893,exit_signal,bull,30.4161
8,NEAR/USDT,2023-05-16 10:55:00+00:00,2023-05-16 21:30:00+00:00,0.004050494959585868,0.122427,exit_signal,bull,30.195
8,DOGE/USDT,2023-05-16 20:00:00+00:00,2023-05-16 21:35:00+00:00,0.006194862602264857,0.1871814,exit_signal,bull,30.1854
8,LINK/USDT,2023-05-16 14:00:00+00:00,2023-05-17 01:35:00+00:00,0.014466689659666805,0.43533035,exit_signal,bull,30.06185
8,DOGE/USDT,2023-05-17 05:20:00+00:00,2023-05-17 09:35:00+00:00,0.007462382376518933,0.22727914,exit_signal,bull,30.42622
8,SUI/USDT,2023-05-17 05:20:00+00:00,2023-05-17 15:55:00+00:00,-0.014122940714316485,-0.4296084,exit_signal,bull,30.3888
8,LINK/USDT,2023-05-17 05:35:00+00:00,2023-05-17 17:50:00+00:00,0.00040140175376839537,0.01222018,exit_signal,bull,30.41335
8,PROM/USDT,2023-05-18 02:25:00+00:00,2023-05-18 05:10:00+00:00,0.0072641975194179375,0.2206336,exit_signal,bull,30.3424
8,DOGE/USDT,2023-05-18 04:50:00+00:00,2023-05-18 11:30:00+00:00,-0.0009232926180025387,-0.02801328,exit_signal,bull,30.31032
8,LINK/USDT,2023-05-18 05:50:00+00:00,2023-05-18 21:40:00+00:00,-0.02475084146966132,-0.75319857,exit_signal,bull,30.40083
8,PROM/USDT,2023-05-18 12:25:00+00:00,2023-05-18 21:50:00+00:00,-0.011175031864687036,-0.3401334,exit_signal,bull,30.4065
8,ZEC/USDT,2023-05-19 02:40:00+00:00,2023-05-19 04:45:00+00:00,0.006966087804411157,0.20961,exit_signal,bull,30.06
8,XRP/USDT,2023-05-19 07:40:00+00:00,2023-05-19 14:50:00+00:00,0.019943269616756774,0.60162416,roi,bull,30.13664
8,UNI/USDT,2023-05-18 05:50:00+00:00,2023-05-19 15:25:00+00:00,-0.0021840228736780464,-0.06650343,exit_signal,bull,30.41955
8,ETH/USDT,2023-05-19 19:30:00+00:00,2023-05-20 08:35:00+00:00,9.760960018659563e-05,0.00295289,exit_signal,bull,30.221823
8,ARB/USDT,2023-05-20 13:25:00+00:00,2023-05-20 17:45:00+00:00,0.009862361788107798,0.29931241,exit_signal,bull,30.31864
8,SUI/USDT,2023-05-19 07:45:00+00:00,2023-05-21 00:50:00+00:00,-0.0017338405374403257,-0.05173473,exit_signal,bull,29.80842
8,PROM/USDT,2023-05-19 18:35:00+00:00,2023-05-21 23:20:00+00:00,-0.03602079738443374,-1.0930985,exit_signal,bull,30.316
8,TRX/USDT,2023-05-22 00:45:00+00:00,2023-05-22 05:15:00+00:00,0.004035056829253498,0.11846398,exit_signal,bull,29.32936
8,UNI/USDT,2023-05-21 01:55:00+00:00,2023-05-22 06:00:00+00:00,-0.029319729699957834,-0.89229328,exit_signal,bull,30.4028
8,SOL/USDT,2023-05-21 03:10:00+00:00,2023-05-22 06:20:00+00:00,-0.027157716233346486,-0.82657485,exit_signal,bull,30.40569
8,AVAX/USDT,2023-05-22 13:00:00+00:00,2023-05-22 13:50:00+00:00,0.00904489701170199,0.2670768,exit_signal,bull,29.4984
8,UNI/USDT,2023-05-22 13:05:00+00:00,2023-05-23 01:55:00+00:00,0.0027049330014183737,0.0798441,exit_signal,bull,29.48847
8,NEAR/USDT,2023-05-23 00:20:00+00:00,2023-05-23 03:05:00+00:00,0.012294679168900837,0.363676,exit_signal,bull,29.5504
8,PROM/USDT,2023-05-23 01:00:00+00:00,2023-05-23 03:25:00+00:00,0.012091437973790916,0.3580224,exit_signal,bull,29.58
8,TRX/USDT,2023-05-23 08:10:00+00:00,2023-05-23 16:05:00+00:00,0.0004320938576993941,0.0129195,exit_signal,bull,29.869884
8,PROM/USDT,2023-05-23 07:45:00+00:00,2023-05-24 10:10:00+00:00,-0.011325123474656185,-0.3381844,exit_signal,bull,29.8316
8,UNI/USDT,2023-05-23 07:35:00+00:00,2023-05-24 19:35:00+00:00,-0.031305030130402096,-0.93478544,exit_signal,bull,29.83072
8,BNB/USDT,2023-05-23 18:50:00+00:00,2023-05-24 20:35:00+00:00,-0.020852346500761485,-0.6192765,exit_signal,bull,29.6685
8,SUI/USDT,2023-05-25 00:45:00+00:00,2023-05-25 09:35:00+00:00,0.011551408483733077,0.33806013,exit_signal,bull,29.23647
8,XRP/USDT,2023-05-25 00:45:00+00:00,2023-05-25 12:00:00+00:00,0.003777215439801685,0.11059188,exit_signal,bull,29.24943
8,LINK/USDT,2023-05-25 00:40:00+00:00,2023-05-25 12:10:00+00:00,0.003393174985167359,0.09919392,exit_signal,bull,29.20416
8,AVAX/USDT,2023-05-25 15:50:00+00:00,2023-05-25 19:10:00+00:00,0.00938334651805785,0.2754202,exit_signal,bull,29.3227
8,AAVE/USDT,2023-05-25 11:40:00+00:00,2023-05-25 19:15:00+00:00,0.009055817600121398,0.2658256,exit_signal,bull,29.3248
8,LINK/USDT,2023-05-25 15:45:00+00:00,2023-05-25 19:15:00+00:00,0.008849845806367546,0.260474,exit_signal,bull,29.4032
8,PROM/USDT,2023-05-25 21:30:00+00:00,2023-05-26 01:35:00+00:00,0.009882974168688455,0.2937585,exit_signal,bull,29.694
8,PEPE/USDT,2023-05-26 05:50:00+00:00,2023-05-26 07:35:00+00:00,0.019387755072197876,0.57819708,roi,bull,29.7930038
8,NEAR/USDT,2023-05-25 21:15:00+00:00,2023-05-26 08:55:00+00:00,-0.0026381572244304763,-0.078223,exit_signal,bull,29.621
8,ZEC/USDT,2023-05-25 21:50:00+00:00,2023-05-26 13:05:00+00:00,0.007567512359844628,0.2247708,exit_signal,bull,29.6724
8,BTC/USDT,2023-05-26 12:40:00+00:00,2023-05-26 14:10:00+00:00,0.007864681363093356,0.23460524,exit_signal,bull,29.8004278
8,LINK/USDT,2023-05-26 12:40:00+00:00,2023-05-26 15:05:00+00:00,0.01994659260433639,0.5977287,roi,bull,29.93652
8,SOL/USDT,2023-05-26 17:45:00+00:00,2023-05-27 02:55:00+00:00,0.004194357865505745,0.1272404,exit_signal,bull,30.30578
8,UNI/USDT,2023-05-26 17:35:00+00:00,2023-05-27 03:15:00+00:00,0.0018172973907380346,0.05505969,exit_signal,bull,30.2673
8,SUI/USDT,2023-05-26 17:45:00+00:00,2023-05-27 05:10:00+00:00,0.020033839578143375,0.60597792,roi,bull,30.2175
8,BTC/USDT,2023-05-27 08:20:00+00:00,2023-05-27 13:25:00+00:00,0.00083601225235414,0.02545866,exit_signal,bull,30.4220742
8,ETH/USDT,2023-05-27 08:10:00+00:00,2023-05-27 18:40:00+00:00,-0.0020853634852678964,-0.06371818,exit_signal,bull,30.524427
8,AVAX/USDT,2023-05-27 10:40:00+00:00,2023-05-27 21:25:00+00:00,0.011271443741702664,0.3434199,exit_signal,bull,30.4377
8,UNI/USDT,2023-05-28 05:45:00+00:00,2023-05-28 11:05:00+00:00,0.00017071036430973215,0.00523325,exit_signal,bull,30.6251
8,ARB/USDT,2023-05-28 14:05:00+00:00,2023-05-28 17:45:00+00:00,0.012101171816931905,0.37086469,exit_signal,bull,30.61639
8,XRP/USDT,2023-05-27 14:00:00+00:00,2023-05-28 17:50:00+00:00,0.008634876736304394,0.26407164,exit_signal,bull,30.55143
8,TRX/USDT,2023-05-28 05:35:00+00:00,2023-05-28 22:05:00+00:00,0.0027857876986991706,0.08551882,exit_signal,bull,30.667587
8,NEAR/USDT,2023-05-29 02:45:00+00:00,2023-05-30 02:30:00+00:00,-0.006226824023434193,-0.1925539,exit_signal,bull,30.8924
8,ADA/USDT,2023-05-29 03:20:00+00:00,2023-05-30 03:20:00+00:00,0.0024550252896709587,0.07593393,exit_signal,bull,30.8991
8,AAVE/USDT,2023-05-29 03:15:00+00:00,2023-05-30 09:20:00+00:00,-0.015129607234870392,-0.4671909,exit_signal,bull,30.8484
8,NEAR/USDT,2023-05-30 05:15:00+00:00,2023-05-30 09:25:00+00:00,0.004766028795603657,0.147117,exit_signal,bull,30.837
8,LINK/USDT,2023-05-30 04:35:00+00:00,2023-05-30 10:35:00+00:00,-3.134655249252794e-05,-0.00096669,exit_signal,bull,30.80799
8,ADA/USDT,2023-05-30 12:35:00+00:00,2023-05-31 04:20:00+00:00,0.0008962827312418665,0.02759833,exit_signal,bull,30.76123
8,TRX/USDT,2023-05-30 12:35:00+00:00,2023-05-31 16:25:00+00:00,-0.011667044530058152,-0.35921645,exit_signal,bull,30.758226
8,ADA/USDT,2023-05-31 04:50:00+00:00,2023-05-31 19:55:00+00:00,-0.001998001998001998,-0.06148088,exit_signal,bull,30.74044
8,SUI/USDT,2023-05-31 21:30:00+00:00,2023-05-31 22:20:00+00:00,0.014758523362131664,0.45048198,exit_signal,bull,30.49302
8,UNI/USDT,2023-05-30 12:45:00+00:00,2023-06-01 00:00:00+00:00,-0.028683581483426472,-0.88317664,exit_signal,bull,30.75956
8,ADA/USDT,2023-05-31 23:25:00+00:00,2023-06-01 11:35:00+00:00,-0.02736188370217263,-0.84259563,exit_signal,bull,30.76374
8,TRX/USDT,2023-05-31 21:05:00+00:00,2023-06-01 12:00:00+00:00,-0.009657670699482023,-0.29609597,exit_signal,bull,30.628521
8,XRP/USDT,2023-06-01 00:35:00+00:00,2023-06-01 18:35:00+00:00,-0.005319465186340676,-0.15993012,exit_signal,bull,30.03504
8,PROM/USDT,2023-06-01 15:05:00+00:00,2023-06-02 02:15:00+00:00,-0.006694481988599635,-0.2016384,exit_signal,bull,30.09
8,DOGE/USDT,2023-06-01 13:50:00+00:00,2023-06-02 02:25:00+00:00,0.00358210422510115,0.1077384,exit_signal,bull,30.0468
8,BTC/USDT,2023-06-01 19:35:00+00:00,2023-06-02 02:25:00+00:00,0.0067051270014877986,0.2009272,exit_signal,bull,29.9362672
8,TRX/USDT,2023-06-02 14:00:00+00:00,2023-06-02 18:45:00+00:00,0.0046859247785796445,0.14116149,exit_signal,bull,30.09448
8,BNB/USDT,2023-06-02 14:25:00+00:00,2023-06-02 18:50:00+00:00,0.0068425668819369605,0.2045946,exit_signal,bull,29.8704
8,AAVE/USDT,2023-06-02 14:00:00+00:00,2023-06-02 19:00:00+00:00,0.010575251520133411,0.3179506,exit_signal,bull,30.0355
8,BNB/USDT,2023-06-02 21:45:00+00:00,2023-06-03 06:40:00+00:00,-0.002973566023419396,-0.089523,exit_signal,bull,30.0762
8,UNI/USDT,2023-06-02 21:15:00+00:00,2023-06-03 07:10:00+00:00,-0.00101241835391549,-0.03068338,exit_signal,bull,30.27674
8,AAVE/USDT,2023-06-03 15:15:00+00:00,2023-06-03 22:50:00+00:00,-0.008264890525487073,-0.250325,exit_signal,sideways,30.2575
8,TRX/USDT,2023-06-03 13:50:00+00:00,2023-06-03 23:05:00+00:00,-0.02409135721334296,-0.73003265,exit_signal,sideways,30.272406
8,AVAX/USDT,2023-06-02 21:25:00+00:00,2023-06-04 01:40:00+00:00,0.012566307910296792,0.380121,exit_signal,bull,30.219
8,UNI/USDT,2023-06-04 05:55:00+00:00,2023-06-04 07:15:00+00:00,0.003299040255989342,0.09928209,exit_signal,sideways,30.06417
8,NEAR/USDT,2023-06-04 05:50:00+00:00,2023-06-04 07:30:00+00:00,0.008474858474858476,0.2542455,exit_signal,sideways,29.97
8,PROM/USDT,2023-06-04 04:35:00+00:00,2023-06-04 08:50:00+00:00,-0.001998001998001998,-0.0600814,exit_signal,sideways,30.0407
8,UNI/USDT,2023-06-04 14:00:00+00:00,2023-06-04 18:45:00+00:00,-0.011017273492715536,-0.33231328,exit_signal,sideways,30.1328
8,BNB/USDT,2023-06-04 12:15:00+00:00,2023-06-04 20:50:00+00:00,-0.002974520587045049,-0.0894642,exit_signal,sideways,30.0468
8,AVAX/USDT,2023-06-04 21:50:00+00:00,2023-06-05 08:20:00+00:00,0.0007011244333759546,0.0209676,exit_signal,sideways,29.8758
8,SOL/USDT,2023-06-04 21:45:00+00:00,2023-06-05 16:00:00+00:00,-0.10170755674842868,-3.05786976,stop_loss,sideways,30.03528
8,NEAR/USDT,2023-06-05 16:00:00+00:00,2023-06-05 23:30:00+00:00,-0.005309222960185136,-0.1433611,exit_signal,sideways,26.9753
8,TRX/USDT,2023-06-05 15:15:00+00:00,2023-06-05 23:45:00+00:00,-0.03240153022465698,-0.97061622,exit_signal,sideways,29.92595
8,LINK/USDT,2023-06-04 12:30:00+00:00,2023-06-06 04:25:00+00:00,-0.06536565550932923,-1.9736731,exit_signal,sideways,30.16418
8,PROM/USDT,2023-06-06 08:05:00+00:00,2023-06-06 08:45:00+00:00,0.0052690028418183755,0.1475467,exit_signal,bull,27.9748
8,TRX/USDT,2023-06-06 06:35:00+00:00,2023-06-06 09:30:00+00:00,0.005253255241877203,0.14731446,exit_signal,bull,28.014495
8,BTC/USDT,2023-06-06 11:45:00+00:00,2023-06-06 14:05:00+00:00,0.008319676548611647,0.23298906,exit_signal,bull,27.9766049
8,SOL/USDT,2023-06-06 11:25:00+00:00,2023-06-06 19:25:00+00:00,0.020046218841399566,0.56400492,roi,bull,28.10712
8,TRX/USDT,2023-06-06 11:15:00+00:00,2023-06-06 20:05:00+00:00,-0.006063700638261423,-0.17059188,exit_signal,bull,28.10519
8,SUI/USDT,2023-06-07 00:20:00+00:00,2023-06-08 01:15:00+00:00,-0.0529364148703194,-1.49791358,exit_signal,bull,28.2682
8,ADA/USDT,2023-06-07 01:10:00+00:00,2023-06-08 02:55:00+00:00,-0.06639446014266777,-1.88180188,exit_signal,bull,28.31444
8,TRX/USDT,2023-06-08 15:40:00+00:00,2023-06-08 20:25:00+00:00,0.008089357989779057,0.21133442,exit_signal,bull,26.098894
8,SUI/USDT,2023-06-08 05:55:00+00:00,2023-06-08 20:35:00+00:00,-0.025185903205705185,-0.68559666,exit_signal,bull,27.19425
8,BNB/USDT,2023-06-08 23:25:00+00:00,2023-06-09 12:10:00+00:00,-0.00047317083222354417,-0.012152,exit_signal,bull,25.6564
8,DOGE/USDT,2023-06-08 21:50:00+00:00,2023-06-09 12:30:00+00:00,0.01008827238335435,0.27282024,exit_signal,bull,27.01629
8,SOL/USDT,2023-06-09 15:50:00+00:00,2023-06-10 01:00:00+00:00,-0.10169157765311612,-2.76117093,stop_loss,bull,27.12528
8,ADA/USDT,2023-06-09 15:55:00+00:00,2023-06-10 03:25:00+00:00,-0.10160603196546715,-2.63995193,stop_loss,bull,25.95628
8,ZEC/USDT,2023-06-07 00:20:00+00:00,2023-06-10 04:20:00+00:00,-0.1017982017982018,-2.884789,stop_loss,bull,28.31
8,DOGE/USDT,2023-06-10 03:40:00+00:00,2023-06-10 04:20:00+00:00,-0.101680755255336,-2.37327531,stop_loss,bull,23.31714
8,DOGE/USDT,2023-06-10 04:25:00+00:00,2023-06-10 04:25:00+00:00,-0.10178162644530357,-2.4046848,stop_loss,bull,23.60232
8,XRP/USDT,2023-06-10 02:40:00+00:00,2023-06-10 05:50:00+00:00,-0.10174142186279489,-2.48102778,stop_loss,bull,24.36126
8,SUI/USDT,2023-06-11 00:50:00+00:00,2023-06-11 05:35:00+00:00,0.020027790300319977,0.44005502,roi,bull,21.95027
8,ADA/USDT,2023-06-11 01:00:00+00:00,2023-06-11 10:30:00+00:00,0.009615384615384616,0.21153825,exit_signal,bull,21.978
8,PROM/USDT,2023-06-11 11:15:00+00:00,2023-06-11 16:45:00+00:00,0.0006492181558494556,0.0144305,exit_signal,bull,22.2053
8,TRX/USDT,2023-06-11 02:05:00+00:00,2023-06-11 17:10:00+00:00,0.013713982628556342,0.3020096,exit_signal,bull,22.00002
8,PROM/USDT,2023-06-11 21:35:00+00:00,2023-06-12 02:15:00+00:00,-0.00463821892393321,-0.103545,exit_signal,bull,22.302
8,AAVE/USDT,2023-06-11 21:40:00+00:00,2023-06-12 06:35:00+00:00,-0.005807169929307334,-0.1297596,exit_signal,bull,22.3224
8,ETH/USDT,2023-06-11 08:45:00+00:00,2023-06-12 08:30:00+00:00,-0.003583834610140601,-0.07908088,exit_signal,bull,22.043952
8,BTC/USDT,2023-06-12 02:25:00+00:00,2023-06-12 08:30:00+00:00,0.005176122800837652,0.11465088,exit_signal,bull,22.1278258
8,PROM/USDT,2023-06-12 12:35:00+00:00,2023-06-12 20:25:00+00:00,-0.007320679320679321,-0.1629564,exit_signal,bull,22.2375
8,SOL/USDT,2023-06-12 13:25:00+00:00,2023-06-12 22:05:00+00:00,0.001271991442371521,0.02832894,exit_signal,bull,22.24908
8,BTC/USDT,2023-06-12 13:35:00+00:00,2023-06-13 02:40:00+00:00,0.007930796091011494,0.17641497,exit_signal,bull,22.2220732
8,ETH/USDT,2023-06-13 00:55:00+00:00,2023-06-13 02:40:00+00:00,0.010596902541283584,0.23496986,exit_signal,bull,22.151296
8,XRP/USDT,2023-06-13 01:05:00+00:00,2023-06-13 05:55:00+00:00,0.020077441312294168,0.44615949,roi,bull,22.19973
8,XRP/USDT,2023-06-13 13:25:00+00:00,2023-06-13 20:40:00+00:00,-0.014829186695323961,-0.3336675,exit_signal,bull,22.47825
8,PROM/USDT,2023-06-13 23:00:00+00:00,2023-06-14 00:45:00+00:00,0.005943658463552362,0.1318884,exit_signal,bull,22.1676
8,PROM/USDT,2023-06-14 03:00:00+00:00,2023-06-14 04:15:00+00:00,0.0006352486563568359,0.0141708,exit_signal,bull,22.2852
8,PROM/USDT,2023-06-14 05:15:00+00:00,2023-06-14 06:20:00+00:00,0.0059017499650745025,0.1318771,exit_signal,bull,22.3231
8,SUI/USDT,2023-06-14 07:10:00+00:00,2023-06-14 11:15:00+00:00,0.01070888719066679,0.24025016,exit_signal,bull,22.41224
8,ADA/USDT,2023-06-13 14:15:00+00:00,2023-06-14 12:30:00+00:00,0.0045272562526467355,0.10192892,exit_signal,bull,22.49201
8,PROM/USDT,2023-06-14 11:20:00+00:00,2023-06-15 00:00:00+00:00,-0.02038224932961775,-0.4597529,exit_signal,bull,22.534
8,BNB/USDT,2023-06-14 13:45:00+00:00,2023-06-15 00:35:00+00:00,-0.02754620430361999,-0.6175169,exit_signal,bull,22.3951
8,ZEC/USDT,2023-06-13 10:05:00+00:00,2023-06-15 13:35:00+00:00,-0.02557285234450589,-0.575427,exit_signal,bull,22.479
8,UNI/USDT,2023-06-15 07:05:00+00:00,2023-06-15 18:55:00+00:00,-0.014610981435625985,-0.32467806,exit_signal,bull,22.19931
8,XRP/USDT,2023-06-15 15:50:00+00:00,2023-06-15 18:55:00+00:00,0.013576048582375029,0.29772204,exit_signal,bull,21.90804
8,TRX/USDT,2023-06-15 08:05:00+00:00,2023-06-15 19:05:00+00:00,-0.0046615838569107285,-0.10277959,exit_signal,bull,22.026186
8,DOGE/USDT,2023-06-16 00:20:00+00:00,2023-06-16 01:45:00+00:00,0.006302406008863935,0.1384923,exit_signal,bull_high_vol,21.95256
8,AAVE/USDT,2023-06-16 00:25:00+00:00,2023-06-16 16:20:00+00:00,0.008022098383544167,0.1763559,exit_signal,bull_high_vol,21.9618
8,TRX/USDT,2023-06-16 04:50:00+00:00,2023-06-16 16:20:00+00:00,-0.011583332012939145,-0.25563449,exit_signal,bull_high_vol,22.04712
8,LINK/USDT,2023-06-15 23:25:00+00:00,2023-06-16 18:00:00+00:00,0.00460628424326666,0.10144992,exit_signal,bull,22.00224
8,BNB/USDT,2023-06-17 00:35:00+00:00,2023-06-17 02:45:00+00:00,0.00808707082391293,0.1768792,exit_signal,bull_high_vol,21.85
8,NEAR/USDT,2023-06-16 21:35:00+00:00,2023-06-17 05:40:00+00:00,0.02021638707541428,0.4443007,roi,bull_high_vol,21.9553
8,LINK/USDT,2023-06-17 04:05:00+00:00,2023-06-17 05:40:00+00:00,0.020048890359307424,0.44365822,roi,bull_high_vol,22.10671
8,DOGE/USDT,2023-06-16 21:45:00+00:00,2023-06-17 05:45:00+00:00,0.015930177606824313,0.35077036,exit_signal,bull_high_vol,21.99724
8,ETH/USDT,2023-06-17 11:40:00+00:00,2023-06-18 05:25:00+00:00,-0.003559757473468188,-0.07989718,exit_signal,bull_high_vol,22.422135
8,SOL/USDT,2023-06-17 11:40:00+00:00,2023-06-18 07:20:00+00:00,-0.005170290612121509,-0.11649771,exit_signal,bull_high_vol,22.50963
8,UNI/USDT,2023-06-17 11:30:00+00:00,2023-06-18 12:10:00+00:00,-0.01629230144855145,-0.366732,exit_signal,bull_high_vol,22.48704
8,TRX/USDT,2023-06-18 07:25:00+00:00,2023-06-19 00:00:00+00:00,-0.017679290406563134,-0.3973536,force_exit,bull,22.4532
8,UNI/USDT,2023-06-18 20:05:00+00:00,2023-06-19 00:00:00+00:00,-0.016273998888435507,-0.36345293,force_exit,bull,22.31104
8,NEAR/USDT,2023-06-18 18:25:00+00:00,2023-06-19 00:00:00+00:00,-0.0170951659805163,-0.3804261,force_exit,bull,22.2312
